키,지역코드,읍면동,시군,연도,총인구,청년수,유소년수,고령수,가임여성수,청년비율,유소년비율,고령화율,가임여성비율,log인구,인구증감률_전년,청년증감률_전년,순이동,전년인구,연앙인구,순이동률,어린이집수,의료기관수_합계,학교수_합계,문화기반시설수_합계,버스정류장수,도로중심선연장_km,상가_소매업수,상가_음식업수,상가_교육업수,상가_보건의료업수,상가수_합계,사업체수,종사자수,제조업종사자,일자리대인구,제조업비중,천명당_어린이집,천명당_의료,천명당_학교,천명당_문화,천명당_소매,천명당_학원,천명당_버스,문화시설_없음,의료기관_없음,어린이집수_전년증감률,의료기관수_합계_전년증감률,상가_소매업수_전년증감률,타깃_다음해_순이동률,시군_key,읍면동_key,병합키,병합키_최종,읍면동_gis,의료_평균접근거리,응급의료_평균접근거리,산업거점_평균접근거리,교통거점_평균접근거리,문화시설_평균접근거리,교육시설_평균접근거리,상업시설_평균접근거리,3분이내_의료시설수,5분이내_의료시설수,10분이내_의료시설수,20분이내_의료시설수,3분이내_문화시설수,5분이내_문화시설수,10분이내_문화시설수,20분이내_문화시설수,3분이내_교육기관수,5분이내_교육기관수,10분이내_교육기관수,20분이내_교육기관수,최근접_응급시설거리,최근접_산업거점거리,시군_key_gis,읍면동_key_gis,병합키_gis
가경동,4311374700,가경동,청주시,2017,51545.0,14147.0,7818.0,3910.0,7016.0,27.445921039868075,15.167329517896984,7.585604811329906,13.611407508002715,10.850210491530484,-1.6710860151466056,-2.353672004417451,-1012.0,52421.0,51983.0,-1.9467902968278088,61.0,8.0,15.0,1.0,52.0,62.357,684.0,717.0,145.0,80.0,2294.0,3207.0,13916.0,178.0,26.99776893976137,1.2791031905720036,1.183431952662722,0.1552041905131438,0.2910078572121447,0.0194005238141429,13.2699582888738,2.8130759530507325,1.008827238335435,0,0,-1.6129032258064502,0.0,15.15151515151516,-3.2207260414205843,청주시,가경동,"('청주시', '가경동')","('청주시', '가경동')",가경동,960.7,960.7,544.8,251.7,590.3,387.8,60.1,5.0,15.0,33.0,59.0,1.0,4.0,18.0,33.0,10.0,22.0,65.0,169.0,826.4,4.5,청주시,가경동,"('청주시', '가경동')"
가경동,4311374700,가경동,청주시,2018,50047.0,13516.0,7306.0,4156.0,6618.0,27.00661378304393,14.598277619038106,8.30419405758587,13.223569844346311,10.82071784288695,-2.9061984673586228,-4.4603096062769465,-1636.0,51545.0,50796.0,-3.2207260414205843,55.0,8.0,15.0,1.0,52.0,62.357,683.0,724.0,158.0,81.0,2356.0,3236.0,13456.0,196.0,26.88672647711152,1.4565992865636148,1.0989669710472154,0.1598497412432313,0.2997182648310588,0.0199812176554039,13.647171658640875,3.1570323895538195,1.0390233180810038,0,0,-9.836065573770492,0.0,-0.1461988304093608,0.5334819651246118,청주시,가경동,"('청주시', '가경동')","('청주시', '가경동')",가경동,960.7,960.7,544.8,251.7,590.3,387.8,60.1,5.0,15.0,33.0,59.0,1.0,4.0,18.0,33.0,10.0,22.0,65.0,169.0,826.4,4.5,청주시,가경동,"('청주시', '가경동')"
가경동,4311374700,가경동,청주시,2019,50425.0,13591.0,7175.0,4564.0,6638.0,26.952900347050075,14.229053049082795,9.05106593951413,13.16410510659395,10.828242362822412,0.7552900273742669,0.5548978987866215,268.0,50047.0,50236.0,0.5334819651246118,51.0,6.0,15.0,1.0,52.0,62.357,700.0,750.0,178.0,83.0,2455.0,3414.0,13734.0,209.0,27.23648983639068,1.5217707878258335,1.0114030738720872,0.1189885969261279,0.2974714923153198,0.0198314328210213,13.882002974714922,3.5299950421417945,1.0312345066931086,0,0,-7.272727272727275,-25.0,2.489019033674955,4.0307008606720425,청주시,가경동,"('청주시', '가경동')","('청주시', '가경동')",가경동,960.7,960.7,544.8,251.7,590.3,387.8,60.1,5.0,15.0,33.0,59.0,1.0,4.0,18.0,33.0,10.0,22.0,65.0,169.0,826.4,4.5,청주시,가경동,"('청주시', '가경동')"
가경동,4311374700,가경동,청주시,2021,55569.0,14757.0,8058.0,5677.0,7143.0,26.55617340603574,14.500890784430169,10.216127697097305,12.854289261998597,10.925380770790833,5.576243492799327,4.120510830452262,2773.0,52634.0,54101.5,5.125551047567997,45.0,4.0,15.0,2.0,52.0,62.357,797.0,803.0,238.0,90.0,2738.0,4478.0,14551.0,279.0,26.18546311792546,1.917393993539963,0.8098040274253632,0.0719825802155878,0.2699346758084543,0.0359912901077939,14.342529107955874,4.282963522827475,0.9357735428026416,0,0,-8.163265306122447,-33.333333333333336,-0.1253132832080172,-0.1745954605180265,청주시,가경동,"('청주시', '가경동')","('청주시', '가경동')",가경동,960.7,960.7,544.8,251.7,590.3,387.8,60.1,5.0,15.0,33.0,59.0,1.0,4.0,18.0,33.0,10.0,22.0,65.0,169.0,826.4,4.5,청주시,가경동,"('청주시', '가경동')"
가경동,4311374700,가경동,청주시,2022,55545.0,14294.0,7824.0,6234.0,6878.0,25.73408947700064,14.085876316500132,11.2233324331623,12.382752723017374,10.924948782015823,-0.043189548129352,-3.137494070610558,-97.0,55569.0,55557.0,-0.1745954605180265,45.0,4.0,15.0,2.0,52.0,62.357,817.0,826.0,275.0,90.0,2841.0,4536.0,15538.0,319.0,27.973715005851112,2.053031278156777,0.8101539292465569,0.0720136825996939,0.2700513097488523,0.0360068412998469,14.708794670987489,4.950940678728959,0.9361778737960212,0,0,0.0,0.0,2.509410288582181,-1.884993598648906,청주시,가경동,"('청주시', '가경동')","('청주시', '가경동')",가경동,960.7,960.7,544.8,251.7,590.3,387.8,60.1,5.0,15.0,33.0,59.0,1.0,4.0,18.0,33.0,10.0,22.0,65.0,169.0,826.4,4.5,청주시,가경동,"('청주시', '가경동')"
가경동,4311374700,가경동,청주시,2023,54588.0,13605.0,7504.0,6819.0,6510.0,24.923060013189712,13.74661097677145,12.491756429984612,11.925697955594636,10.907569357358003,-1.7229273561976788,-4.820204281516716,-1038.0,55545.0,55066.5,-1.884993598648906,38.0,4.0,15.0,2.0,52.0,62.357,715.0,809.0,148.0,38.0,2530.0,4769.0,15225.0,279.0,27.89074521872939,1.832512315270936,0.6961236901883199,0.0732761779145599,0.2747856671795999,0.0366380889572799,13.098116802227596,2.711218582838719,0.9525903128892798,0,0,-15.555555555555555,0.0,-12.484700122399015,-2.258097381607343,청주시,가경동,"('청주시', '가경동')","('청주시', '가경동')",가경동,960.7,960.7,544.8,251.7,590.3,387.8,60.1,5.0,15.0,33.0,59.0,1.0,4.0,18.0,33.0,10.0,22.0,65.0,169.0,826.4,4.5,청주시,가경동,"('청주시', '가경동')"
가경동,4311374700,가경동,청주시,2024,53379.0,12955.0,7145.0,7346.0,6137.0,24.26984394612113,13.385413739485566,13.761966316341631,11.49703066749096,10.885172689174944,-2.2147724774675748,-4.7776552737964,-1219.0,54588.0,53983.5,-2.258097381607343,35.0,4.0,15.0,2.0,52.0,62.357,652.0,791.0,157.0,39.0,2419.0,4852.0,14837.0,350.0,27.795575038872965,2.358967446249242,0.6556885666647932,0.074935836190262,0.2810093857134828,0.037467918095131,12.21454129901272,2.941231570467787,0.9741658704734072,0,0,-7.8947368421052655,0.0,-8.811188811188808,-0.1368053147927774,청주시,가경동,"('청주시', '가경동')","('청주시', '가경동')",가경동,960.7,960.7,544.8,251.7,590.3,387.8,60.1,5.0,15.0,33.0,59.0,1.0,4.0,18.0,33.0,10.0,22.0,65.0,169.0,826.4,4.5,청주시,가경동,"('청주시', '가경동')"
가곡면,4380032000,가곡면,단양군,2017,2146.0,268.0,150.0,703.0,111.0,12.488350419384902,6.989748369058714,32.758620689655174,5.172413793103448,7.671360923190644,0.6094702297233967,-4.964539007092195,38.0,2133.0,2139.5,1.7761159149333956,0.0,0.0,3.0,0.0,62.0,346.239,33.0,33.0,2.0,0.0,125.0,187.0,441.0,35.0,20.54986020503262,7.936507936507936,0.0,0.0,1.3979496738117427,0.0,15.37744641192917,0.9319664492078285,28.890959925442683,1,1,,,22.222222222222232,1.3020227853987445,단양군,가곡면,"('단양군', '가곡면')","('단양군', '가곡면')",가곡면,10713.6,28780.6,10844.6,893.9,8741.3,2870.8,868.9,0.0,0.0,1.0,1.0,0.0,0.0,4.0,8.0,1.0,1.0,6.0,18.0,19461.2,4825.8,단양군,가곡면,"('단양군', '가곡면')"
가곡면,4380032000,가곡면,단양군,2018,2155.0,246.0,155.0,730.0,101.0,11.415313225058004,7.192575406032482,33.874709976798144,4.68677494199536,7.675546002537848,0.4193849021435269,-8.208955223880599,28.0,2146.0,2150.5,1.3020227853987445,0.0,0.0,3.0,0.0,62.0,346.239,31.0,35.0,3.0,0.0,134.0,202.0,559.0,47.0,25.93967517401392,8.407871198568873,0.0,0.0,1.3921113689095126,0.0,14.385150812064964,1.3921113689095126,28.770301624129928,1,1,,,-6.060606060606055,-1.5048201269691983,단양군,가곡면,"('단양군', '가곡면')","('단양군', '가곡면')",가곡면,10713.6,28780.6,10844.6,893.9,8741.3,2870.8,868.9,0.0,0.0,1.0,1.0,0.0,0.0,4.0,8.0,1.0,1.0,6.0,18.0,19461.2,4825.8,단양군,가곡면,"('단양군', '가곡면')"
가곡면,4380032000,가곡면,단양군,2019,2098.0,202.0,143.0,752.0,82.0,9.628217349857009,6.816015252621545,35.843660629170635,3.9084842707340326,7.648739788956242,-2.645011600928071,-17.886178861788615,-32.0,2155.0,2126.5,-1.5048201269691983,0.0,0.0,3.0,0.0,62.0,346.239,31.0,33.0,3.0,0.0,137.0,222.0,676.0,47.0,32.22116301239276,6.952662721893491,0.0,0.0,1.4299332697807434,0.0,14.775977121067683,1.4299332697807434,29.551954242135366,1,1,,,0.0,1.380952380952381,단양군,가곡면,"('단양군', '가곡면')","('단양군', '가곡면')",가곡면,10713.6,28780.6,10844.6,893.9,8741.3,2870.8,868.9,0.0,0.0,1.0,1.0,0.0,0.0,4.0,8.0,1.0,1.0,6.0,18.0,19461.2,4825.8,단양군,가곡면,"('단양군', '가곡면')"
가곡면,4380032000,가곡면,단양군,2021,2072.0,179.0,129.0,831.0,75.0,8.638996138996138,6.225868725868726,40.10617760617761,3.6196911196911192,7.636269603379373,-1.4272121788772574,-4.78723404255319,28.0,2102.0,2087.0,1.3416387158600862,0.0,0.0,3.0,0.0,62.0,346.239,34.0,36.0,3.0,0.0,174.0,312.0,760.0,40.0,36.67953667953668,5.263157894736842,0.0,0.0,1.447876447876448,0.0,16.409266409266408,1.447876447876448,29.922779922779924,1,1,,,6.25,0.6316812439261419,단양군,가곡면,"('단양군', '가곡면')","('단양군', '가곡면')",가곡면,10713.6,28780.6,10844.6,893.9,8741.3,2870.8,868.9,0.0,0.0,1.0,1.0,0.0,0.0,4.0,8.0,1.0,1.0,6.0,18.0,19461.2,4825.8,단양군,가곡면,"('단양군', '가곡면')"
가곡면,4380032000,가곡면,단양군,2022,2044.0,157.0,117.0,870.0,66.0,7.681017612524461,5.724070450097847,42.56360078277886,3.2289628180039136,7.622663951323595,-1.3513513513513489,-12.290502793296088,13.0,2072.0,2058.0,0.6316812439261419,0.0,0.0,3.0,0.0,62.0,346.239,35.0,35.0,5.0,0.0,187.0,311.0,807.0,41.0,39.48140900195695,5.080545229244114,0.0,0.0,1.467710371819961,0.0,17.123287671232877,2.446183953033268,30.33268101761252,1,1,,,2.941176470588225,0.3442340791738382,단양군,가곡면,"('단양군', '가곡면')","('단양군', '가곡면')",가곡면,10713.6,28780.6,10844.6,893.9,8741.3,2870.8,868.9,0.0,0.0,1.0,1.0,0.0,0.0,4.0,8.0,1.0,1.0,6.0,18.0,19461.2,4825.8,단양군,가곡면,"('단양군', '가곡면')"
가곡면,4380032000,가곡면,단양군,2023,2023.0,148.0,95.0,902.0,60.0,7.31586752347998,4.695996045477014,44.58724666337123,2.9658922392486406,7.612336837167746,-1.0273972602739767,-5.73248407643312,7.0,2044.0,2033.5,0.3442340791738382,0.0,0.0,3.0,0.0,62.0,346.239,24.0,35.0,6.0,0.0,180.0,329.0,780.0,44.0,38.55659911023233,5.641025641025641,0.0,0.0,1.4829461196243203,0.0,11.863568956994564,2.9658922392486406,30.647553138902623,1,1,,,-31.428571428571427,0.0497760079641612,단양군,가곡면,"('단양군', '가곡면')","('단양군', '가곡면')",가곡면,10713.6,28780.6,10844.6,893.9,8741.3,2870.8,868.9,0.0,0.0,1.0,1.0,0.0,0.0,4.0,8.0,1.0,1.0,6.0,18.0,19461.2,4825.8,단양군,가곡면,"('단양군', '가곡면')"
가곡면,4380032000,가곡면,단양군,2024,1995.0,148.0,90.0,942.0,65.0,7.418546365914786,4.511278195488721,47.21804511278195,3.258145363408521,7.598399329323964,-1.384083044982698,0.0,1.0,2023.0,2009.0,0.0497760079641612,0.0,0.0,3.0,0.0,62.0,346.239,24.0,32.0,5.0,0.0,183.0,341.0,754.0,44.0,37.794486215538846,5.835543766578249,0.0,0.0,1.5037593984962407,0.0,12.030075187969926,2.506265664160401,31.07769423558897,1,1,,,0.0,-1.3716027432054865,단양군,가곡면,"('단양군', '가곡면')","('단양군', '가곡면')",가곡면,10713.6,28780.6,10844.6,893.9,8741.3,2870.8,868.9,0.0,0.0,1.0,1.0,0.0,0.0,4.0,8.0,1.0,1.0,6.0,18.0,19461.2,4825.8,단양군,가곡면,"('단양군', '가곡면')"
가덕면,4311133000,가덕면,청주시,2017,4235.0,746.0,195.0,1279.0,314.0,17.615112160566706,4.6044864226682405,30.200708382526564,7.414403778040142,8.351138607086154,-2.4643021649009667,-3.865979381443296,-42.0,4342.0,4288.5,-0.9793634137810424,1.0,2.0,4.0,1.0,91.0,489.118,42.0,41.0,4.0,1.0,108.0,260.0,1588.0,691.0,37.497048406139314,43.51385390428212,0.2361275088547815,0.4722550177095631,0.9445100354191264,0.2361275088547815,9.917355371900827,0.9445100354191264,21.48760330578512,0,0,0.0,0.0,16.666666666666675,0.5459292665558984,청주시,가덕면,"('청주시', '가덕면')","('청주시', '가덕면')",가덕면,3746.4,11333.0,8627.1,617.0,5018.0,2831.0,626.6,0.0,1.0,1.0,44.0,0.0,0.0,1.0,24.0,1.0,2.0,3.0,103.0,7172.7,5071.2,청주시,가덕면,"('청주시', '가덕면')"
가덕면,4311133000,가덕면,청주시,2018,4191.0,701.0,188.0,1312.0,291.0,16.726318301121452,4.4858029109997615,31.30517776187068,6.9434502505368645,8.340694647925071,-1.0389610389610393,-6.0321715817694415,23.0,4235.0,4213.0,0.5459292665558984,1.0,2.0,4.0,1.0,91.0,489.118,42.0,38.0,4.0,1.0,110.0,275.0,1632.0,702.0,38.94058697208303,43.01470588235294,0.2386065378191362,0.4772130756382725,0.954426151276545,0.2386065378191362,10.021474588403724,0.954426151276545,21.7131949415414,0,0,0.0,0.0,0.0,-2.206595538312318,청주시,가덕면,"('청주시', '가덕면')","('청주시', '가덕면')",가덕면,3746.4,11333.0,8627.1,617.0,5018.0,2831.0,626.6,0.0,1.0,1.0,44.0,0.0,0.0,1.0,24.0,1.0,2.0,3.0,103.0,7172.7,5071.2,청주시,가덕면,"('청주시', '가덕면')"
가덕면,4311133000,가덕면,청주시,2019,4057.0,616.0,167.0,1354.0,264.0,15.183633226522062,4.116342124722702,33.374414592063104,6.507271382795168,8.308199063206446,-3.197327606776424,-12.125534950071328,-91.0,4191.0,4124.0,-2.206595538312318,1.0,2.0,4.0,1.0,91.0,489.118,43.0,38.0,4.0,1.0,114.0,272.0,1556.0,693.0,38.35346315011092,44.53727506426735,0.2464875523786048,0.4929751047572097,0.9859502095144196,0.2464875523786048,10.59896475228001,0.9859502095144196,22.430367266453043,0,0,0.0,0.0,2.3809523809523725,-1.4735264735264737,청주시,가덕면,"('청주시', '가덕면')","('청주시', '가덕면')",가덕면,3746.4,11333.0,8627.1,617.0,5018.0,2831.0,626.6,0.0,1.0,1.0,44.0,0.0,0.0,1.0,24.0,1.0,2.0,3.0,103.0,7172.7,5071.2,청주시,가덕면,"('청주시', '가덕면')"
가덕면,4311133000,가덕면,청주시,2021,3859.0,501.0,138.0,1447.0,212.0,12.982637989116352,3.576055973050013,37.49676081886499,5.493651204975382,8.258163361537619,-2.32852442419641,-11.170212765957444,-21.0,3951.0,3905.0,-0.5377720870678617,1.0,2.0,4.0,1.0,91.0,489.118,48.0,39.0,5.0,1.0,127.0,492.0,1942.0,660.0,50.32391811350091,33.985581874356335,0.2591344908007256,0.5182689816014512,1.0365379632029024,0.2591344908007256,12.438455558434828,1.295672454003628,23.581238662866028,0,0,0.0,0.0,9.090909090909085,0.4956952778502478,청주시,가덕면,"('청주시', '가덕면')","('청주시', '가덕면')",가덕면,3746.4,11333.0,8627.1,617.0,5018.0,2831.0,626.6,0.0,1.0,1.0,44.0,0.0,0.0,1.0,24.0,1.0,2.0,3.0,103.0,7172.7,5071.2,청주시,가덕면,"('청주시', '가덕면')"
가덕면,4311133000,가덕면,청주시,2022,3807.0,470.0,136.0,1474.0,209.0,12.34567901234568,3.572366692934069,38.718150774888365,5.489887050170738,8.244596756382498,-1.3474993521637724,-6.187624750498999,19.0,3859.0,3833.0,0.4956952778502478,1.0,2.0,4.0,1.0,91.0,489.118,50.0,41.0,5.0,1.0,135.0,471.0,1853.0,676.0,48.67349619122669,36.48138154344306,0.2626740215392698,0.5253480430785396,1.050696086157079,0.2626740215392698,13.133701076963488,1.3133701076963489,23.90333596007355,0,0,0.0,0.0,4.166666666666674,-0.4509283819628647,청주시,가덕면,"('청주시', '가덕면')","('청주시', '가덕면')",가덕면,3746.4,11333.0,8627.1,617.0,5018.0,2831.0,626.6,0.0,1.0,1.0,44.0,0.0,0.0,1.0,24.0,1.0,2.0,3.0,103.0,7172.7,5071.2,청주시,가덕면,"('청주시', '가덕면')"
가덕면,4311133000,가덕면,청주시,2023,3733.0,420.0,127.0,1544.0,187.0,11.251004553978031,3.4020894722743105,41.360835788909725,5.009375837128316,8.224967478914584,-1.943787759390592,-10.63829787234043,-17.0,3807.0,3770.0,-0.4509283819628647,1.0,2.0,4.0,1.0,91.0,489.118,50.0,39.0,2.0,0.0,134.0,530.0,1847.0,641.0,49.47763193142245,34.70492690850027,0.2678810608090008,0.5357621216180017,1.0715242432360037,0.2678810608090008,13.39405304045004,0.5357621216180017,24.377176533619075,0,0,0.0,0.0,0.0,-0.2700148508167949,청주시,가덕면,"('청주시', '가덕면')","('청주시', '가덕면')",가덕면,3746.4,11333.0,8627.1,617.0,5018.0,2831.0,626.6,0.0,1.0,1.0,44.0,0.0,0.0,1.0,24.0,1.0,2.0,3.0,103.0,7172.7,5071.2,청주시,가덕면,"('청주시', '가덕면')"
가덕면,4311133000,가덕면,청주시,2024,3674.0,376.0,124.0,1584.0,166.0,10.234077299945564,3.3750680457267284,43.11377245508982,4.518236254763201,8.20903626577507,-1.5804982587730998,-10.476190476190473,-10.0,3733.0,3703.5,-0.2700148508167949,1.0,2.0,4.0,1.0,91.0,489.118,45.0,36.0,4.0,1.0,130.0,564.0,1773.0,598.0,48.25802939575395,33.728144388042864,0.2721829069134458,0.5443658138268916,1.0887316276537833,0.2721829069134458,12.248230811105064,1.0887316276537833,24.76864452912357,0,0,0.0,0.0,-9.999999999999998,-0.4676753782668501,청주시,가덕면,"('청주시', '가덕면')","('청주시', '가덕면')",가덕면,3746.4,11333.0,8627.1,617.0,5018.0,2831.0,626.6,0.0,1.0,1.0,44.0,0.0,0.0,1.0,24.0,1.0,2.0,3.0,103.0,7172.7,5071.2,청주시,가덕면,"('청주시', '가덕면')"
감곡면,4377037000,감곡면,음성군,2017,10612.0,2229.0,1010.0,2210.0,1016.0,21.004523181304183,9.517527327553712,20.82548058801357,9.574067093856012,9.26974071525763,-2.9626920263350454,-7.548734964744918,-269.0,10936.0,10774.0,-2.4967514386485985,7.0,1.0,6.0,3.0,114.0,566.469,193.0,208.0,9.0,7.0,570.0,911.0,5435.0,2300.0,51.21560497549943,42.318307267709294,0.6596306068601583,0.0942329438371654,0.5653976630229929,0.2826988315114964,18.18695816057293,0.8480964945344892,10.742555597436866,0,0,0.0,0.0,9.659090909090915,-1.6367702336204024,음성군,감곡면,"('음성군', '감곡면')","('음성군', '감곡면')",감곡면,12539.1,33976.0,2635.6,608.4,2764.5,1334.5,347.0,0.0,0.0,0.0,1.0,0.0,1.0,2.0,2.0,2.0,3.0,4.0,16.0,25646.0,65.1,음성군,감곡면,"('음성군', '감곡면')"
감곡면,4377037000,감곡면,음성군,2018,10405.0,2123.0,892.0,2292.0,937.0,20.403652090341183,8.572801537722249,22.027871215761653,9.005285920230659,9.250041738827736,-1.95062193742932,-4.755495737999105,-172.0,10612.0,10508.5,-1.6367702336204024,7.0,1.0,6.0,3.0,114.0,566.469,194.0,223.0,9.0,8.0,600.0,941.0,5650.0,2403.0,54.30081691494474,42.53097345132744,0.6727534839019702,0.0961076405574243,0.5766458433445458,0.2883229216722729,18.64488226814032,0.8649687650168187,10.956271023546371,0,0,0.0,0.0,0.5181347150259086,-0.5795421616922631,음성군,감곡면,"('음성군', '감곡면')","('음성군', '감곡면')",감곡면,12539.1,33976.0,2635.6,608.4,2764.5,1334.5,347.0,0.0,0.0,0.0,1.0,0.0,1.0,2.0,2.0,2.0,3.0,4.0,16.0,25646.0,65.1,음성군,감곡면,"('음성군', '감곡면')"
감곡면,4377037000,감곡면,음성군,2019,10301.0,2025.0,853.0,2405.0,889.0,19.658285603339483,8.280749441801767,23.34724784001553,8.630230074750024,9.239996256883693,-0.9995194617972158,-4.616109279321712,-60.0,10405.0,10353.0,-0.5795421616922631,7.0,1.0,6.0,3.0,114.0,566.469,191.0,214.0,11.0,8.0,604.0,964.0,5537.0,2334.0,53.75206290651393,42.15279031966769,0.6795456751771672,0.0970779535967381,0.5824677215804291,0.2912338607902145,18.54188913697699,1.06785748956412,11.066886710028152,0,0,0.0,0.0,-1.546391752577314,-1.8873488646416987,음성군,감곡면,"('음성군', '감곡면')","('음성군', '감곡면')",감곡면,12539.1,33976.0,2635.6,608.4,2764.5,1334.5,347.0,0.0,0.0,0.0,1.0,0.0,1.0,2.0,2.0,2.0,3.0,4.0,16.0,25646.0,65.1,음성군,감곡면,"('음성군', '감곡면')"
감곡면,4377037000,감곡면,음성군,2021,9914.0,1788.0,792.0,2640.0,809.0,18.03510187613476,7.988702844462376,26.629009481541253,8.160177526729877,9.20170317858052,-1.3041314086610245,-5.496828752642702,-72.0,10045.0,9979.5,-0.721479032015632,7.0,1.0,6.0,3.0,114.0,566.469,198.0,216.0,13.0,7.0,635.0,1389.0,6068.0,2512.0,61.20637482348194,41.39749505603165,0.7060722211014727,0.1008674601573532,0.6052047609441193,0.3026023804720597,19.97175711115594,1.3112769820455925,11.49889045793827,0,0,0.0,0.0,1.0204081632652962,1.2490556534877864,음성군,감곡면,"('음성군', '감곡면')","('음성군', '감곡면')",감곡면,12539.1,33976.0,2635.6,608.4,2764.5,1334.5,347.0,0.0,0.0,0.0,1.0,0.0,1.0,2.0,2.0,2.0,3.0,4.0,16.0,25646.0,65.1,음성군,감곡면,"('음성군', '감곡면')"
감곡면,4377037000,감곡면,음성군,2022,9941.0,1756.0,774.0,2748.0,790.0,17.664218891459612,7.785937028467961,27.643094256111056,7.94688663112363,9.204422898212146,0.272342142424864,-1.7897091722595126,124.0,9914.0,9927.5,1.2490556534877864,7.0,1.0,6.0,3.0,114.0,566.469,194.0,220.0,15.0,8.0,653.0,1378.0,6470.0,2820.0,65.08399557388593,43.58578052550232,0.7041545116185494,0.1005935016597927,0.6035610099587566,0.3017805049793783,19.5151393219998,1.5089025248968917,11.467659189216375,0,0,0.0,0.0,-2.020202020202022,-0.0202265372168284,음성군,감곡면,"('음성군', '감곡면')","('음성군', '감곡면')",감곡면,12539.1,33976.0,2635.6,608.4,2764.5,1334.5,347.0,0.0,0.0,0.0,1.0,0.0,1.0,2.0,2.0,2.0,3.0,4.0,16.0,25646.0,65.1,음성군,감곡면,"('음성군', '감곡면')"
감곡면,4377037000,감곡면,음성군,2023,9835.0,1723.0,722.0,2903.0,779.0,17.51906456532791,7.341128622267412,29.517031011692936,7.920691408235893,9.19370273082316,-1.0662911175937984,-1.8792710706150293,-2.0,9941.0,9888.0,-0.0202265372168284,7.0,0.0,6.0,3.0,114.0,566.469,148.0,208.0,6.0,2.0,575.0,1399.0,6182.0,2681.0,62.85714285714285,43.367842122290526,0.7117437722419929,0.0,0.6100660904931368,0.3050330452465684,15.048296898830706,0.6100660904931368,11.591255719369595,0,1,0.0,-100.0,-23.71134020618557,-0.2663252240717029,음성군,감곡면,"('음성군', '감곡면')","('음성군', '감곡면')",감곡면,12539.1,33976.0,2635.6,608.4,2764.5,1334.5,347.0,0.0,0.0,0.0,1.0,0.0,1.0,2.0,2.0,2.0,3.0,4.0,16.0,25646.0,65.1,음성군,감곡면,"('음성군', '감곡면')"
감곡면,4377037000,감곡면,음성군,2024,9690.0,1698.0,650.0,3007.0,780.0,17.523219814241486,6.707946336429309,31.031991744066044,8.04953560371517,9.178849704884811,-1.4743263853584154,-1.450957632037142,-26.0,9835.0,9762.5,-0.2663252240717029,7.0,0.0,6.0,3.0,114.0,566.469,147.0,221.0,4.0,2.0,575.0,1425.0,6112.0,2540.0,63.07533539731682,41.55759162303665,0.7223942208462332,0.0,0.6191950464396285,0.3095975232198142,15.170278637770895,0.412796697626419,11.764705882352942,0,1,0.0,,-0.6756756756756799,-0.5820298290287377,음성군,감곡면,"('음성군', '감곡면')","('음성군', '감곡면')",감곡면,12539.1,33976.0,2635.6,608.4,2764.5,1334.5,347.0,0.0,0.0,0.0,1.0,0.0,1.0,2.0,2.0,2.0,3.0,4.0,16.0,25646.0,65.1,음성군,감곡면,"('음성군', '감곡면')"
감물면,4376031000,감물면,괴산군,2017,2123.0,278.0,133.0,718.0,114.0,13.094677343382008,6.264719736222327,33.820065944418275,5.369759773904852,7.660585461703256,0.0,-7.641196013289031,23.0,2123.0,2123.0,1.0833725859632597,0.0,0.0,2.0,0.0,45.0,340.858,7.0,10.0,0.0,0.0,21.0,65.0,338.0,153.0,15.92086669806877,45.26627218934911,0.0,0.0,0.9420631182289212,0.0,3.2972209138012247,0.0,21.19642016015073,1,1,,,16.666666666666675,2.3004694835680755,괴산군,감물면,"('괴산군', '감물면')","('괴산군', '감물면')",감물면,10129.3,22479.7,8985.7,671.1,8892.1,2746.9,796.2,0.0,0.0,0.0,4.0,0.0,0.0,1.0,9.0,1.0,1.0,4.0,21.0,18353.2,4896.2,괴산군,감물면,"('괴산군', '감물면')"
감물면,4376031000,감물면,괴산군,2018,2137.0,277.0,125.0,735.0,122.0,12.962096396817968,5.84932147870847,34.3940102948058,5.708937763219467,7.667158255319148,0.6594441827602493,-0.3597122302158251,49.0,2123.0,2130.0,2.3004694835680755,0.0,0.0,2.0,0.0,45.0,340.858,7.0,12.0,0.0,0.0,24.0,70.0,390.0,179.0,18.249883013570425,45.8974358974359,0.0,0.0,0.9358914365933552,0.0,3.275620028076744,0.0,21.057557323350487,1,1,,,0.0,1.9140989729225024,괴산군,감물면,"('괴산군', '감물면')","('괴산군', '감물면')",감물면,10129.3,22479.7,8985.7,671.1,8892.1,2746.9,796.2,0.0,0.0,0.0,4.0,0.0,0.0,1.0,9.0,1.0,1.0,4.0,21.0,18353.2,4896.2,괴산군,감물면,"('괴산군', '감물면')"
감물면,4376031000,감물면,괴산군,2019,2147.0,265.0,123.0,742.0,111.0,12.342803912435956,5.728924080111784,34.55985095482068,5.1700046576618535,7.671826797878781,0.4679457182966695,-4.332129963898912,41.0,2137.0,2142.0,1.9140989729225024,0.0,0.0,2.0,0.0,45.0,340.858,8.0,12.0,0.0,0.0,25.0,70.0,412.0,171.0,19.189566837447604,41.50485436893204,0.0,0.0,0.9315323707498836,0.0,3.7261294829995344,0.0,20.959478341872384,1,1,,,14.28571428571428,2.859119206824994,괴산군,감물면,"('괴산군', '감물면')","('괴산군', '감물면')",감물면,10129.3,22479.7,8985.7,671.1,8892.1,2746.9,796.2,0.0,0.0,0.0,4.0,0.0,0.0,1.0,9.0,1.0,1.0,4.0,21.0,18353.2,4896.2,괴산군,감물면,"('괴산군', '감물면')"
감물면,4376031000,감물면,괴산군,2021,2196.0,233.0,132.0,842.0,97.0,10.610200364298723,6.0109289617486334,38.3424408014572,4.41712204007286,7.694392802629421,0.273972602739736,-12.406015037593988,42.0,2190.0,2193.0,1.915184678522572,0.0,0.0,2.0,0.0,45.0,340.858,12.0,14.0,0.0,0.0,34.0,150.0,495.0,170.0,22.540983606557376,34.34343434343434,0.0,0.0,0.9107468123861566,0.0,5.464480874316941,0.0,20.49180327868852,1,1,,,50.0,-2.656723374504778,괴산군,감물면,"('괴산군', '감물면')","('괴산군', '감물면')",감물면,10129.3,22479.7,8985.7,671.1,8892.1,2746.9,796.2,0.0,0.0,0.0,4.0,0.0,0.0,1.0,9.0,1.0,1.0,4.0,21.0,18353.2,4896.2,괴산군,감물면,"('괴산군', '감물면')"
감물면,4376031000,감물면,괴산군,2022,2095.0,191.0,122.0,838.0,83.0,9.116945107398568,5.823389021479714,40.0,3.9618138424821,7.647308832356238,-4.599271402550087,-18.02575107296137,-57.0,2196.0,2145.5,-2.656723374504778,0.0,0.0,2.0,0.0,45.0,340.858,14.0,13.0,1.0,0.0,38.0,144.0,503.0,175.0,24.009546539379475,34.791252485089466,0.0,0.0,0.954653937947494,0.0,6.682577565632458,0.477326968973747,21.479713603818613,1,1,,,16.666666666666675,-1.7948096046568034,괴산군,감물면,"('괴산군', '감물면')","('괴산군', '감물면')",감물면,10129.3,22479.7,8985.7,671.1,8892.1,2746.9,796.2,0.0,0.0,0.0,4.0,0.0,0.0,1.0,9.0,1.0,1.0,4.0,21.0,18353.2,4896.2,괴산군,감물면,"('괴산군', '감물면')"
감물면,4376031000,감물면,괴산군,2023,2028.0,167.0,102.0,877.0,70.0,8.234714003944774,5.029585798816568,43.24457593688363,3.451676528599606,7.614805364711073,-3.1980906921241004,-12.565445026178011,-37.0,2095.0,2061.5,-1.7948096046568034,0.0,0.0,2.0,0.0,45.0,340.858,12.0,13.0,1.0,0.0,36.0,167.0,514.0,157.0,25.345167652859963,30.544747081712064,0.0,0.0,0.9861932938856016,0.0,5.9171597633136095,0.4930966469428008,22.18934911242604,1,1,,,-14.28571428571429,0.3466204506065857,괴산군,감물면,"('괴산군', '감물면')","('괴산군', '감물면')",감물면,10129.3,22479.7,8985.7,671.1,8892.1,2746.9,796.2,0.0,0.0,0.0,4.0,0.0,0.0,1.0,9.0,1.0,1.0,4.0,21.0,18353.2,4896.2,괴산군,감물면,"('괴산군', '감물면')"
감물면,4376031000,감물면,괴산군,2024,2011.0,166.0,91.0,909.0,74.0,8.254599701640974,4.52511188463451,45.20139234211835,3.679761312779712,7.606387389772652,-0.8382642998027601,-0.5988023952095856,7.0,2028.0,2019.5,0.3466204506065857,0.0,0.0,2.0,0.0,45.0,340.858,14.0,14.0,3.0,0.0,43.0,179.0,539.0,140.0,26.80258577821979,25.97402597402597,0.0,0.0,0.9945300845350572,0.0,6.9617105917454,1.491795126802586,22.376926902038782,1,1,,,16.666666666666675,6.11947547353084,괴산군,감물면,"('괴산군', '감물면')","('괴산군', '감물면')",감물면,10129.3,22479.7,8985.7,671.1,8892.1,2746.9,796.2,0.0,0.0,0.0,4.0,0.0,0.0,1.0,9.0,1.0,1.0,4.0,21.0,18353.2,4896.2,괴산군,감물면,"('괴산군', '감물면')"
강내면,4311331000,강내면,청주시,2017,10722.0,2611.0,1315.0,1730.0,1221.0,24.35180003730647,12.264502891251633,16.135049431076293,11.387800783435926,9.280052984387485,-0.9057301293900144,-2.9728725380899323,-67.0,10820.0,10771.0,-0.6220406647479343,7.0,0.0,4.0,3.0,69.0,320.472,107.0,188.0,17.0,4.0,449.0,943.0,7699.0,3338.0,71.80563327737363,43.35628003636836,0.6528632717776534,0.0,0.3730647267300876,0.2797985450475658,9.979481440029843,1.585525088602873,6.435366536094013,0,1,0.0,,7.000000000000006,3.3784714252926324,청주시,강내면,"('청주시', '강내면')","('청주시', '강내면')",강내면,5704.0,7766.2,3355.0,604.6,1750.5,1284.2,431.6,0.0,0.0,17.0,58.0,1.0,2.0,9.0,37.0,2.0,4.0,39.0,164.0,5852.1,8.9,청주시,강내면,"('청주시', '강내면')"
강내면,4311331000,강내면,청주시,2018,11063.0,2740.0,1308.0,1771.0,1283.0,24.767242158546505,11.823194431890084,16.008316008316008,11.597215945042032,9.311361486034912,3.180376795373996,4.940635771734958,368.0,10722.0,10892.5,3.3784714252926324,7.0,0.0,4.0,3.0,69.0,320.472,109.0,196.0,20.0,4.0,461.0,1022.0,8339.0,3315.0,75.37738407303624,39.7529679817724,0.6327397631745458,0.0,0.3615655789568833,0.2711741842176625,9.85266202657507,1.8078278947844169,6.237006237006238,0,1,0.0,,1.869158878504673,-0.4992058089403222,청주시,강내면,"('청주시', '강내면')","('청주시', '강내면')",강내면,5704.0,7766.2,3355.0,604.6,1750.5,1284.2,431.6,0.0,0.0,17.0,58.0,1.0,2.0,9.0,37.0,2.0,4.0,39.0,164.0,5852.1,8.9,청주시,강내면,"('청주시', '강내면')"
강내면,4311331000,강내면,청주시,2019,10972.0,2681.0,1275.0,1843.0,1248.0,24.43492526430915,11.620488516223114,16.797302223842507,11.374407582938389,9.303101852057496,-0.8225616921269108,-2.153284671532852,-55.0,11063.0,11017.5,-0.4992058089403222,6.0,0.0,4.0,3.0,69.0,320.472,109.0,193.0,20.0,4.0,464.0,1064.0,8456.0,3397.0,77.06890266131973,40.172658467360456,0.5468465184104995,0.0,0.3645643456069996,0.2734232592052497,9.93437841779074,1.822821728034998,6.288734961720744,0,1,-14.28571428571429,,0.0,-0.8245155970867116,청주시,강내면,"('청주시', '강내면')","('청주시', '강내면')",강내면,5704.0,7766.2,3355.0,604.6,1750.5,1284.2,431.6,0.0,0.0,17.0,58.0,1.0,2.0,9.0,37.0,2.0,4.0,39.0,164.0,5852.1,8.9,청주시,강내면,"('청주시', '강내면')"
강내면,4311331000,강내면,청주시,2021,10742.0,2480.0,1167.0,2039.0,1124.0,23.08694842673617,10.863898715323032,18.981567678272203,10.463600819214298,9.281916570465404,-1.0774472787549505,-3.5394788020225554,-61.0,10859.0,10800.5,-0.5647886671913337,5.0,0.0,4.0,3.0,69.0,320.472,116.0,203.0,18.0,4.0,491.0,1656.0,9070.0,3479.0,84.43492831874883,38.35722160970232,0.4654626698938745,0.0,0.3723701359150996,0.2792776019363247,10.798733941537888,1.675665611617948,6.423384844535468,0,1,0.0,,7.407407407407418,-0.3740240310439945,청주시,강내면,"('청주시', '강내면')","('청주시', '강내면')",강내면,5704.0,7766.2,3355.0,604.6,1750.5,1284.2,431.6,0.0,0.0,17.0,58.0,1.0,2.0,9.0,37.0,2.0,4.0,39.0,164.0,5852.1,8.9,청주시,강내면,"('청주시', '강내면')"
강내면,4311331000,강내면,청주시,2022,10647.0,2425.0,1102.0,2146.0,1100.0,22.776368930215085,10.350333427256505,20.15591246360477,10.331548793087254,9.273033441314606,-0.884379072798358,-2.2177419354838745,-40.0,10742.0,10694.5,-0.3740240310439945,5.0,0.0,4.0,3.0,69.0,320.472,125.0,209.0,22.0,4.0,522.0,1617.0,9031.0,3458.0,84.82201559124636,38.29033329642343,0.4696158542312388,0.0,0.375692683384991,0.2817695125387432,11.740396355780971,2.066309758617451,6.480698788391096,0,1,0.0,,7.758620689655182,-2.1893293988862976,청주시,강내면,"('청주시', '강내면')","('청주시', '강내면')",강내면,5704.0,7766.2,3355.0,604.6,1750.5,1284.2,431.6,0.0,0.0,17.0,58.0,1.0,2.0,9.0,37.0,2.0,4.0,39.0,164.0,5852.1,8.9,청주시,강내면,"('청주시', '강내면')"
강내면,4311331000,강내면,청주시,2023,10364.0,2283.0,1021.0,2205.0,1041.0,22.028174450019296,9.851408722500963,21.275569278270936,10.044384407564646,9.246093541682,-2.65802573494881,-5.8556701030927805,-230.0,10647.0,10505.5,-2.1893293988862976,5.0,0.0,4.0,3.0,69.0,320.472,103.0,194.0,8.0,1.0,464.0,1651.0,9070.0,3315.0,87.51447317637978,36.54906284454245,0.482439212659205,0.0,0.3859513701273639,0.2894635275955229,9.938247780779625,0.7719027402547279,6.657661134697028,0,1,0.0,,-17.600000000000005,-1.1004528412134196,청주시,강내면,"('청주시', '강내면')","('청주시', '강내면')",강내면,5704.0,7766.2,3355.0,604.6,1750.5,1284.2,431.6,0.0,0.0,17.0,58.0,1.0,2.0,9.0,37.0,2.0,4.0,39.0,164.0,5852.1,8.9,청주시,강내면,"('청주시', '강내면')"
강내면,4311331000,강내면,청주시,2024,10173.0,2241.0,924.0,2326.0,1022.0,22.028900029489822,9.082866411088176,22.86444509977391,10.046200727415709,9.227492430793747,-1.842917792358168,-1.8396846254927768,-113.0,10364.0,10268.5,-1.1004528412134196,5.0,0.0,4.0,3.0,69.0,320.472,103.0,198.0,10.0,1.0,461.0,1726.0,9217.0,3121.0,90.60257544480488,33.86134317022893,0.491497100167109,0.0,0.3931976801336872,0.2948982601002654,10.124840263442447,0.982994200334218,6.782659982306104,0,1,0.0,,0.0,4.996636879023733,청주시,강내면,"('청주시', '강내면')","('청주시', '강내면')",강내면,5704.0,7766.2,3355.0,604.6,1750.5,1284.2,431.6,0.0,0.0,17.0,58.0,1.0,2.0,9.0,37.0,2.0,4.0,39.0,164.0,5852.1,8.9,청주시,강내면,"('청주시', '강내면')"
강서1동,4311376000,강서제1동,청주시,2017,23056.0,7745.0,2795.0,2677.0,3659.0,33.59212352532963,12.122657876474667,11.610860513532268,15.870055517002084,10.045681318239303,3.1403775610628903,6.226855026745293,610.0,22354.0,22705.0,2.686632900242237,24.0,7.0,2.0,0.0,118.0,411.223,419.0,352.0,43.0,37.0,1229.0,2084.0,11956.0,1168.0,51.85634975711312,9.76915356306457,1.040943789035392,0.3036086051353227,0.0867453157529493,0.0,18.173143650242885,1.8650242886884107,5.117973629424011,1,0,0.0,16.666666666666675,20.749279538904908,5.984628953004913,청주시,강서1동,"('청주시', '강서1동')","('청주시', '강서1동')",강서1동,1288.1,1541.7,922.6,469.3,1611.7,1177.7,264.4,9.0,13.0,42.0,59.0,3.0,5.0,22.0,35.0,8.0,20.0,77.0,174.0,553.4,17.9,청주시,강서1동,"('청주시', '강서1동')"
강서1동,4311376000,강서제1동,청주시,2018,24566.0,8392.0,2912.0,2832.0,3934.0,34.161035577627615,11.853781649434175,11.528128307416754,16.014003093706748,10.10911865209904,6.549271339347684,8.353776630083921,1425.0,23056.0,23811.0,5.984628953004913,24.0,7.0,2.0,0.0,118.0,411.223,441.0,373.0,47.0,40.0,1305.0,2232.0,13260.0,1404.0,53.977041439387776,10.588235294117649,0.9769600260522672,0.2849466742652446,0.0814133355043556,0.0,17.951640478710413,1.9132133843523569,4.803386794756982,1,0,0.0,0.0,5.250596658711215,12.825292953888296,청주시,강서1동,"('청주시', '강서1동')","('청주시', '강서1동')",강서1동,1288.1,1541.7,922.6,469.3,1611.7,1177.7,264.4,9.0,13.0,42.0,59.0,3.0,5.0,22.0,35.0,8.0,20.0,77.0,174.0,553.4,17.9,청주시,강서1동,"('청주시', '강서1동')"
강서1동,4311376000,강서제1동,청주시,2019,28002.0,9695.0,3261.0,3119.0,4547.0,34.622526962359835,11.64559674308978,11.13849010784944,16.238125848153704,10.24003121517787,13.986811039648297,15.526692087702564,3371.0,24566.0,26284.0,12.825292953888296,19.0,7.0,2.0,0.0,118.0,411.223,462.0,406.0,53.0,41.0,1410.0,2398.0,14146.0,1507.0,50.51782015570316,10.653188180404356,0.6785229626455254,0.2499821441325619,0.0714234697521605,0.0,16.49882151274909,1.8927219484322548,4.213984715377473,1,0,-20.833333333333336,0.0,4.761904761904767,1.2159671015314804,청주시,강서1동,"('청주시', '강서1동')","('청주시', '강서1동')",강서1동,1288.1,1541.7,922.6,469.3,1611.7,1177.7,264.4,9.0,13.0,42.0,59.0,3.0,5.0,22.0,35.0,8.0,20.0,77.0,174.0,553.4,17.9,청주시,강서1동,"('청주시', '강서1동')"
강서1동,4311376000,강서제1동,청주시,2021,28535.0,10025.0,3043.0,3554.0,4713.0,35.132293674434905,10.664096723322237,12.454879971964257,16.516558612230593,10.25888668297081,0.4258464137397055,0.1098462152985924,55.0,28414.0,28474.5,0.1931552792849742,18.0,8.0,2.0,0.0,118.0,411.223,481.0,451.0,70.0,47.0,1559.0,4074.0,17651.0,1742.0,61.8573681443841,9.86912922780579,0.6308042754512002,0.280357455756089,0.0700893639390222,0.0,16.856492027334852,2.4531277378657785,4.135272472402313,1,0,-5.263157894736848,14.28571428571428,2.997858672376874,-0.5237994797159531,청주시,강서1동,"('청주시', '강서1동')","('청주시', '강서1동')",강서1동,1288.1,1541.7,922.6,469.3,1611.7,1177.7,264.4,9.0,13.0,42.0,59.0,3.0,5.0,22.0,35.0,8.0,20.0,77.0,174.0,553.4,17.9,청주시,강서1동,"('청주시', '강서1동')"
강서1동,4311376000,강서제1동,청주시,2022,28357.0,9757.0,2930.0,3758.0,4571.0,34.407730013753216,10.332545755898014,13.252459710124484,16.11947667242656,10.252629192258004,-0.6237953390572981,-2.673316708229423,-149.0,28535.0,28446.0,-0.5237994797159531,17.0,8.0,2.0,0.0,118.0,411.223,500.0,475.0,77.0,53.0,1638.0,4064.0,17485.0,1651.0,61.66026025320027,9.442379182156134,0.5994992418097824,0.282117290263427,0.0705293225658567,0.0,17.63233064146419,2.7153789187854853,4.161230031385549,1,0,-5.555555555555558,0.0,3.950103950103956,8.985321842176138,청주시,강서1동,"('청주시', '강서1동')","('청주시', '강서1동')",강서1동,1288.1,1541.7,922.6,469.3,1611.7,1177.7,264.4,9.0,13.0,42.0,59.0,3.0,5.0,22.0,35.0,8.0,20.0,77.0,174.0,553.4,17.9,청주시,강서1동,"('청주시', '강서1동')"
강서1동,4311376000,강서제1동,청주시,2023,31051.0,10310.0,3603.0,4043.0,4834.0,33.20343950275353,11.603491030884673,13.020514637209752,15.567936620398696,10.34338629296218,9.5002997496209,5.667725735369489,2669.0,28357.0,29704.0,8.985321842176138,16.0,8.0,2.0,0.0,118.0,411.223,474.0,410.0,49.0,33.0,1503.0,4119.0,17517.0,1502.0,56.41364207271907,8.574527601758291,0.5152813113909375,0.2576406556954687,0.0644101639238671,0.0,15.265208849956522,1.578049016134746,3.800199671508164,1,0,-5.882352941176472,0.0,-5.200000000000005,-1.4097744360902256,청주시,강서1동,"('청주시', '강서1동')","('청주시', '강서1동')",강서1동,1288.1,1541.7,922.6,469.3,1611.7,1177.7,264.4,9.0,13.0,42.0,59.0,3.0,5.0,22.0,35.0,8.0,20.0,77.0,174.0,553.4,17.9,청주시,강서1동,"('청주시', '강서1동')"
강서1동,4311376000,강서제1동,청주시,2024,30661.0,9916.0,3432.0,4360.0,4672.0,32.34075861844036,11.193372688431555,14.220018916538926,15.237598251850889,10.330746767679962,-1.2559981965154066,-3.82153249272551,-435.0,31051.0,30856.0,-1.4097744360902256,17.0,6.0,2.0,0.0,118.0,411.223,452.0,455.0,56.0,34.0,1533.0,4198.0,18499.0,1511.0,60.33397475620495,8.168009081571977,0.5544502788558755,0.1956883337138384,0.0652294445712794,0.0,14.74185447310916,1.8264244479958247,3.8485372297054887,1,0,6.25,-25.0,-4.641350210970463,-1.1966820759975083,청주시,강서1동,"('청주시', '강서1동')","('청주시', '강서1동')",강서1동,1288.1,1541.7,922.6,469.3,1611.7,1177.7,264.4,9.0,13.0,42.0,59.0,3.0,5.0,22.0,35.0,8.0,20.0,77.0,174.0,553.4,17.9,청주시,강서1동,"('청주시', '강서1동')"
강서2동,4311377000,강서제2동,청주시,2019,12619.0,5190.0,2709.0,980.0,2369.0,41.12845708851732,21.467628179728983,7.766067041762422,18.77327838972977,9.44295889365291,43.07256235827664,39.47863477559797,3657.0,8820.0,10719.5,34.11539717337562,6.0,0.0,2.0,0.0,74.0,173.436,90.0,70.0,24.0,7.0,312.0,678.0,16273.0,11334.0,128.9563356842856,69.64911202605542,0.4754734923528013,0.0,0.1584911641176004,0.0,7.132102385292019,1.9018939694112047,5.864173072351217,1,1,100.0,,36.36363636363635,4.286758763997383,청주시,강서2동,"('청주시', '강서2동')","('청주시', '강서2동')",강서2동,3039.5,3341.8,1413.2,244.3,3796.9,1766.0,254.0,0.0,0.0,23.0,56.0,0.0,0.0,13.0,30.0,0.0,1.0,42.0,159.0,2507.8,39.7,청주시,강서2동,"('청주시', '강서2동')"
강서2동,4311377000,강서제2동,청주시,2022,16150.0,6265.0,3824.0,1006.0,2786.0,38.79256965944273,23.6780185758514,6.229102167182663,17.25077399380805,9.689675328650802,18.706357956633603,17.015315651849082,2385.0,13605.0,14877.5,16.030919173248193,13.0,0.0,2.0,0.0,74.0,173.436,116.0,142.0,51.0,10.0,481.0,1443.0,20778.0,12537.0,128.656346749226,60.33785734911926,0.804953560371517,0.0,0.1238390092879257,0.0,7.18266253869969,3.1578947368421053,4.582043343653251,1,1,0.0,,6.422018348623859,0.9915837796480488,청주시,강서2동,"('청주시', '강서2동')","('청주시', '강서2동')",강서2동,3039.5,3341.8,1413.2,244.3,3796.9,1766.0,254.0,0.0,0.0,23.0,56.0,0.0,0.0,13.0,30.0,0.0,1.0,42.0,159.0,2507.8,39.7,청주시,강서2동,"('청주시', '강서2동')"
강서2동,4311377000,강서제2동,청주시,2023,16525.0,6145.0,3889.0,1086.0,2731.0,37.186081694402425,23.534039334341905,6.571860816944024,16.526475037821484,9.712629664719888,2.3219814241486114,-1.9154030327214635,162.0,16150.0,16337.5,0.9915837796480488,13.0,0.0,2.0,0.0,74.0,173.436,99.0,146.0,35.0,6.0,468.0,1523.0,20516.0,12806.0,124.15128593040848,62.41957496588029,0.7866868381240545,0.0,0.1210287443267776,0.0,5.990922844175492,2.118003025718608,4.478063540090772,1,1,0.0,,-14.655172413793103,-2.0084598764492863,청주시,강서2동,"('청주시', '강서2동')","('청주시', '강서2동')",강서2동,3039.5,3341.8,1413.2,244.3,3796.9,1766.0,254.0,0.0,0.0,23.0,56.0,0.0,0.0,13.0,30.0,0.0,1.0,42.0,159.0,2507.8,39.7,청주시,강서2동,"('청주시', '강서2동')"
강서2동,4311377000,강서제2동,청주시,2024,16336.0,5631.0,3828.0,1167.0,2602.0,34.469882468168464,23.43290891283056,7.1437316356513225,15.928011753183156,9.701126540404449,-1.1437216338880507,-8.364524003254681,-330.0,16525.0,16430.5,-2.0084598764492863,14.0,0.0,2.0,0.0,74.0,173.436,93.0,158.0,37.0,7.0,483.0,1678.0,21929.0,12936.0,134.23726738491675,58.99037803821424,0.8570029382957884,0.0,0.1224289911851126,0.0,5.692948090107738,2.264936336924584,4.529872673849168,1,1,7.692307692307687,,-6.060606060606055,6.378588693037789,청주시,강서2동,"('청주시', '강서2동')","('청주시', '강서2동')",강서2동,3039.5,3341.8,1413.2,244.3,3796.9,1766.0,254.0,0.0,0.0,23.0,56.0,0.0,0.0,13.0,30.0,0.0,1.0,42.0,159.0,2507.8,39.7,청주시,강서2동,"('청주시', '강서2동')"
광혜원면,4375037000,광혜원면,진천군,2017,11365.0,3038.0,1652.0,1307.0,1276.0,26.73119225692917,14.535855697316322,11.500219973603167,11.22745270567532,9.338293736286644,1.112099644128106,0.0658761528326667,132.0,11240.0,11302.5,1.167883211678832,9.0,0.0,3.0,1.0,67.0,255.867,139.0,295.0,17.0,10.0,631.0,990.0,7362.0,4354.0,64.77782666080071,59.1415376256452,0.7919049714034316,0.0,0.2639683238011439,0.0879894412670479,12.230532336119666,1.4958205015398152,5.8952925648922125,0,1,-9.999999999999998,,11.20000000000001,-2.0987105380168964,진천군,광혜원면,"('진천군', '광혜원면')","('진천군', '광혜원면')",광혜원면,6753.8,37963.1,1322.6,539.8,1260.9,998.9,239.8,0.0,0.0,2.0,9.0,1.0,1.0,4.0,13.0,2.0,3.0,6.0,38.0,33551.9,7.2,진천군,광혜원면,"('진천군', '광혜원면')"
광혜원면,4375037000,광혜원면,진천군,2018,11125.0,2911.0,1519.0,1347.0,1190.0,26.16629213483146,13.653932584269665,12.107865168539323,10.696629213483146,9.31695010703444,-2.111746590409147,-4.180381830151414,-236.0,11365.0,11245.0,-2.0987105380168964,9.0,0.0,3.0,1.0,67.0,255.867,139.0,321.0,20.0,11.0,678.0,1031.0,7698.0,4408.0,69.19550561797753,57.26162639646661,0.8089887640449438,0.0,0.2696629213483146,0.0898876404494382,12.49438202247191,1.797752808988764,6.022471910112359,0,1,0.0,,0.0,-3.1222896790980053,진천군,광혜원면,"('진천군', '광혜원면')","('진천군', '광혜원면')",광혜원면,6753.8,37963.1,1322.6,539.8,1260.9,998.9,239.8,0.0,0.0,2.0,9.0,1.0,1.0,4.0,13.0,2.0,3.0,6.0,38.0,33551.9,7.2,진천군,광혜원면,"('진천군', '광혜원면')"
광혜원면,4375037000,광혜원면,진천군,2019,10782.0,2665.0,1357.0,1441.0,1092.0,24.7171211278056,12.585791133370432,13.364867371545166,10.127991096271565,9.285633356011614,-3.083146067415732,-8.450704225352112,-342.0,11125.0,10953.5,-3.1222896790980053,9.0,0.0,3.0,1.0,67.0,255.867,141.0,336.0,21.0,12.0,713.0,1064.0,8138.0,4455.0,75.47764793173808,54.74318014254117,0.8347245409015025,0.0,0.2782415136338342,0.092747171211278,13.077351140790206,1.9476905954368395,6.21406047115563,0,1,0.0,,1.4388489208633004,-2.3644210921373614,진천군,광혜원면,"('진천군', '광혜원면')","('진천군', '광혜원면')",광혜원면,6753.8,37963.1,1322.6,539.8,1260.9,998.9,239.8,0.0,0.0,2.0,9.0,1.0,1.0,4.0,13.0,2.0,3.0,6.0,38.0,33551.9,7.2,진천군,광혜원면,"('진천군', '광혜원면')"
광혜원면,4375037000,광혜원면,진천군,2021,10514.0,2404.0,1237.0,1590.0,940.0,22.864751759558683,11.765265360471751,15.1226935514552,8.940460338596159,9.260462981379394,-0.1898614011771382,-2.47464503042596,24.0,10534.0,10524.0,0.2280501710376282,8.0,0.0,3.0,1.0,67.0,255.867,153.0,350.0,24.0,12.0,761.0,1379.0,8133.0,4543.0,77.35400418489633,55.85884667404402,0.7608902415826517,0.0,0.2853338405934943,0.0951112801978314,14.552025870268212,2.282670724747955,6.372455773254707,0,1,-11.111111111111116,,-1.2903225806451646,6.902890757847327,진천군,광혜원면,"('진천군', '광혜원면')","('진천군', '광혜원면')",광혜원면,6753.8,37963.1,1322.6,539.8,1260.9,998.9,239.8,0.0,0.0,2.0,9.0,1.0,1.0,4.0,13.0,2.0,3.0,6.0,38.0,33551.9,7.2,진천군,광혜원면,"('진천군', '광혜원면')"
광혜원면,4375037000,광혜원면,진천군,2022,11245.0,2650.0,1178.0,1763.0,1035.0,23.566029346376165,10.475767007558916,15.67807914628724,9.20409070698088,9.327678864393416,6.95263458246147,10.232945091514134,751.0,10514.0,10879.5,6.902890757847327,7.0,0.0,3.0,1.0,67.0,255.867,169.0,363.0,28.0,11.0,810.0,1352.0,8002.0,4852.0,71.16051578479325,60.63484128967757,0.6224988883948421,0.0,0.2667852378835038,0.0889284126278346,15.028901734104046,2.4899955535793685,5.958203646064918,0,1,-12.5,,10.457516339869288,0.4089252377989154,진천군,광혜원면,"('진천군', '광혜원면')","('진천군', '광혜원면')",광혜원면,6753.8,37963.1,1322.6,539.8,1260.9,998.9,239.8,0.0,0.0,2.0,9.0,1.0,1.0,4.0,13.0,2.0,3.0,6.0,38.0,33551.9,7.2,진천군,광혜원면,"('진천군', '광혜원면')"
광혜원면,4375037000,광혜원면,진천군,2023,11253.0,2569.0,1105.0,1855.0,982.0,22.82946769750289,9.81960366124589,16.484493024082468,8.726561805740692,9.328390038749998,0.0711427301022693,-3.056603773584909,46.0,11245.0,11249.0,0.4089252377989154,6.0,0.0,3.0,1.0,67.0,255.867,159.0,344.0,13.0,1.0,753.0,1398.0,7932.0,4773.0,70.48786990135963,60.17397881996974,0.5331911490269261,0.0,0.266595574513463,0.0888651915044876,14.129565449213544,1.15524748955834,5.953967830800676,0,1,-14.28571428571429,,-5.917159763313606,-2.943300830624774,진천군,광혜원면,"('진천군', '광혜원면')","('진천군', '광혜원면')",광혜원면,6753.8,37963.1,1322.6,539.8,1260.9,998.9,239.8,0.0,0.0,2.0,9.0,1.0,1.0,4.0,13.0,2.0,3.0,6.0,38.0,33551.9,7.2,진천군,광혜원면,"('진천군', '광혜원면')"
광혜원면,4375037000,광혜원면,진천군,2024,10899.0,2374.0,1016.0,1930.0,908.0,21.78181484539866,9.321956142765393,17.708046609780716,8.331039544912377,9.296426320889312,-3.1458277792588696,-7.59050214091086,-326.0,11253.0,11076.0,-2.943300830624774,5.0,0.0,3.0,1.0,67.0,255.867,150.0,348.0,18.0,3.0,742.0,1506.0,8327.0,5110.0,76.40150472520415,61.366638645370486,0.4587576841912102,0.0,0.2752546105147261,0.091751536838242,13.762730525736306,1.6515276630883566,6.147352968162218,0,1,-16.666666666666664,,-5.660377358490565,-2.683938306695867,진천군,광혜원면,"('진천군', '광혜원면')","('진천군', '광혜원면')",광혜원면,6753.8,37963.1,1322.6,539.8,1260.9,998.9,239.8,0.0,0.0,2.0,9.0,1.0,1.0,4.0,13.0,2.0,3.0,6.0,38.0,33551.9,7.2,진천군,광혜원면,"('진천군', '광혜원면')"
괴산읍,4376025000,괴산읍,괴산군,2017,10563.0,2588.0,1223.0,1976.0,1169.0,24.50061535548613,11.578150146738617,18.70680677837736,11.066931742876076,9.265112607823164,4.305322405450784,11.744386873920543,446.0,10127.0,10345.0,4.311261478975351,6.0,4.0,5.0,6.0,82.0,410.376,210.0,299.0,7.0,2.0,728.0,1208.0,6499.0,827.0,61.52608160560447,12.72503462071088,0.5680204487361544,0.3786802991574363,0.4733503739467954,0.5680204487361544,19.880715705765407,0.6626905235255136,7.762946132727445,0,0,0.0,0.0,7.14285714285714,0.5389816084345893,괴산군,괴산읍,"('괴산군', '괴산읍')","('괴산군', '괴산읍')",괴산읍,1714.5,28565.3,1829.1,709.0,1559.5,1718.0,583.9,0.0,1.0,2.0,4.0,1.0,5.0,5.0,7.0,0.0,4.0,8.0,16.0,23468.1,107.2,괴산군,괴산읍,"('괴산군', '괴산읍')"
괴산읍,4376025000,괴산읍,괴산군,2018,10588.0,2666.0,1182.0,2045.0,1210.0,25.179448432187385,11.163581412920289,19.314318095957688,11.428031734038534,9.267476563346992,0.2366751869733896,3.01391035548686,57.0,10563.0,10575.5,0.5389816084345893,6.0,4.0,5.0,6.0,82.0,410.376,214.0,300.0,7.0,2.0,738.0,1222.0,6712.0,939.0,63.39251983377409,13.989868891537544,0.5666792595391009,0.3777861730260672,0.472232716282584,0.5666792595391009,20.2115602568946,0.6611258027956177,7.744616547034378,0,0,0.0,0.0,1.904761904761898,-0.1419043564637434,괴산군,괴산읍,"('괴산군', '괴산읍')","('괴산군', '괴산읍')",괴산읍,1714.5,28565.3,1829.1,709.0,1559.5,1718.0,583.9,0.0,1.0,2.0,4.0,1.0,5.0,5.0,7.0,0.0,4.0,8.0,16.0,23468.1,107.2,괴산군,괴산읍,"('괴산군', '괴산읍')"
괴산읍,4376025000,괴산읍,괴산군,2019,10553.0,2630.0,1165.0,2135.0,1172.0,24.921823178243155,11.039514829906189,20.23121387283237,11.105846678669574,9.26416545867109,-0.3305629013978128,-1.3503375843960996,-15.0,10588.0,10570.5,-0.1419043564637434,6.0,4.0,5.0,6.0,82.0,410.376,210.0,304.0,11.0,2.0,748.0,1255.0,6963.0,984.0,65.98123756277836,14.131839724256787,0.5685587036861556,0.3790391357907704,0.473798919738463,0.5685587036861556,19.899554629015448,1.0423576234246186,7.770302283710794,0,0,0.0,0.0,-1.869158878504673,-0.0379885084761859,괴산군,괴산읍,"('괴산군', '괴산읍')","('괴산군', '괴산읍')",괴산읍,1714.5,28565.3,1829.1,709.0,1559.5,1718.0,583.9,0.0,1.0,2.0,4.0,1.0,5.0,5.0,7.0,0.0,4.0,8.0,16.0,23468.1,107.2,괴산군,괴산읍,"('괴산군', '괴산읍')"
괴산읍,4376025000,괴산읍,괴산군,2021,9753.0,2048.0,993.0,2253.0,913.0,20.998667076796885,10.181482620732082,23.10058443555829,9.361222188044705,9.185330208972015,-7.167332952598516,-16.305680425010216,-658.0,10506.0,10129.5,-6.495878375043191,5.0,4.0,5.0,6.0,82.0,410.376,230.0,312.0,17.0,3.0,794.0,1574.0,8270.0,1033.0,84.79442222905773,12.49093107617896,0.5126627704296114,0.4101302163436892,0.5126627704296114,0.6151953245155337,23.58248743976212,1.7430534194606786,8.407669435045626,0,0,0.0,0.0,6.976744186046502,-2.46438598315483,괴산군,괴산읍,"('괴산군', '괴산읍')","('괴산군', '괴산읍')",괴산읍,1714.5,28565.3,1829.1,709.0,1559.5,1718.0,583.9,0.0,1.0,2.0,4.0,1.0,5.0,5.0,7.0,0.0,4.0,8.0,16.0,23468.1,107.2,괴산군,괴산읍,"('괴산군', '괴산읍')"
괴산읍,4376025000,괴산읍,괴산군,2022,9481.0,1898.0,938.0,2332.0,842.0,20.01898533909925,9.89347115283198,24.59656154414091,8.880919734205253,9.15704507491796,-2.7888854711370814,-7.32421875,-237.0,9753.0,9617.0,-2.46438598315483,5.0,4.0,5.0,6.0,82.0,410.376,242.0,321.0,18.0,3.0,828.0,1570.0,8108.0,970.0,85.51840523151566,11.963492846571286,0.5273705305347537,0.4218964244278029,0.5273705305347537,0.6328446366417044,25.52473367788208,1.8985339099251133,8.64887670076996,0,0,0.0,0.0,5.217391304347818,-0.7751937984496124,괴산군,괴산읍,"('괴산군', '괴산읍')","('괴산군', '괴산읍')",괴산읍,1714.5,28565.3,1829.1,709.0,1559.5,1718.0,583.9,0.0,1.0,2.0,4.0,1.0,5.0,5.0,7.0,0.0,4.0,8.0,16.0,23468.1,107.2,괴산군,괴산읍,"('괴산군', '괴산읍')"
괴산읍,4376025000,괴산읍,괴산군,2023,9353.0,1793.0,903.0,2388.0,789.0,19.170319683524003,9.654656260023522,25.53191489361702,8.43579600128301,9.143452426434552,-1.3500685581689709,-5.532139093782929,-73.0,9481.0,9417.0,-0.7751937984496124,5.0,4.0,5.0,6.0,82.0,410.376,219.0,309.0,15.0,4.0,783.0,1609.0,8588.0,918.0,91.82080615845184,10.689333954354916,0.5345878327809259,0.4276702662247407,0.5345878327809259,0.6415053993371111,23.414947075804555,1.6037634983427775,8.767240457607187,0,0,0.0,0.0,-9.50413223140496,-0.8938667815411125,괴산군,괴산읍,"('괴산군', '괴산읍')","('괴산군', '괴산읍')",괴산읍,1714.5,28565.3,1829.1,709.0,1559.5,1718.0,583.9,0.0,1.0,2.0,4.0,1.0,5.0,5.0,7.0,0.0,4.0,8.0,16.0,23468.1,107.2,괴산군,괴산읍,"('괴산군', '괴산읍')"
괴산읍,4376025000,괴산읍,괴산군,2024,9218.0,1747.0,804.0,2489.0,774.0,18.952050336298544,8.72206552397483,27.00151876762856,8.396615317856368,9.128913373280454,-1.4433871485085017,-2.5655326268823164,-83.0,9353.0,9285.5,-0.8938667815411125,5.0,4.0,5.0,6.0,82.0,410.376,222.0,320.0,22.0,7.0,809.0,1660.0,8870.0,929.0,96.22477760902582,10.473506200676438,0.5424170101974398,0.4339336081579519,0.5424170101974398,0.6509004122369277,24.08331525276633,2.386634844868736,8.895638967238014,0,0,0.0,0.0,1.3698630136986356,5.6269501295679305,괴산군,괴산읍,"('괴산군', '괴산읍')","('괴산군', '괴산읍')",괴산읍,1714.5,28565.3,1829.1,709.0,1559.5,1718.0,583.9,0.0,1.0,2.0,4.0,1.0,5.0,5.0,7.0,0.0,4.0,8.0,16.0,23468.1,107.2,괴산군,괴산읍,"('괴산군', '괴산읍')"
교동,4315051000,교동,제천시,2017,19339.0,4554.0,3116.0,2125.0,2177.0,23.54827033455712,16.11251874450592,10.988158643156316,11.257045348777082,9.8698790613623,5.891693588128999,10.937880633373933,1059.0,18263.0,18801.0,5.632679112813149,10.0,0.0,2.0,2.0,52.0,59.446,133.0,242.0,56.0,4.0,653.0,1133.0,3265.0,162.0,16.882982574073115,4.961715160796325,0.5170898185014737,0.0,0.1034179637002947,0.1034179637002947,6.8772945860696,2.8957029836082526,2.6888670562076635,0,1,-9.090909090909092,,19.819819819819816,-0.7724409652919982,제천시,교동,"('제천시', '교동')","('제천시', '교동')",교동,1119.7,1539.1,327.4,293.1,856.6,1093.0,89.8,0.0,3.0,7.0,10.0,1.0,3.0,9.0,13.0,0.0,6.0,22.0,32.0,1421.3,28.3,제천시,교동,"('제천시', '교동')"
교동,4315051000,교동,제천시,2018,19240.0,4589.0,2998.0,2216.0,2172.0,23.85135135135135,15.58212058212058,11.517671517671518,11.28898128898129,9.864746724219698,-0.5119189203164565,0.7685551163812088,-149.0,19339.0,19289.5,-0.7724409652919982,11.0,0.0,2.0,2.0,52.0,59.446,139.0,259.0,62.0,4.0,705.0,1155.0,3375.0,176.0,17.54158004158004,5.214814814814814,0.5717255717255718,0.0,0.1039501039501039,0.1039501039501039,7.224532224532226,3.2224532224532227,2.702702702702702,0,1,10.000000000000009,,4.511278195488733,-1.0122883456390723,제천시,교동,"('제천시', '교동')","('제천시', '교동')",교동,1119.7,1539.1,327.4,293.1,856.6,1093.0,89.8,0.0,3.0,7.0,10.0,1.0,3.0,9.0,13.0,0.0,6.0,22.0,32.0,1421.3,28.3,제천시,교동,"('제천시', '교동')"
교동,4315051000,교동,제천시,2019,19089.0,4416.0,2823.0,2342.0,2111.0,23.133741945623136,14.788621719314786,12.268845932212267,11.05872492011106,9.8568675319009,-0.7848232848232883,-3.769884506428411,-194.0,19240.0,19164.5,-1.0122883456390723,11.0,0.0,2.0,2.0,52.0,59.446,140.0,282.0,72.0,5.0,752.0,1183.0,3573.0,165.0,18.71758604431872,4.617968094038623,0.5762481010005762,0.0,0.1047723820001047,0.1047723820001047,7.3340667400073345,3.771805752003772,2.7240819320027243,0,1,0.0,,0.7194244604316502,-1.0214020585989942,제천시,교동,"('제천시', '교동')","('제천시', '교동')",교동,1119.7,1539.1,327.4,293.1,856.6,1093.0,89.8,0.0,3.0,7.0,10.0,1.0,3.0,9.0,13.0,0.0,6.0,22.0,32.0,1421.3,28.3,제천시,교동,"('제천시', '교동')"
교동,4315051000,교동,제천시,2021,18544.0,4080.0,2555.0,2650.0,1943.0,22.00172562553925,13.778041415012945,14.290336496980157,10.477782571182054,9.827901565579532,-1.8732140967298136,-5.160390516039048,-333.0,18898.0,18721.0,-1.7787511350889376,10.0,0.0,2.0,2.0,52.0,59.446,161.0,296.0,84.0,5.0,834.0,1474.0,3808.0,157.0,20.53494391716997,4.1228991596638656,0.5392579810181191,0.0,0.1078515962036238,0.1078515962036238,8.682053494391717,4.5297670405522,2.8041415012942195,0,1,-9.090909090909092,,5.921052631578938,-1.1291767324448303,제천시,교동,"('제천시', '교동')","('제천시', '교동')",교동,1119.7,1539.1,327.4,293.1,856.6,1093.0,89.8,0.0,3.0,7.0,10.0,1.0,3.0,9.0,13.0,0.0,6.0,22.0,32.0,1421.3,28.3,제천시,교동,"('제천시', '교동')"
교동,4315051000,교동,제천시,2022,18297.0,3928.0,2369.0,2852.0,1838.0,21.468000218615074,12.947477728589384,15.587254741214409,10.045362627753184,9.814492390964563,-1.3319672131147486,-3.725490196078429,-208.0,18544.0,18420.5,-1.1291767324448303,10.0,0.0,2.0,2.0,52.0,59.446,169.0,300.0,87.0,6.0,863.0,1534.0,3878.0,145.0,21.194731376728427,3.739040742650851,0.5465376837732961,0.0,0.1093075367546592,0.1093075367546592,9.236486855768703,4.754877848827677,2.84199595562114,0,1,0.0,,4.968944099378891,-1.3881238294590723,제천시,교동,"('제천시', '교동')","('제천시', '교동')",교동,1119.7,1539.1,327.4,293.1,856.6,1093.0,89.8,0.0,3.0,7.0,10.0,1.0,3.0,9.0,13.0,0.0,6.0,22.0,32.0,1421.3,28.3,제천시,교동,"('제천시', '교동')"
교동,4315051000,교동,제천시,2023,18011.0,3761.0,2227.0,3052.0,1773.0,20.88168341569041,12.364666037421577,16.94520015546055,9.84398423185831,9.798737961337055,-1.5630977755916264,-4.251527494908347,-252.0,18297.0,18154.0,-1.3881238294590723,9.0,0.0,2.0,2.0,52.0,59.446,143.0,277.0,33.0,1.0,748.0,1579.0,4048.0,152.0,22.475154072511245,3.75494071146245,0.4996946310587974,0.0,0.1110432513463994,0.1110432513463994,7.939592471267558,1.8322136472155903,2.887124535006385,0,1,-9.999999999999998,,-15.384615384615383,2.2084271823325827,제천시,교동,"('제천시', '교동')","('제천시', '교동')",교동,1119.7,1539.1,327.4,293.1,856.6,1093.0,89.8,0.0,3.0,7.0,10.0,1.0,3.0,9.0,13.0,0.0,6.0,22.0,32.0,1421.3,28.3,제천시,교동,"('제천시', '교동')"
교동,4315051000,교동,제천시,2024,18395.0,3817.0,2264.0,3275.0,1784.0,20.75020385974449,12.307692307692308,17.803751019298723,9.698287578146235,9.819834167538875,2.1320304258508616,1.4889657006115442,402.0,18011.0,18203.0,2.2084271823325827,7.0,0.0,2.0,2.0,52.0,59.446,138.0,310.0,37.0,2.0,784.0,1617.0,4198.0,126.0,22.82141886382169,3.001429252024774,0.3805381897254689,0.0,0.1087251970644196,0.1087251970644196,7.502038597444958,2.011416145691764,2.826855123674912,0,1,-22.22222222222222,,-3.4965034965035,7.609577391076802,제천시,교동,"('제천시', '교동')","('제천시', '교동')",교동,1119.7,1539.1,327.4,293.1,856.6,1093.0,89.8,0.0,3.0,7.0,10.0,1.0,3.0,9.0,13.0,0.0,6.0,22.0,32.0,1421.3,28.3,제천시,교동,"('제천시', '교동')"
교현2동,4313054000,교현2동,충주시,2017,8215.0,1899.0,754.0,1648.0,832.0,23.116250760803407,9.178332318928788,20.060864272671942,10.127814972611077,9.01371703047137,-1.933866539333895,-3.55510411376333,-137.0,8377.0,8296.0,-1.6513982642237222,0.0,0.0,0.0,0.0,13.0,18.977,145.0,145.0,16.0,6.0,529.0,841.0,5070.0,82.0,61.71637248934875,1.6173570019723866,0.0,0.0,0.0,0.0,17.650639074863058,1.9476567255021304,1.5824710894704808,1,1,,,6.617647058823528,-5.221964811220337,충주시,교현2동,"('충주시', '교현2동')","('충주시', '교현2동')",교현2동,592.4,592.4,45.6,340.1,333.6,214.5,71.9,3.0,5.0,10.0,12.0,4.0,5.0,10.0,14.0,4.0,14.0,27.0,38.0,592.4,45.6,충주시,교현2동,"('충주시', '교현2동')"
교현2동,4313054000,교현2동,충주시,2018,7756.0,1749.0,669.0,1694.0,757.0,22.550283651366684,8.625580195977307,21.84115523465704,9.760185662712738,8.956222016362542,-5.587340231284232,-7.898894154818326,-417.0,8215.0,7985.5,-5.221964811220337,0.0,0.0,0.0,0.0,13.0,18.977,148.0,155.0,17.0,7.0,540.0,837.0,4925.0,90.0,63.49922640536359,1.8274111675126905,0.0,0.0,0.0,0.0,19.08200103145952,2.191851469829809,1.6761217122227954,1,1,,,2.0689655172413834,-5.596915713905877,충주시,교현2동,"('충주시', '교현2동')","('충주시', '교현2동')",교현2동,592.4,592.4,45.6,340.1,333.6,214.5,71.9,3.0,5.0,10.0,12.0,4.0,5.0,10.0,14.0,4.0,14.0,27.0,38.0,592.4,45.6,충주시,교현2동,"('충주시', '교현2동')"
교현2동,4313054000,교현2동,충주시,2019,7288.0,1528.0,560.0,1753.0,661.0,20.96597145993414,7.683863885839736,24.05323819978046,9.069703622392977,8.893984438939794,-6.034038164002064,-12.635791881074898,-421.0,7756.0,7522.0,-5.596915713905877,0.0,0.0,0.0,0.0,13.0,18.977,150.0,163.0,19.0,7.0,558.0,850.0,4231.0,59.0,58.0543358946213,1.3944693925785865,0.0,0.0,0.0,0.0,20.58177826564216,2.6070252469813395,1.7837541163556534,1,1,,,1.3513513513513598,-2.21479314667781,충주시,교현2동,"('충주시', '교현2동')","('충주시', '교현2동')",교현2동,592.4,592.4,45.6,340.1,333.6,214.5,71.9,3.0,5.0,10.0,12.0,4.0,5.0,10.0,14.0,4.0,14.0,27.0,38.0,592.4,45.6,충주시,교현2동,"('충주시', '교현2동')"
교현2동,4313054000,교현2동,충주시,2021,6807.0,1375.0,461.0,1854.0,548.0,20.199794329366828,6.772440135154987,27.23666813574262,8.050536212722198,8.825706773447951,-3.71994342291372,-7.656145063801212,-187.0,7070.0,6938.5,-2.695107011601931,0.0,0.0,0.0,0.0,13.0,18.977,151.0,170.0,20.0,6.0,573.0,981.0,4112.0,60.0,60.408403114441015,1.4591439688715953,0.0,0.0,0.0,0.0,22.183046863522847,2.938151902453357,1.909798736594682,1,1,,,2.7210884353741527,-1.234935277488469,충주시,교현2동,"('충주시', '교현2동')","('충주시', '교현2동')",교현2동,592.4,592.4,45.6,340.1,333.6,214.5,71.9,3.0,5.0,10.0,12.0,4.0,5.0,10.0,14.0,4.0,14.0,27.0,38.0,592.4,45.6,충주시,교현2동,"('충주시', '교현2동')"
교현2동,4313054000,교현2동,충주시,2022,6635.0,1331.0,421.0,1902.0,557.0,20.060286360211,6.345139412207988,28.66616428033157,8.394875659382064,8.800113946766308,-2.5268106361098885,-3.200000000000003,-83.0,6807.0,6721.0,-1.234935277488469,0.0,0.0,0.0,0.0,13.0,18.977,157.0,166.0,23.0,6.0,590.0,941.0,3929.0,59.0,59.216277317256974,1.501654364978366,0.0,0.0,0.0,0.0,23.662396382818383,3.4664657121326297,1.959306706857573,1,1,,,3.973509933774833,-3.592629712435433,충주시,교현2동,"('충주시', '교현2동')","('충주시', '교현2동')",교현2동,592.4,592.4,45.6,340.1,333.6,214.5,71.9,3.0,5.0,10.0,12.0,4.0,5.0,10.0,14.0,4.0,14.0,27.0,38.0,592.4,45.6,충주시,교현2동,"('충주시', '교현2동')"
교현2동,4313054000,교현2동,충주시,2023,6336.0,1194.0,373.0,1999.0,501.0,18.84469696969697,5.88699494949495,31.549873737373733,7.90719696969697,8.754002933494261,-4.506405425772419,-10.293012772351616,-233.0,6635.0,6485.5,-3.592629712435433,0.0,0.0,0.0,0.0,13.0,18.977,147.0,157.0,13.0,0.0,543.0,925.0,3955.0,65.0,62.421085858585855,1.643489254108723,0.0,0.0,0.0,0.0,23.20075757575757,2.051767676767677,2.051767676767677,1,1,,,-6.369426751592355,-0.7479907694756107,충주시,교현2동,"('충주시', '교현2동')","('충주시', '교현2동')",교현2동,592.4,592.4,45.6,340.1,333.6,214.5,71.9,3.0,5.0,10.0,12.0,4.0,5.0,10.0,14.0,4.0,14.0,27.0,38.0,592.4,45.6,충주시,교현2동,"('충주시', '교현2동')"
교현2동,4313054000,교현2동,충주시,2024,6231.0,1163.0,381.0,2045.0,510.0,18.66474081206869,6.114588348579683,32.81977210720591,8.184882041405874,8.737292112544221,-1.6571969696969724,-2.596314907872699,-47.0,6336.0,6283.5,-0.7479907694756107,0.0,0.0,0.0,0.0,13.0,18.977,141.0,158.0,14.0,1.0,541.0,1077.0,4153.0,67.0,66.65061787835018,1.613291596436311,0.0,0.0,0.0,0.0,22.62879152623977,2.2468303643074945,2.086342481142674,1,1,,,-4.081632653061229,-2.931062714917308,충주시,교현2동,"('충주시', '교현2동')","('충주시', '교현2동')",교현2동,592.4,592.4,45.6,340.1,333.6,214.5,71.9,3.0,5.0,10.0,12.0,4.0,5.0,10.0,14.0,4.0,14.0,27.0,38.0,592.4,45.6,충주시,교현2동,"('충주시', '교현2동')"
교현안림동,4313053500,교현.안림동,충주시,2017,26563.0,6578.0,3630.0,3676.0,3011.0,24.763769152580657,13.665625117644844,13.838798328502053,11.335316041109817,10.187274549019024,2.0162838927721083,1.2623152709359653,530.0,26038.0,26300.5,2.015170814243075,20.0,3.0,8.0,2.0,65.0,208.927,177.0,329.0,27.0,8.0,777.0,1459.0,5322.0,161.0,20.03538756917517,3.0251785043216834,0.7529270037269886,0.1129390505590483,0.3011708014907954,0.0752927003726988,6.66340398298385,1.0164514550314347,2.4470127621127133,0,0,0.0,0.0,20.40816326530612,-4.5313673025467285,충주시,교현안림동,"('충주시', '교현안림동')","('충주시', '교현안림동')",교현·안림동,1843.7,2126.1,850.9,312.7,1061.3,691.6,161.0,0.0,0.0,11.0,11.0,3.0,5.0,8.0,12.0,4.0,11.0,25.0,32.0,1601.7,29.7,충주시,교현안림동,"('충주시', '교현안림동')"
교현안림동,4313053500,교현.안림동,충주시,2018,25386.0,6117.0,3332.0,3791.0,2823.0,24.09595840226897,13.125344678169071,14.933427873631135,11.120302528952966,10.141953119948122,-4.430975416933325,-7.008209182122227,-1177.0,26563.0,25974.5,-4.5313673025467285,20.0,3.0,8.0,2.0,65.0,208.927,193.0,352.0,33.0,9.0,848.0,1488.0,5589.0,169.0,22.01607185062633,3.023796743603507,0.7878358150161507,0.1181753722524226,0.3151343260064603,0.078783581501615,7.602615614905853,1.2999290947766486,2.5604663988024896,0,0,0.0,0.0,9.039548022598876,-5.456644588928723,충주시,교현안림동,"('충주시', '교현안림동')","('충주시', '교현안림동')",교현·안림동,1843.7,2126.1,850.9,312.7,1061.3,691.6,161.0,0.0,0.0,11.0,11.0,3.0,5.0,8.0,12.0,4.0,11.0,25.0,32.0,1601.7,29.7,충주시,교현안림동,"('충주시', '교현안림동')"
교현안림동,4313053500,교현.안림동,충주시,2019,23985.0,5498.0,2962.0,3945.0,2474.0,22.922659995830728,12.34938503231186,16.44777986241401,10.314780070877632,10.085183913936165,-5.518789884188136,-10.119339545528849,-1347.0,25386.0,24685.5,-5.456644588928723,21.0,3.0,8.0,2.0,65.0,208.927,203.0,349.0,38.0,10.0,884.0,1513.0,5827.0,147.0,24.294350635814048,2.522738973742921,0.8755472170106317,0.1250781738586616,0.3335417969564311,0.0833854492391077,8.46362309776944,1.5843235355430476,2.7100271002710024,0,0,5.000000000000004,0.0,5.181347150259064,-1.205553105244366,충주시,교현안림동,"('충주시', '교현안림동')","('충주시', '교현안림동')",교현·안림동,1843.7,2126.1,850.9,312.7,1061.3,691.6,161.0,0.0,0.0,11.0,11.0,3.0,5.0,8.0,12.0,4.0,11.0,25.0,32.0,1601.7,29.7,충주시,교현안림동,"('충주시', '교현안림동')"
교현안림동,4313053500,교현.안림동,충주시,2021,23334.0,4970.0,2753.0,4312.0,2239.0,21.299391445958687,11.798234336161824,18.47947201508528,9.595440130281991,10.0576668033838,-1.244286439817166,-4.734521755798349,-157.0,23628.0,23481.0,-0.6686256973723436,19.0,3.0,8.0,2.0,65.0,208.927,215.0,384.0,52.0,11.0,969.0,1874.0,6491.0,146.0,27.81777663495329,2.249268217531968,0.8142624496442958,0.1285677552069941,0.3428473472186508,0.0857118368046627,9.214022456501244,2.228507756921231,2.785634696151539,0,0,-9.523809523809524,0.0,6.965174129353224,-0.0688038874196392,충주시,교현안림동,"('충주시', '교현안림동')","('충주시', '교현안림동')",교현·안림동,1843.7,2126.1,850.9,312.7,1061.3,691.6,161.0,0.0,0.0,11.0,11.0,3.0,5.0,8.0,12.0,4.0,11.0,25.0,32.0,1601.7,29.7,충주시,교현안림동,"('충주시', '교현안림동')"
교현안림동,4313053500,교현.안림동,충주시,2022,23175.0,4720.0,2652.0,4554.0,2121.0,20.366774541531825,11.44336569579288,19.6504854368932,9.15210355987055,10.050829390434057,-0.6814091025970637,-5.030181086519114,-16.0,23334.0,23254.5,-0.0688038874196392,17.0,3.0,8.0,2.0,65.0,208.927,225.0,397.0,55.0,11.0,1003.0,1927.0,7069.0,134.0,30.50269687162891,1.8956005092658084,0.7335490830636461,0.1294498381877022,0.3451995685005393,0.0862998921251348,9.70873786407767,2.373247033441209,2.8047464940668827,0,0,-10.526315789473683,0.0,4.651162790697683,-1.8683837171232127,충주시,교현안림동,"('충주시', '교현안림동')","('충주시', '교현안림동')",교현·안림동,1843.7,2126.1,850.9,312.7,1061.3,691.6,161.0,0.0,0.0,11.0,11.0,3.0,5.0,8.0,12.0,4.0,11.0,25.0,32.0,1601.7,29.7,충주시,교현안림동,"('충주시', '교현안림동')"
교현안림동,4313053500,교현.안림동,충주시,2023,22640.0,4441.0,2409.0,4796.0,1991.0,19.61572438162544,10.640459363957596,21.183745583038867,8.79416961130742,10.02747353231712,-2.3085221143473555,-5.911016949152548,-428.0,23175.0,22907.5,-1.8683837171232127,16.0,3.0,8.0,2.0,65.0,208.927,215.0,371.0,27.0,1.0,929.0,1950.0,7310.0,128.0,32.28798586572438,1.7510259917920656,0.7067137809187279,0.1325088339222614,0.3533568904593639,0.0883392226148409,9.496466431095406,1.1925795053003534,2.871024734982332,0,0,-5.882352941176472,0.0,-4.444444444444439,-1.6552154903185508,충주시,교현안림동,"('충주시', '교현안림동')","('충주시', '교현안림동')",교현·안림동,1843.7,2126.1,850.9,312.7,1061.3,691.6,161.0,0.0,0.0,11.0,11.0,3.0,5.0,8.0,12.0,4.0,11.0,25.0,32.0,1601.7,29.7,충주시,교현안림동,"('충주시', '교현안림동')"
교현안림동,4313053500,교현.안림동,충주시,2024,22188.0,4165.0,2262.0,5071.0,1849.0,18.77140796827113,10.194699837750134,22.854696232197583,8.333333333333332,10.007306881175126,-1.996466431095412,-6.214816482774155,-371.0,22640.0,22414.0,-1.6552154903185508,15.0,4.0,8.0,2.0,65.0,208.927,195.0,381.0,31.0,2.0,907.0,1832.0,9706.0,112.0,43.74436632413917,1.153925406964764,0.6760411032990805,0.1802776275464215,0.360555255092843,0.0901388137732107,8.788534342888049,1.3971516134847666,2.929511447629349,0,0,-6.25,33.33333333333333,-9.302325581395356,-2.3559011893870085,충주시,교현안림동,"('충주시', '교현안림동')","('충주시', '교현안림동')",교현·안림동,1843.7,2126.1,850.9,312.7,1061.3,691.6,161.0,0.0,0.0,11.0,11.0,3.0,5.0,8.0,12.0,4.0,11.0,25.0,32.0,1601.7,29.7,충주시,교현안림동,"('충주시', '교현안림동')"
군북면,4373038000,군북면,옥천군,2017,3160.0,472.0,145.0,1026.0,203.0,14.936708860759492,4.588607594936709,32.46835443037975,6.424050632911392,8.058327306580958,-0.4724409448818911,-5.410821643286578,12.0,3175.0,3167.5,0.3788476716653512,0.0,0.0,1.0,0.0,77.0,384.566,45.0,46.0,4.0,0.0,131.0,223.0,770.0,259.0,24.367088607594937,33.63636363636363,0.0,0.0,0.3164556962025316,0.0,14.240506329113924,1.2658227848101269,24.367088607594937,1,1,,,4.651162790697683,-1.6023073225444642,옥천군,군북면,"('옥천군', '군북면')","('옥천군', '군북면')",군북면,7209.2,7246.5,7671.2,1197.3,7478.9,4199.5,701.8,0.0,0.0,3.0,4.0,0.0,0.0,4.0,5.0,1.0,1.0,10.0,17.0,3776.9,4380.8,옥천군,군북면,"('옥천군', '군북면')"
군북면,4373038000,군북면,옥천군,2018,3081.0,445.0,131.0,1049.0,193.0,14.443362544628368,4.251866277182733,34.04738721194418,6.264199935086011,8.033009498596668,-2.500000000000002,-5.720338983050843,-50.0,3160.0,3120.5,-1.6023073225444642,0.0,0.0,1.0,0.0,77.0,384.566,45.0,43.0,4.0,0.0,129.0,219.0,785.0,263.0,25.478740668614087,33.503184713375795,0.0,0.0,0.3245699448231093,0.0,14.60564751703992,1.2982797792924374,24.991885751379424,1,1,,,0.0,0.6179866644982924,옥천군,군북면,"('옥천군', '군북면')","('옥천군', '군북면')",군북면,7209.2,7246.5,7671.2,1197.3,7478.9,4199.5,701.8,0.0,0.0,3.0,4.0,0.0,0.0,4.0,5.0,1.0,1.0,10.0,17.0,3776.9,4380.8,옥천군,군북면,"('옥천군', '군북면')"
군북면,4373038000,군북면,옥천군,2019,3068.0,430.0,129.0,1080.0,190.0,14.015645371577577,4.204693611473273,35.20208604954368,6.192959582790091,8.028781162487148,-0.421940928270037,-3.3707865168539297,19.0,3081.0,3074.5,0.6179866644982924,0.0,0.0,1.0,0.0,77.0,384.566,50.0,47.0,4.0,0.0,137.0,235.0,950.0,340.0,30.96479791395045,35.78947368421053,0.0,0.0,0.3259452411994785,0.0,16.297262059973924,1.303780964797914,25.09778357235984,1,1,,,11.111111111111116,0.4253230819564861,옥천군,군북면,"('옥천군', '군북면')","('옥천군', '군북면')",군북면,7209.2,7246.5,7671.2,1197.3,7478.9,4199.5,701.8,0.0,0.0,3.0,4.0,0.0,0.0,4.0,5.0,1.0,1.0,10.0,17.0,3776.9,4380.8,옥천군,군북면,"('옥천군', '군북면')"
군북면,4373038000,군북면,옥천군,2021,2961.0,343.0,108.0,1138.0,139.0,11.583924349881796,3.64741641337386,38.43296183721716,4.69436001350895,7.993282328101591,-2.758620689655178,-11.13989637305699,-22.0,3045.0,3003.0,-0.7326007326007326,0.0,0.0,1.0,0.0,77.0,384.566,61.0,56.0,7.0,0.0,167.0,423.0,1279.0,352.0,43.19486659912192,27.52150117279124,0.0,0.0,0.3377237419790612,0.0,20.601148260722727,2.364066193853428,26.004728132387704,1,1,,,10.909090909090914,1.2523269588762904,옥천군,군북면,"('옥천군', '군북면')","('옥천군', '군북면')",군북면,7209.2,7246.5,7671.2,1197.3,7478.9,4199.5,701.8,0.0,0.0,3.0,4.0,0.0,0.0,4.0,5.0,1.0,1.0,10.0,17.0,3776.9,4380.8,옥천군,군북면,"('옥천군', '군북면')"
군북면,4373038000,군북면,옥천군,2022,2948.0,307.0,101.0,1210.0,126.0,10.41383989145183,3.426051560379918,41.04477611940299,4.274084124830393,7.988882253309227,-0.4390408645727817,-10.495626822157432,37.0,2961.0,2954.5,1.2523269588762904,0.0,0.0,1.0,0.0,77.0,384.566,66.0,61.0,9.0,0.0,182.0,425.0,1321.0,435.0,44.81004070556309,32.92959878879637,0.0,0.0,0.3392130257801899,0.0,22.388059701492537,3.0529172320217097,26.119402985074625,1,1,,,8.196721311475418,1.1220673240394423,옥천군,군북면,"('옥천군', '군북면')","('옥천군', '군북면')",군북면,7209.2,7246.5,7671.2,1197.3,7478.9,4199.5,701.8,0.0,0.0,3.0,4.0,0.0,0.0,4.0,5.0,1.0,1.0,10.0,17.0,3776.9,4380.8,옥천군,군북면,"('옥천군', '군북면')"
군북면,4373038000,군북면,옥천군,2023,2934.0,299.0,97.0,1239.0,121.0,10.190865712338104,3.306066802999318,42.22903885480573,4.124062713019768,7.984121958702927,-0.4748982360922693,-2.605863192182412,33.0,2948.0,2941.0,1.1220673240394423,0.0,0.0,1.0,0.0,77.0,384.566,68.0,59.0,5.0,0.0,181.0,455.0,1305.0,426.0,44.47852760736196,32.64367816091954,0.0,0.0,0.3408316291751875,0.0,23.176550783912745,1.7041581458759372,26.24403544648944,1,1,,,3.030303030303028,-0.7578367206338271,옥천군,군북면,"('옥천군', '군북면')","('옥천군', '군북면')",군북면,7209.2,7246.5,7671.2,1197.3,7478.9,4199.5,701.8,0.0,0.0,3.0,4.0,0.0,0.0,4.0,5.0,1.0,1.0,10.0,17.0,3776.9,4380.8,옥천군,군북면,"('옥천군', '군북면')"
군북면,4373038000,군북면,옥천군,2024,2872.0,272.0,90.0,1298.0,119.0,9.47075208913649,3.1337047353760443,45.1949860724234,4.143454038997215,7.962763930168115,-2.11315610088616,-9.030100334448166,-22.0,2934.0,2903.0,-0.7578367206338271,0.0,0.0,1.0,0.0,77.0,384.566,67.0,57.0,4.0,0.0,178.0,480.0,1385.0,447.0,48.22423398328691,32.27436823104693,0.0,0.0,0.3481894150417827,0.0,23.328690807799447,1.392757660167131,26.81058495821727,1,1,,,-1.4705882352941124,3.5825008611780915,옥천군,군북면,"('옥천군', '군북면')","('옥천군', '군북면')",군북면,7209.2,7246.5,7671.2,1197.3,7478.9,4199.5,701.8,0.0,0.0,3.0,4.0,0.0,0.0,4.0,5.0,1.0,1.0,10.0,17.0,3776.9,4380.8,옥천군,군북면,"('옥천군', '군북면')"
군서면,4373037000,군서면,옥천군,2017,2347.0,350.0,113.0,884.0,139.0,14.912654452492545,4.814657008947592,37.66510438858116,5.922454196847038,7.760893195851024,0.9028374892519286,6.707317073170738,51.0,2326.0,2336.5,2.182751979456452,0.0,0.0,1.0,0.0,71.0,277.051,18.0,28.0,1.0,0.0,65.0,186.0,851.0,434.0,36.25905411163187,50.99882491186839,0.0,0.0,0.4260758414997869,0.0,7.669365146996165,0.4260758414997869,30.25138474648488,1,1,,,0.0,-0.9892473118279572,옥천군,군서면,"('옥천군', '군서면')","('옥천군', '군서면')",군서면,6435.9,7320.5,6020.4,577.8,7458.6,2714.1,674.3,0.0,0.0,3.0,7.0,0.0,0.0,4.0,11.0,1.0,1.0,11.0,30.0,2534.0,2668.0,옥천군,군서면,"('옥천군', '군서면')"
군서면,4373037000,군서면,옥천군,2018,2303.0,330.0,108.0,884.0,137.0,14.32913590968302,4.689535388623535,38.38471558836301,5.948762483716892,7.741967899820685,-1.874733702599063,-5.714285714285716,-23.0,2347.0,2325.0,-0.9892473118279572,0.0,0.0,1.0,0.0,71.0,277.051,19.0,29.0,1.0,0.0,67.0,184.0,813.0,415.0,35.30178028658272,51.04551045510455,0.0,0.0,0.4342162396873643,0.0,8.250108554059922,0.4342162396873643,30.829353017802863,1,1,,,5.555555555555558,1.9088937093275489,옥천군,군서면,"('옥천군', '군서면')","('옥천군', '군서면')",군서면,6435.9,7320.5,6020.4,577.8,7458.6,2714.1,674.3,0.0,0.0,3.0,7.0,0.0,0.0,4.0,11.0,1.0,1.0,11.0,30.0,2534.0,2668.0,옥천군,군서면,"('옥천군', '군서면')"
군서면,4373037000,군서면,옥천군,2019,2307.0,333.0,100.0,910.0,144.0,14.434330299089726,4.334633723450368,39.44516688339835,6.241872561768531,7.7437032581737535,0.1736864958749473,0.9090909090909038,44.0,2303.0,2305.0,1.9088937093275489,0.0,0.0,1.0,0.0,71.0,277.051,20.0,30.0,1.0,0.0,68.0,199.0,845.0,426.0,36.627654963155614,50.41420118343195,0.0,0.0,0.4334633723450368,0.0,8.669267446900736,0.4334633723450368,30.775899436497618,1,1,,,5.263157894736836,0.3480530780944094,옥천군,군서면,"('옥천군', '군서면')","('옥천군', '군서면')",군서면,6435.9,7320.5,6020.4,577.8,7458.6,2714.1,674.3,0.0,0.0,3.0,7.0,0.0,0.0,4.0,11.0,1.0,1.0,11.0,30.0,2534.0,2668.0,옥천군,군서면,"('옥천군', '군서면')"
군서면,4373037000,군서면,옥천군,2021,2183.0,241.0,77.0,955.0,104.0,11.039853412734768,3.5272560696289506,43.74713696747595,4.764086120018323,7.688455356549944,-4.672489082969433,-20.98360655737705,-68.0,2290.0,2236.5,-3.040465012295998,0.0,0.0,1.0,0.0,71.0,277.051,24.0,33.0,1.0,0.0,85.0,268.0,859.0,388.0,39.34951901053596,45.16880093131548,0.0,0.0,0.4580852038479157,0.0,10.994044892349976,0.4580852038479157,32.52404947320202,1,1,,,14.28571428571428,1.521087808250749,옥천군,군서면,"('옥천군', '군서면')","('옥천군', '군서면')",군서면,6435.9,7320.5,6020.4,577.8,7458.6,2714.1,674.3,0.0,0.0,3.0,7.0,0.0,0.0,4.0,11.0,1.0,1.0,11.0,30.0,2534.0,2668.0,옥천군,군서면,"('옥천군', '군서면')"
군서면,4373037000,군서면,옥천군,2022,2156.0,220.0,65.0,971.0,93.0,10.20408163265306,3.0148423005565865,45.037105751391465,4.313543599257885,7.676009932028887,-1.2368300503893703,-8.713692946058094,33.0,2183.0,2169.5,1.521087808250749,0.0,0.0,1.0,0.0,71.0,277.051,26.0,34.0,1.0,0.0,90.0,280.0,886.0,401.0,41.09461966604824,45.25959367945824,0.0,0.0,0.463821892393321,0.0,12.059369202226344,0.463821892393321,32.93135435992579,1,1,,,8.333333333333325,-0.6588235294117647,옥천군,군서면,"('옥천군', '군서면')","('옥천군', '군서면')",군서면,6435.9,7320.5,6020.4,577.8,7458.6,2714.1,674.3,0.0,0.0,3.0,7.0,0.0,0.0,4.0,11.0,1.0,1.0,11.0,30.0,2534.0,2668.0,옥천군,군서면,"('옥천군', '군서면')"
군서면,4373037000,군서면,옥천군,2023,2094.0,181.0,58.0,997.0,81.0,8.643744030563514,2.76981852913085,47.61222540592168,3.8681948424068766,7.646831391430482,-2.87569573283859,-17.727272727272727,-14.0,2156.0,2125.0,-0.6588235294117647,0.0,0.0,1.0,0.0,71.0,277.051,21.0,34.0,1.0,0.0,87.0,294.0,889.0,382.0,42.45463228271251,42.96962879640045,0.0,0.0,0.4775549188156638,0.0,10.02865329512894,0.4775549188156638,33.906399235912126,1,1,,,-19.23076923076923,0.6253006253006254,옥천군,군서면,"('옥천군', '군서면')","('옥천군', '군서면')",군서면,6435.9,7320.5,6020.4,577.8,7458.6,2714.1,674.3,0.0,0.0,3.0,7.0,0.0,0.0,4.0,11.0,1.0,1.0,11.0,30.0,2534.0,2668.0,옥천군,군서면,"('옥천군', '군서면')"
군서면,4373037000,군서면,옥천군,2024,2064.0,182.0,52.0,1037.0,83.0,8.817829457364342,2.5193798449612403,50.24224806201551,4.021317829457365,7.632401126601453,-1.4326647564469883,0.5524861878453136,13.0,2094.0,2079.0,0.6253006253006254,0.0,0.0,1.0,0.0,71.0,277.051,19.0,31.0,1.0,0.0,86.0,313.0,923.0,348.0,44.718992248062015,37.70314192849404,0.0,0.0,0.4844961240310078,0.0,9.205426356589149,0.4844961240310078,34.39922480620155,1,1,,,-9.523809523809524,6.072106261859583,옥천군,군서면,"('옥천군', '군서면')","('옥천군', '군서면')",군서면,6435.9,7320.5,6020.4,577.8,7458.6,2714.1,674.3,0.0,0.0,3.0,7.0,0.0,0.0,4.0,11.0,1.0,1.0,11.0,30.0,2534.0,2668.0,옥천군,군서면,"('옥천군', '군서면')"
금가면,4313039000,금가면,충주시,2017,4187.0,1121.0,626.0,791.0,457.0,26.773346071172675,14.951038930021497,18.89180797707189,10.914736087891091,8.339739766019143,-0.7349454717875736,-4.514480408858601,-34.0,4218.0,4202.5,-0.809042236763831,3.0,0.0,2.0,0.0,65.0,269.016,26.0,28.0,3.0,0.0,79.0,164.0,945.0,304.0,22.56985908765225,32.16931216931217,0.7165034631000717,0.0,0.4776689754000478,0.0,6.209696680200621,0.7165034631000717,15.524241700501552,1,1,0.0,,8.333333333333325,-6.605052372150339,충주시,금가면,"('충주시', '금가면')","('충주시', '금가면')",금가면,4417.3,8610.0,5804.6,620.1,5708.7,2895.7,638.3,0.0,0.0,1.0,9.0,0.0,0.0,0.0,12.0,0.0,0.0,4.0,25.0,5403.9,3777.0,충주시,금가면,"('충주시', '금가면')"
금가면,4313039000,금가면,충주시,2018,3928.0,1018.0,528.0,792.0,405.0,25.91649694501018,13.441955193482688,20.16293279022404,10.310590631364562,8.275885669474356,-6.185813231430615,-9.188224799286347,-268.0,4187.0,4057.5,-6.605052372150339,3.0,0.0,2.0,0.0,65.0,269.016,30.0,27.0,3.0,0.0,82.0,165.0,976.0,314.0,24.84725050916497,32.17213114754098,0.7637474541751527,0.0,0.5091649694501018,0.0,7.637474541751528,0.7637474541751527,16.547861507128307,1,1,0.0,,15.384615384615374,-3.312629399585921,충주시,금가면,"('충주시', '금가면')","('충주시', '금가면')",금가면,4417.3,8610.0,5804.6,620.1,5708.7,2895.7,638.3,0.0,0.0,1.0,9.0,0.0,0.0,0.0,12.0,0.0,0.0,4.0,25.0,5403.9,3777.0,충주시,금가면,"('충주시', '금가면')"
금가면,4313039000,금가면,충주시,2019,3800.0,989.0,469.0,807.0,389.0,26.026315789473685,12.342105263157894,21.23684210526316,10.236842105263158,8.242756345714477,-3.258655804480648,-2.8487229862475427,-128.0,3928.0,3864.0,-3.312629399585921,2.0,0.0,2.0,0.0,65.0,269.016,30.0,29.0,4.0,0.0,86.0,196.0,1241.0,357.0,32.65789473684211,28.767123287671232,0.5263157894736842,0.0,0.5263157894736842,0.0,7.894736842105264,1.0526315789473684,17.10526315789474,1,1,-33.333333333333336,,0.0,-0.5275652862041678,충주시,금가면,"('충주시', '금가면')","('충주시', '금가면')",금가면,4417.3,8610.0,5804.6,620.1,5708.7,2895.7,638.3,0.0,0.0,1.0,9.0,0.0,0.0,0.0,12.0,0.0,0.0,4.0,25.0,5403.9,3777.0,충주시,금가면,"('충주시', '금가면')"
금가면,4313039000,금가면,충주시,2021,3778.0,974.0,459.0,911.0,358.0,25.780836421386976,12.149285336156696,24.113287453679195,9.475913181577551,8.236950048061455,-0.1057641459545233,-0.6122448979591799,13.0,3782.0,3780.0,0.3439153439153439,2.0,0.0,2.0,0.0,65.0,269.016,36.0,28.0,6.0,0.0,98.0,339.0,1385.0,423.0,36.65960825833775,30.541516245487365,0.5293806246691372,0.0,0.5293806246691372,0.0,9.528851244044468,1.5881418740074114,17.204870301746954,1,1,0.0,,-2.7027027027026973,2.769431743958197,충주시,금가면,"('충주시', '금가면')","('충주시', '금가면')",금가면,4417.3,8610.0,5804.6,620.1,5708.7,2895.7,638.3,0.0,0.0,1.0,9.0,0.0,0.0,0.0,12.0,0.0,0.0,4.0,25.0,5403.9,3777.0,충주시,금가면,"('충주시', '금가면')"
금가면,4313039000,금가면,충주시,2022,3877.0,996.0,448.0,952.0,375.0,25.689966468919263,11.555326283208666,24.555068351818417,9.672427134382254,8.262816937670928,2.6204340921122338,2.258726899383978,106.0,3778.0,3827.5,2.769431743958197,2.0,0.0,2.0,0.0,65.0,269.016,35.0,28.0,6.0,0.0,102.0,345.0,1413.0,393.0,36.445705442352335,27.81316348195329,0.5158627805003869,0.0,0.5158627805003869,0.0,9.027598658756771,1.5475883415011606,16.765540366262574,1,1,0.0,,-2.777777777777779,0.5926307652666839,충주시,금가면,"('충주시', '금가면')","('충주시', '금가면')",금가면,4417.3,8610.0,5804.6,620.1,5708.7,2895.7,638.3,0.0,0.0,1.0,9.0,0.0,0.0,0.0,12.0,0.0,0.0,4.0,25.0,5403.9,3777.0,충주시,금가면,"('충주시', '금가면')"
금가면,4313039000,금가면,충주시,2023,3885.0,1054.0,415.0,969.0,382.0,27.12998712998713,10.682110682110682,24.94208494208494,9.832689832689832,8.264878262801748,0.2063451122001458,5.823293172690769,23.0,3877.0,3881.0,0.5926307652666839,2.0,0.0,2.0,0.0,65.0,269.016,39.0,28.0,2.0,0.0,103.0,382.0,1637.0,473.0,42.13642213642213,28.89431887599267,0.5148005148005148,0.0,0.5148005148005148,0.0,10.038610038610038,0.5148005148005148,16.73101673101673,1,1,0.0,,11.428571428571432,-1.0880829015544042,충주시,금가면,"('충주시', '금가면')","('충주시', '금가면')",금가면,4417.3,8610.0,5804.6,620.1,5708.7,2895.7,638.3,0.0,0.0,1.0,9.0,0.0,0.0,0.0,12.0,0.0,0.0,4.0,25.0,5403.9,3777.0,충주시,금가면,"('충주시', '금가면')"
금가면,4313039000,금가면,충주시,2024,3835.0,1072.0,355.0,1019.0,372.0,27.95306388526728,9.256844850065187,26.571056062581487,9.70013037809648,8.251924713801357,-1.287001287001288,1.707779886148009,-42.0,3885.0,3860.0,-1.0880829015544042,2.0,0.0,2.0,0.0,65.0,269.016,39.0,26.0,2.0,0.0,108.0,403.0,1564.0,474.0,40.78226857887875,30.30690537084399,0.5215123859191656,0.0,0.5215123859191656,0.0,10.169491525423728,0.5215123859191656,16.94915254237288,1,1,0.0,,0.0,-0.9450059062869144,충주시,금가면,"('충주시', '금가면')","('충주시', '금가면')",금가면,4417.3,8610.0,5804.6,620.1,5708.7,2895.7,638.3,0.0,0.0,1.0,9.0,0.0,0.0,0.0,12.0,0.0,0.0,4.0,25.0,5403.9,3777.0,충주시,금가면,"('충주시', '금가면')"
금성면,4315031000,금성면,제천시,2017,2085.0,299.0,120.0,675.0,121.0,14.340527577937651,5.755395683453238,32.37410071942446,5.803357314148681,7.642524134232902,0.4335260115607031,-3.858520900321538,29.0,2076.0,2080.5,1.3938956981494832,1.0,2.0,1.0,1.0,101.0,336.934,26.0,42.0,0.0,1.0,94.0,189.0,738.0,193.0,35.39568345323741,26.15176151761517,0.4796163069544364,0.9592326139088728,0.4796163069544364,0.4796163069544364,12.470023980815348,0.0,48.441247002398086,0,0,0.0,0.0,13.043478260869556,-0.3871279941930801,제천시,금성면,"('제천시', '금성면')","('제천시', '금성면')",금성면,4869.9,10747.5,9516.7,615.1,4080.9,3238.7,617.3,0.0,1.0,1.0,10.0,0.0,1.0,2.0,14.0,1.0,1.0,2.0,39.0,5596.7,3339.6,제천시,금성면,"('제천시', '금성면')"
금성면,4315031000,금성면,제천시,2018,2048.0,275.0,118.0,703.0,108.0,13.427734375,5.76171875,34.326171875,5.2734375,7.6246189861593985,-1.7745803357314127,-8.026755852842804,-8.0,2085.0,2066.5,-0.3871279941930801,1.0,2.0,1.0,1.0,101.0,336.934,30.0,45.0,0.0,1.0,101.0,196.0,784.0,230.0,38.28125,29.33673469387756,0.48828125,0.9765625,0.48828125,0.48828125,14.6484375,0.0,49.31640625,0,0,0.0,0.0,15.384615384615374,-1.7861572810716944,제천시,금성면,"('제천시', '금성면')","('제천시', '금성면')",금성면,4869.9,10747.5,9516.7,615.1,4080.9,3238.7,617.3,0.0,1.0,1.0,10.0,0.0,1.0,2.0,14.0,1.0,1.0,2.0,39.0,5596.7,3339.6,제천시,금성면,"('제천시', '금성면')"
금성면,4315031000,금성면,제천시,2019,1983.0,241.0,103.0,728.0,88.0,12.153303076147251,5.194150277357539,36.712052445789205,4.43772062531518,7.592366128519796,-3.173828125,-12.363636363636363,-36.0,2048.0,2015.5,-1.7861572810716944,0.0,2.0,1.0,1.0,101.0,336.934,33.0,46.0,0.0,1.0,108.0,209.0,872.0,261.0,43.97377710539587,29.93119266055045,0.0,1.0085728693898135,0.5042864346949067,0.5042864346949067,16.64145234493192,0.0,50.93292990418558,0,0,-100.0,0.0,10.000000000000009,-1.1227353916815517,제천시,금성면,"('제천시', '금성면')","('제천시', '금성면')",금성면,4869.9,10747.5,9516.7,615.1,4080.9,3238.7,617.3,0.0,1.0,1.0,10.0,0.0,1.0,2.0,14.0,1.0,1.0,2.0,39.0,5596.7,3339.6,제천시,금성면,"('제천시', '금성면')"
금성면,4315031000,금성면,제천시,2021,1895.0,197.0,71.0,795.0,77.0,10.395778364116095,3.746701846965699,41.95250659630607,4.063324538258575,7.546974117516527,-2.117768595041325,-12.444444444444446,-9.0,1936.0,1915.5,-0.4698512137823023,0.0,2.0,1.0,1.0,101.0,336.934,36.0,44.0,1.0,1.0,115.0,300.0,974.0,281.0,51.39841688654354,28.85010266940452,0.0,1.055408970976253,0.5277044854881265,0.5277044854881265,18.99736147757256,0.5277044854881265,53.2981530343008,0,0,,0.0,2.857142857142847,-0.4292997048564529,제천시,금성면,"('제천시', '금성면')","('제천시', '금성면')",금성면,4869.9,10747.5,9516.7,615.1,4080.9,3238.7,617.3,0.0,1.0,1.0,10.0,0.0,1.0,2.0,14.0,1.0,1.0,2.0,39.0,5596.7,3339.6,제천시,금성면,"('제천시', '금성면')"
금성면,4315031000,금성면,제천시,2022,1832.0,176.0,56.0,809.0,63.0,9.60698689956332,3.056768558951965,44.15938864628821,3.4388646288209603,7.513163545234075,-3.3245382585751937,-10.65989847715736,-8.0,1895.0,1863.5,-0.4292997048564529,0.0,2.0,1.0,1.0,101.0,336.934,37.0,41.0,2.0,1.0,117.0,322.0,1032.0,269.0,56.33187772925764,26.06589147286822,0.0,1.0917030567685588,0.5458515283842794,0.5458515283842794,20.19650655021834,1.0917030567685588,55.13100436681222,0,0,,0.0,2.777777777777768,1.0964912280701753,제천시,금성면,"('제천시', '금성면')","('제천시', '금성면')",금성면,4869.9,10747.5,9516.7,615.1,4080.9,3238.7,617.3,0.0,1.0,1.0,10.0,0.0,1.0,2.0,14.0,1.0,1.0,2.0,39.0,5596.7,3339.6,제천시,금성면,"('제천시', '금성면')"
금성면,4315031000,금성면,제천시,2023,1816.0,182.0,52.0,837.0,70.0,10.022026431718064,2.8634361233480177,46.090308370044056,3.854625550660793,7.504391559161238,-0.8733624454148492,3.409090909090917,20.0,1832.0,1824.0,1.0964912280701753,0.0,2.0,1.0,1.0,101.0,336.934,29.0,37.0,1.0,0.0,107.0,354.0,1106.0,280.0,60.90308370044053,25.31645569620253,0.0,1.1013215859030838,0.5506607929515419,0.5506607929515419,15.969162995594711,0.5506607929515419,55.61674008810573,0,0,,0.0,-21.62162162162162,-0.7262569832402235,제천시,금성면,"('제천시', '금성면')","('제천시', '금성면')",금성면,4869.9,10747.5,9516.7,615.1,4080.9,3238.7,617.3,0.0,1.0,1.0,10.0,0.0,1.0,2.0,14.0,1.0,1.0,2.0,39.0,5596.7,3339.6,제천시,금성면,"('제천시', '금성면')"
금성면,4315031000,금성면,제천시,2024,1764.0,168.0,51.0,859.0,63.0,9.523809523809524,2.891156462585034,48.69614512471656,3.571428571428571,7.475339236566737,-2.8634361233480177,-7.692307692307687,-13.0,1816.0,1790.0,-0.7262569832402235,0.0,2.0,1.0,1.0,101.0,336.934,31.0,33.0,1.0,1.0,107.0,380.0,1090.0,248.0,61.791383219954646,22.752293577981654,0.0,1.1337868480725624,0.5668934240362812,0.5668934240362812,17.573696145124718,0.5668934240362812,57.2562358276644,0,0,,0.0,6.896551724137923,-1.559792027729636,제천시,금성면,"('제천시', '금성면')","('제천시', '금성면')",금성면,4869.9,10747.5,9516.7,615.1,4080.9,3238.7,617.3,0.0,1.0,1.0,10.0,0.0,1.0,2.0,14.0,1.0,1.0,2.0,39.0,5596.7,3339.6,제천시,금성면,"('제천시', '금성면')"
금왕읍,4377025300,금왕읍,음성군,2017,21530.0,5074.0,2899.0,3046.0,2260.0,23.5671156525778,13.46493265211333,14.14770088248955,10.49698095680446,9.97720259035841,0.0883269025149902,-3.6094224924012153,-14.0,21511.0,21520.5,-0.0650542505982667,14.0,2.0,7.0,1.0,191.0,730.895,338.0,447.0,31.0,32.0,1171.0,2164.0,15094.0,9148.0,70.10682768230376,60.60686365443222,0.6502554575011611,0.0928936367858801,0.3251277287505805,0.04644681839294,15.699024616813748,1.4398513701811424,8.871342313051557,0,0,0.0,0.0,9.385113268608425,-2.297446498625761,음성군,금왕읍,"('음성군', '금왕읍')","('음성군', '금왕읍')",금왕읍,2017.9,33819.2,1359.7,668.1,2142.8,1348.0,453.9,2.0,2.0,2.0,12.0,1.0,1.0,2.0,15.0,3.0,4.0,10.0,49.0,28149.0,6.0,음성군,금왕읍,"('음성군', '금왕읍')"
금왕읍,4377025300,금왕읍,음성군,2018,21039.0,4799.0,2646.0,3186.0,2100.0,22.810019487618234,12.576643376586338,15.143305290175388,9.981462997290745,9.95413313720502,-2.2805387830933554,-5.419787150177379,-489.0,21530.0,21284.5,-2.297446498625761,14.0,2.0,7.0,1.0,191.0,730.895,357.0,460.0,35.0,32.0,1249.0,2205.0,15161.0,9058.0,72.06140976282143,59.74539937998813,0.6654308664860498,0.0950615523551499,0.3327154332430249,0.0475307761775749,16.968487095394266,1.6635771662151242,9.07837824991682,0,0,0.0,0.0,5.621301775147924,-1.829663601219776,음성군,금왕읍,"('음성군', '금왕읍')","('음성군', '금왕읍')",금왕읍,2017.9,33819.2,1359.7,668.1,2142.8,1348.0,453.9,2.0,2.0,2.0,12.0,1.0,1.0,2.0,15.0,3.0,4.0,10.0,49.0,28149.0,6.0,음성군,금왕읍,"('음성군', '금왕읍')"
금왕읍,4377025300,금왕읍,음성군,2019,20608.0,4597.0,2441.0,3329.0,1979.0,22.306871118012424,11.844914596273291,16.153920807453417,9.603066770186336,9.93343462890408,-2.048576453253481,-4.209210252135865,-381.0,21039.0,20823.5,-1.829663601219776,15.0,2.0,7.0,1.0,191.0,730.895,363.0,468.0,34.0,33.0,1297.0,2300.0,16328.0,8648.0,79.23136645962732,52.964233219010296,0.7278726708074534,0.0970496894409937,0.3396739130434782,0.0485248447204968,17.61451863354037,1.6498447204968945,9.268245341614906,0,0,7.14285714285714,0.0,1.680672268907557,-3.08413520848754,음성군,금왕읍,"('음성군', '금왕읍')","('음성군', '금왕읍')",금왕읍,2017.9,33819.2,1359.7,668.1,2142.8,1348.0,453.9,2.0,2.0,2.0,12.0,1.0,1.0,2.0,15.0,3.0,4.0,10.0,49.0,28149.0,6.0,음성군,금왕읍,"('음성군', '금왕읍')"
금왕읍,4377025300,금왕읍,음성군,2021,19566.0,4025.0,1998.0,3606.0,1664.0,20.57139936624757,10.211591536338544,18.429929469487888,8.50454870694061,9.881548645017372,-1.7869691798012233,-4.7337278106508895,-223.0,19922.0,19744.0,-1.1294570502431118,14.0,2.0,7.0,1.0,191.0,730.895,384.0,496.0,40.0,35.0,1388.0,3293.0,17125.0,9236.0,87.52427680670552,53.93284671532847,0.7155269344781765,0.1022181334968823,0.3577634672390882,0.0511090667484411,19.625881631401413,2.044362669937647,9.761831748952265,0,0,-6.666666666666665,0.0,2.673796791443861,-0.2566010623283981,음성군,금왕읍,"('음성군', '금왕읍')","('음성군', '금왕읍')",금왕읍,2017.9,33819.2,1359.7,668.1,2142.8,1348.0,453.9,2.0,2.0,2.0,12.0,1.0,1.0,2.0,15.0,3.0,4.0,10.0,49.0,28149.0,6.0,음성군,금왕읍,"('음성군', '금왕읍')"
금왕읍,4377025300,금왕읍,음성군,2022,19405.0,3860.0,1868.0,3795.0,1592.0,19.8917804689513,9.626384952331874,19.556815253800565,8.204071115691832,9.873286043803006,-0.8228559746499053,-4.099378881987581,-50.0,19566.0,19485.5,-0.2566010623283981,15.0,2.0,7.0,1.0,191.0,730.895,392.0,524.0,42.0,34.0,1445.0,3392.0,20032.0,9676.0,103.231125998454,48.30271565495208,0.7729966503478485,0.1030662200463798,0.3607317701623292,0.0515331100231899,20.20097912909044,2.164390620973976,9.84282401442927,0,0,7.14285714285714,0.0,2.083333333333326,0.0723551604734094,음성군,금왕읍,"('음성군', '금왕읍')","('음성군', '금왕읍')",금왕읍,2017.9,33819.2,1359.7,668.1,2142.8,1348.0,453.9,2.0,2.0,2.0,12.0,1.0,1.0,2.0,15.0,3.0,4.0,10.0,49.0,28149.0,6.0,음성군,금왕읍,"('음성군', '금왕읍')"
금왕읍,4377025300,금왕읍,음성군,2023,19293.0,3726.0,1787.0,3994.0,1545.0,19.312704089566164,9.262426786917535,20.701808946249937,8.008085834240399,9.867497614802971,-0.5771708322597324,-3.4715025906735697,14.0,19405.0,19349.0,0.0723551604734094,15.0,2.0,7.0,1.0,191.0,730.895,360.0,503.0,20.0,10.0,1331.0,3439.0,19343.0,9721.0,100.2591613538589,50.25590652949388,0.7774840615767377,0.103664541543565,0.3628258954024776,0.0518322707717825,18.659617477841703,1.03664541543565,9.89996371741046,0,0,0.0,0.0,-8.163265306122447,-1.8095987411487016,음성군,금왕읍,"('음성군', '금왕읍')","('음성군', '금왕읍')",금왕읍,2017.9,33819.2,1359.7,668.1,2142.8,1348.0,453.9,2.0,2.0,2.0,12.0,1.0,1.0,2.0,15.0,3.0,4.0,10.0,49.0,28149.0,6.0,음성군,금왕읍,"('음성군', '금왕읍')"
금왕읍,4377025300,금왕읍,음성군,2024,18837.0,3524.0,1586.0,4253.0,1458.0,18.70786218612305,8.41959972394755,22.57790518660084,7.740086000955566,9.84357829978222,-2.363551547193288,-5.421363392377887,-345.0,19293.0,19065.0,-1.8095987411487016,10.0,2.0,7.0,1.0,191.0,730.895,365.0,513.0,14.0,11.0,1319.0,3509.0,21676.0,9747.0,115.07140202792375,44.96678353939841,0.5308700960874874,0.1061740192174974,0.3716090672612412,0.0530870096087487,19.376758507193287,0.7432181345224824,10.139618835271008,0,0,-33.333333333333336,0.0,1.388888888888884,1.0975318787943056,음성군,금왕읍,"('음성군', '금왕읍')","('음성군', '금왕읍')",금왕읍,2017.9,33819.2,1359.7,668.1,2142.8,1348.0,453.9,2.0,2.0,2.0,12.0,1.0,1.0,2.0,15.0,3.0,4.0,10.0,49.0,28149.0,6.0,음성군,금왕읍,"('음성군', '금왕읍')"
금천동,4311168000,금천동,청주시,2017,32950.0,8450.0,5245.0,3546.0,4195.0,25.64491654021244,15.918057663125948,10.761760242792109,12.731411229135054,10.402746539930654,-1.1430800156010943,-1.6183490511118892,-439.0,33331.0,33140.5,-1.3246631764759131,37.0,2.0,5.0,0.0,25.0,26.109,236.0,287.0,32.0,15.0,881.0,1584.0,5299.0,113.0,16.081942336874054,2.1324778260049064,1.1229135053110777,0.0606980273141122,0.1517450682852807,0.0,7.16236722306525,0.9711684370257968,0.7587253414264037,1,0,0.0,0.0,16.831683168316825,-4.103294084881868,청주시,금천동,"('청주시', '금천동')","('청주시', '금천동')",금천동,985.6,985.6,0.0,191.1,1125.5,295.2,36.6,1.0,7.0,36.0,56.0,0.0,1.0,17.0,31.0,6.0,17.0,78.0,150.0,985.6,0.0,청주시,금천동,"('청주시', '금천동')"
금천동,4311168000,금천동,청주시,2018,31681.0,8022.0,4740.0,3720.0,3946.0,25.32117041760045,14.961648937849183,11.742053596793031,12.455414917458414,10.363472411086745,-3.851289833080429,-5.0650887573964525,-1326.0,32950.0,32315.5,-4.103294084881868,35.0,2.0,5.0,0.0,25.0,26.109,249.0,307.0,34.0,16.0,937.0,1640.0,5471.0,94.0,17.26902559893943,1.718150246755621,1.104763107225151,0.0631293204128657,0.1578233010321644,0.0,7.859600391401788,1.0731984470187177,0.7891165051608219,1,0,-5.405405405405405,0.0,5.508474576271194,-2.05028458460214,청주시,금천동,"('청주시', '금천동')","('청주시', '금천동')",금천동,985.6,985.6,0.0,191.1,1125.5,295.2,36.6,1.0,7.0,36.0,56.0,0.0,1.0,17.0,31.0,6.0,17.0,78.0,150.0,985.6,0.0,청주시,금천동,"('청주시', '금천동')"
금천동,4311168000,금천동,청주시,2019,31042.0,7664.0,4544.0,3883.0,3745.0,24.689130854970685,14.63823207267573,12.508858965272855,12.064299980671349,10.34309640521113,-2.016981787191064,-4.462727499376717,-643.0,31681.0,31361.5,-2.05028458460214,32.0,2.0,5.0,1.0,25.0,26.109,255.0,313.0,34.0,17.0,963.0,1641.0,5493.0,101.0,17.695380452290447,1.8387038048425268,1.0308614135687135,0.0644288383480446,0.1610720958701114,0.0322144191740223,8.214676889375685,1.095290251916758,0.8053604793505573,0,0,-8.571428571428575,0.0,2.4096385542168752,-2.85303441288931,청주시,금천동,"('청주시', '금천동')","('청주시', '금천동')",금천동,985.6,985.6,0.0,191.1,1125.5,295.2,36.6,1.0,7.0,36.0,56.0,0.0,1.0,17.0,31.0,6.0,17.0,78.0,150.0,985.6,0.0,청주시,금천동,"('청주시', '금천동')"
금천동,4311168000,금천동,청주시,2021,31021.0,7474.0,4301.0,4524.0,3653.0,24.093356113600464,13.864801263660102,14.583669127365336,11.77589374939557,10.3424196734772,2.868417562010883,2.8060522696011114,924.0,30156.0,30588.5,3.0207430897232617,30.0,2.0,5.0,1.0,25.0,26.109,262.0,350.0,55.0,18.0,1055.0,2182.0,6384.0,141.0,20.579607362754263,2.2086466165413534,0.9670868121595048,0.064472454143967,0.1611811353599174,0.0322362270719835,8.445891492859674,1.7729924889590922,0.8059056767995875,0,0,0.0,0.0,1.9455252918287869,-1.9028689659666675,청주시,금천동,"('청주시', '금천동')","('청주시', '금천동')",금천동,985.6,985.6,0.0,191.1,1125.5,295.2,36.6,1.0,7.0,36.0,56.0,0.0,1.0,17.0,31.0,6.0,17.0,78.0,150.0,985.6,0.0,청주시,금천동,"('청주시', '금천동')"
금천동,4311168000,금천동,청주시,2022,30360.0,7051.0,4040.0,4779.0,3420.0,23.22463768115942,13.306982872200262,15.74110671936759,11.264822134387352,10.320881231509569,-2.1308146094581093,-5.659620016055655,-584.0,31021.0,30690.5,-1.9028689659666675,30.0,2.0,5.0,1.0,25.0,26.109,262.0,364.0,61.0,21.0,1094.0,2164.0,6234.0,125.0,20.533596837944664,2.005133140840552,0.9881422924901184,0.0658761528326745,0.1646903820816864,0.0329380764163372,8.62977602108037,2.0092226613965742,0.8234519104084321,0,0,0.0,0.0,0.0,-1.9502454447125384,청주시,금천동,"('청주시', '금천동')","('청주시', '금천동')",금천동,985.6,985.6,0.0,191.1,1125.5,295.2,36.6,1.0,7.0,36.0,56.0,0.0,1.0,17.0,31.0,6.0,17.0,78.0,150.0,985.6,0.0,청주시,금천동,"('청주시', '금천동')"
금천동,4311168000,금천동,청주시,2023,29735.0,6698.0,3739.0,5107.0,3237.0,22.525643181436017,12.574407264166808,17.175046241802587,10.886161089625022,10.300080082140694,-2.058629776021081,-5.006382073464755,-586.0,30360.0,30047.5,-1.9502454447125384,24.0,2.0,5.0,1.0,25.0,26.109,251.0,329.0,44.0,16.0,1023.0,2249.0,6275.0,103.0,21.103077181772324,1.6414342629482073,0.80712964519926,0.067260803766605,0.1681520094165125,0.0336304018833025,8.441230872708928,1.4797376828653102,0.8407600470825627,0,0,-20.0,0.0,-4.19847328244275,-1.6956639934756017,청주시,금천동,"('청주시', '금천동')","('청주시', '금천동')",금천동,985.6,985.6,0.0,191.1,1125.5,295.2,36.6,1.0,7.0,36.0,56.0,0.0,1.0,17.0,31.0,6.0,17.0,78.0,150.0,985.6,0.0,청주시,금천동,"('청주시', '금천동')"
금천동,4311168000,금천동,청주시,2024,29121.0,6396.0,3469.0,5391.0,3093.0,21.96353147213352,11.912365646784108,18.512413722056248,10.621201195013906,10.279214842380336,-2.06490667563477,-4.508808599581959,-499.0,29735.0,29428.0,-1.6956639934756017,22.0,2.0,5.0,1.0,25.0,26.109,228.0,328.0,49.0,19.0,980.0,2229.0,6079.0,114.0,20.87496995295491,1.875308438887975,0.7554685622059683,0.0686789602005425,0.1716974005013563,0.0343394801002712,7.829401462861853,1.682634524913293,0.858487002506782,0,0,-8.333333333333337,0.0,-9.16334661354582,-1.5902712815715625,청주시,금천동,"('청주시', '금천동')","('청주시', '금천동')",금천동,985.6,985.6,0.0,191.1,1125.5,295.2,36.6,1.0,7.0,36.0,56.0,0.0,1.0,17.0,31.0,6.0,17.0,78.0,150.0,985.6,0.0,청주시,금천동,"('청주시', '금천동')"
남이면,4311231000,남이면,청주시,2017,10510.0,2497.0,1024.0,1825.0,1115.0,23.758325404376784,9.743101807802091,17.36441484300666,10.608943862987632,9.260082463870996,32.25116396124324,44.75362318840579,2582.0,7947.0,9228.5,27.97854472557837,2.0,1.0,2.0,0.0,126.0,612.966,263.0,108.0,6.0,4.0,577.0,1442.0,7837.0,2370.0,74.56707897240723,30.241163710603548,0.1902949571836346,0.0951474785918173,0.1902949571836346,0.0,25.02378686964796,0.570884871550904,11.988582302568982,1,0,0.0,0.0,14.847161572052393,-0.6589313851883685,청주시,남이면,"('청주시', '남이면')","('청주시', '남이면')",남이면,2712.0,5948.1,1114.7,431.0,5076.4,2376.6,370.0,4.0,9.0,49.0,59.0,0.0,2.0,20.0,35.0,3.0,12.0,97.0,171.0,3261.1,8.5,청주시,남이면,"('청주시', '남이면')"
남이면,4311231000,남이면,청주시,2018,10433.0,2472.0,981.0,1869.0,1119.0,23.694047733154413,9.40285632128822,17.914310361353397,10.725582286974026,9.25272913846797,-0.7326355851569932,-1.0012014417300708,-69.0,10510.0,10471.5,-0.6589313851883685,3.0,1.0,2.0,0.0,126.0,612.966,283.0,111.0,6.0,4.0,623.0,1533.0,7885.0,2429.0,75.5774944886418,30.80532656943564,0.2875491229751749,0.0958497076583916,0.1916994153167833,0.0,27.12546726732484,0.5750982459503498,12.077063164957346,1,0,50.0,0.0,7.604562737642584,-0.8186458634306077,청주시,남이면,"('청주시', '남이면')","('청주시', '남이면')",남이면,2712.0,5948.1,1114.7,431.0,5076.4,2376.6,370.0,4.0,9.0,49.0,59.0,0.0,2.0,20.0,35.0,3.0,12.0,97.0,171.0,3261.1,8.5,청주시,남이면,"('청주시', '남이면')"
남이면,4311231000,남이면,청주시,2019,10333.0,2369.0,958.0,1958.0,1042.0,22.92654601761347,9.27126681505855,18.94899835478564,10.084196264395626,9.243097936214356,-0.9584970765839196,-4.166666666666663,-85.0,10433.0,10383.0,-0.8186458634306077,4.0,1.0,2.0,0.0,126.0,612.966,287.0,113.0,6.0,4.0,636.0,1689.0,8316.0,2520.0,80.48001548437045,30.303030303030305,0.3871092615890835,0.0967773153972708,0.1935546307945417,0.0,27.77508951901674,0.5806638923836253,12.19394174005613,1,0,33.33333333333333,0.0,1.413427561837466,-1.848320375531759,청주시,남이면,"('청주시', '남이면')","('청주시', '남이면')",남이면,2712.0,5948.1,1114.7,431.0,5076.4,2376.6,370.0,4.0,9.0,49.0,59.0,0.0,2.0,20.0,35.0,3.0,12.0,97.0,171.0,3261.1,8.5,청주시,남이면,"('청주시', '남이면')"
남이면,4311231000,남이면,청주시,2021,10073.0,2171.0,909.0,2218.0,934.0,21.55266554154671,9.024123895562392,22.019259406333763,9.272312121512956,9.21761385594268,-0.4447519272583466,-1.4972776769510032,-3.0,10118.0,10095.5,-0.02971621019266,2.0,1.0,2.0,0.0,126.0,612.966,304.0,129.0,9.0,4.0,712.0,2676.0,9620.0,2708.0,95.50282934577584,28.14968814968816,0.1985505807604487,0.0992752903802243,0.1985505807604487,0.0,30.179688275588205,0.8934776134220193,12.50868658790827,1,0,-33.333333333333336,0.0,3.754266211604085,-0.1297469933629422,청주시,남이면,"('청주시', '남이면')","('청주시', '남이면')",남이면,2712.0,5948.1,1114.7,431.0,5076.4,2376.6,370.0,4.0,9.0,49.0,59.0,0.0,2.0,20.0,35.0,3.0,12.0,97.0,171.0,3261.1,8.5,청주시,남이면,"('청주시', '남이면')"
남이면,4311231000,남이면,청주시,2022,9966.0,2041.0,861.0,2327.0,877.0,20.47963074453141,8.63937387116195,23.349387918924343,8.799919727072044,9.20693457884135,-1.0622456070684017,-5.988023952095811,-13.0,10073.0,10019.5,-0.1297469933629422,2.0,1.0,2.0,0.0,126.0,612.966,319.0,136.0,13.0,4.0,755.0,2740.0,9909.0,2883.0,99.42805538832027,29.09476233726915,0.2006823198876179,0.1003411599438089,0.2006823198876179,0.0,32.00883002207505,1.3044350792695163,12.642986152919928,1,0,0.0,0.0,4.9342105263157965,-0.4131814975309886,청주시,남이면,"('청주시', '남이면')","('청주시', '남이면')",남이면,2712.0,5948.1,1114.7,431.0,5076.4,2376.6,370.0,4.0,9.0,49.0,59.0,0.0,2.0,20.0,35.0,3.0,12.0,97.0,171.0,3261.1,8.5,청주시,남이면,"('청주시', '남이면')"
남이면,4311231000,남이면,청주시,2023,9880.0,1939.0,789.0,2489.0,830.0,19.625506072874494,7.985829959514169,25.192307692307693,8.400809716599191,9.198267790741914,-0.8629339755167553,-4.997550220480152,-41.0,9966.0,9923.0,-0.4131814975309886,2.0,1.0,2.0,0.0,126.0,612.966,282.0,132.0,11.0,1.0,691.0,2879.0,10440.0,2846.0,105.668016194332,27.26053639846744,0.2024291497975708,0.1012145748987854,0.2024291497975708,0.0,28.54251012145749,1.1133603238866396,12.753036437246962,1,0,0.0,0.0,-11.598746081504707,-0.744138634046891,청주시,남이면,"('청주시', '남이면')","('청주시', '남이면')",남이면,2712.0,5948.1,1114.7,431.0,5076.4,2376.6,370.0,4.0,9.0,49.0,59.0,0.0,2.0,20.0,35.0,3.0,12.0,97.0,171.0,3261.1,8.5,청주시,남이면,"('청주시', '남이면')"
남이면,4311231000,남이면,청주시,2024,9740.0,1804.0,715.0,2657.0,783.0,18.521560574948666,7.340862422997947,27.27926078028748,8.039014373716633,9.18399639663658,-1.417004048582993,-6.962351727694694,-73.0,9880.0,9810.0,-0.744138634046891,2.0,1.0,2.0,0.0,126.0,612.966,278.0,140.0,13.0,2.0,702.0,2995.0,11112.0,2808.0,114.08624229979468,25.26997840172786,0.2053388090349076,0.1026694045174538,0.2053388090349076,0.0,28.542094455852155,1.3347022587268995,12.936344969199178,1,0,0.0,0.0,-1.4184397163120588,-0.8684863523573202,청주시,남이면,"('청주시', '남이면')","('청주시', '남이면')",남이면,2712.0,5948.1,1114.7,431.0,5076.4,2376.6,370.0,4.0,9.0,49.0,59.0,0.0,2.0,20.0,35.0,3.0,12.0,97.0,171.0,3261.1,8.5,청주시,남이면,"('청주시', '남이면')"
남일면,4311134000,남일면,청주시,2017,7500.0,1798.0,829.0,1467.0,772.0,23.973333333333333,11.053333333333333,19.56,10.293333333333331,8.922658299524402,-1.5101772816808912,-3.747323340471087,-86.0,7615.0,7557.5,-1.137942441283493,4.0,1.0,3.0,1.0,80.0,328.804,68.0,85.0,1.0,1.0,221.0,496.0,2317.0,156.0,30.89333333333333,6.732844195079844,0.5333333333333333,0.1333333333333333,0.4,0.1333333333333333,9.066666666666666,0.1333333333333333,10.666666666666666,0,0,0.0,0.0,17.24137931034482,-1.328324164765866,청주시,남일면,"('청주시', '남일면')","('청주시', '남일면')",남일면,3310.2,6923.3,4471.3,662.9,3609.1,1903.7,465.5,0.0,0.0,10.0,56.0,0.0,1.0,1.0,30.0,0.0,1.0,13.0,149.0,4696.4,1631.0,청주시,남일면,"('청주시', '남일면')"
남일면,4311134000,남일면,청주시,2018,7406.0,1688.0,771.0,1542.0,737.0,22.79233054280313,10.410477990818254,20.82095598163651,9.951390764245206,8.910045761473558,-1.2533333333333283,-6.117908787541715,-99.0,7500.0,7453.0,-1.328324164765866,4.0,1.0,3.0,1.0,80.0,328.804,72.0,86.0,1.0,1.0,224.0,537.0,2936.0,210.0,39.64353227113151,7.152588555858311,0.5401026194977046,0.1350256548744261,0.4050769646232784,0.1350256548744261,9.721847150958682,0.1350256548744261,10.802052389954092,0,0,0.0,0.0,5.882352941176472,-2.479961635952593,청주시,남일면,"('청주시', '남일면')","('청주시', '남일면')",남일면,3310.2,6923.3,4471.3,662.9,3609.1,1903.7,465.5,0.0,0.0,10.0,56.0,0.0,1.0,1.0,30.0,0.0,1.0,13.0,149.0,4696.4,1631.0,청주시,남일면,"('청주시', '남일면')"
남일면,4311134000,남일면,청주시,2019,7191.0,1569.0,693.0,1636.0,672.0,21.818940342094283,9.637046307884855,22.750660547907103,9.345014601585316,8.880585523102495,-2.9030515798001644,-7.04976303317536,-181.0,7406.0,7298.5,-2.479961635952593,5.0,1.0,3.0,1.0,80.0,328.804,69.0,102.0,1.0,1.0,245.0,578.0,2975.0,228.0,41.371158392434985,7.663865546218488,0.6953135864274786,0.1390627172854957,0.4171881518564873,0.1390627172854957,9.595327492699209,0.1390627172854957,11.125017382839658,0,0,25.0,0.0,-4.166666666666663,-4.153331910959391,청주시,남일면,"('청주시', '남일면')","('청주시', '남일면')",남일면,3310.2,6923.3,4471.3,662.9,3609.1,1903.7,465.5,0.0,0.0,10.0,56.0,0.0,1.0,1.0,30.0,0.0,1.0,13.0,149.0,4696.4,1631.0,청주시,남일면,"('청주시', '남일면')"
남일면,4311134000,남일면,청주시,2021,6852.0,1366.0,618.0,1780.0,574.0,19.93578517221249,9.019264448336251,25.97781669585523,8.37711617046118,8.832295859444011,-0.2620087336244525,-4.542278127183785,41.0,6870.0,6861.0,0.5975805276198805,5.0,1.0,3.0,1.0,80.0,328.804,80.0,108.0,7.0,1.0,278.0,802.0,3485.0,237.0,50.86106246351431,6.800573888091822,0.7297139521307647,0.1459427904261529,0.4378283712784588,0.1459427904261529,11.675423234092236,1.0215995329830707,11.675423234092236,0,0,0.0,0.0,11.111111111111116,-0.7220216606498195,청주시,남일면,"('청주시', '남일면')","('청주시', '남일면')",남일면,3310.2,6923.3,4471.3,662.9,3609.1,1903.7,465.5,0.0,0.0,10.0,56.0,0.0,1.0,1.0,30.0,0.0,1.0,13.0,149.0,4696.4,1631.0,청주시,남일면,"('청주시', '남일면')"
남일면,4311134000,남일면,청주시,2022,6721.0,1270.0,579.0,1884.0,529.0,18.895997619401875,8.614789465853296,28.031542925159947,7.870852551703615,8.812992231969966,-1.9118505545826057,-7.027818448023426,-49.0,6852.0,6786.5,-0.7220216606498195,5.0,1.0,3.0,1.0,80.0,328.804,84.0,107.0,7.0,1.0,279.0,821.0,3459.0,210.0,51.46555572087487,6.071118820468343,0.74393691414968,0.148787382829936,0.4463621484898081,0.148787382829936,12.498140157714626,1.041511679809552,11.90299062639488,0,0,0.0,0.0,5.000000000000004,-2.2232304900181488,청주시,남일면,"('청주시', '남일면')","('청주시', '남일면')",남일면,3310.2,6923.3,4471.3,662.9,3609.1,1903.7,465.5,0.0,0.0,10.0,56.0,0.0,1.0,1.0,30.0,0.0,1.0,13.0,149.0,4696.4,1631.0,청주시,남일면,"('청주시', '남일면')"
남일면,4311134000,남일면,청주시,2023,6503.0,1180.0,505.0,1980.0,478.0,18.1454713209288,7.765646624634784,30.447485775795784,7.350453636783023,8.780018887869153,-3.243564945692601,-7.0866141732283445,-147.0,6721.0,6612.0,-2.2232304900181488,5.0,1.0,3.0,1.0,80.0,328.804,90.0,109.0,8.0,0.0,289.0,834.0,3502.0,207.0,53.85206827618022,5.910908052541405,0.7688759034291865,0.1537751806858373,0.4613255420575118,0.1537751806858373,13.83976626172536,1.2302014454866983,12.302014454866985,0,0,0.0,0.0,7.14285714285714,-0.1701074769968298,청주시,남일면,"('청주시', '남일면')","('청주시', '남일면')",남일면,3310.2,6923.3,4471.3,662.9,3609.1,1903.7,465.5,0.0,0.0,10.0,56.0,0.0,1.0,1.0,30.0,0.0,1.0,13.0,149.0,4696.4,1631.0,청주시,남일면,"('청주시', '남일면')"
남일면,4311134000,남일면,청주시,2024,6430.0,1137.0,477.0,2057.0,464.0,17.682737169517885,7.418351477449455,31.990668740279936,7.216174183514775,8.768729817231666,-1.1225588190066138,-3.644067796610173,-11.0,6503.0,6466.5,-0.1701074769968298,5.0,1.0,3.0,1.0,80.0,328.804,97.0,112.0,6.0,0.0,296.0,905.0,3775.0,228.0,58.70917573872473,6.039735099337749,0.7776049766718507,0.1555209953343701,0.4665629860031104,0.1555209953343701,15.085536547433904,0.9331259720062208,12.441679626749613,0,0,0.0,0.0,7.777777777777772,0.5303384807362346,청주시,남일면,"('청주시', '남일면')","('청주시', '남일면')",남일면,3310.2,6923.3,4471.3,662.9,3609.1,1903.7,465.5,0.0,0.0,10.0,56.0,0.0,1.0,1.0,30.0,0.0,1.0,13.0,149.0,4696.4,1631.0,청주시,남일면,"('청주시', '남일면')"
남현동,4315053700,남현동,제천시,2017,5611.0,1255.0,417.0,1221.0,538.0,22.366779540188915,7.431830333273927,21.76082694706826,9.58830867937979,8.632484235750972,-3.341946597760548,-4.996214988644965,-163.0,5805.0,5708.0,-2.8556412053258584,1.0,0.0,2.0,0.0,20.0,18.77,103.0,72.0,5.0,22.0,312.0,592.0,1940.0,74.0,34.57494207806095,3.814432989690722,0.1782213509178399,0.0,0.3564427018356799,0.0,18.356799144537515,0.8911067545891997,3.564427018356799,1,1,0.0,,9.57446808510638,-5.056797361670942,제천시,남현동,"('제천시', '남현동')","('제천시', '남현동')",남현동,658.5,946.5,11.3,363.9,504.4,445.6,116.1,2.0,4.0,8.0,10.0,3.0,7.0,9.0,14.0,3.0,12.0,21.0,33.0,946.5,11.3,제천시,남현동,"('제천시', '남현동')"
남현동,4315053700,남현동,제천시,2018,5305.0,1172.0,383.0,1267.0,502.0,22.092365692742696,7.219604147031103,23.88312912346843,9.46277097078228,8.576405051048084,-5.453573338085905,-6.613545816733069,-276.0,5611.0,5458.0,-5.056797361670942,1.0,0.0,2.0,0.0,20.0,18.77,106.0,83.0,8.0,23.0,336.0,593.0,1848.0,95.0,34.83506126295947,5.140692640692641,0.1885014137606032,0.0,0.3770028275212064,0.0,19.98114985862394,1.5080113100848258,3.770028275212064,1,1,0.0,,2.9126213592233,-4.047802621434079,제천시,남현동,"('제천시', '남현동')","('제천시', '남현동')",남현동,658.5,946.5,11.3,363.9,504.4,445.6,116.1,2.0,4.0,8.0,10.0,3.0,7.0,9.0,14.0,3.0,12.0,21.0,33.0,946.5,11.3,제천시,남현동,"('제천시', '남현동')"
남현동,4315053700,남현동,제천시,2019,5071.0,1050.0,359.0,1337.0,468.0,20.70597515282982,7.079471504634194,26.365608361269967,9.228948925261289,8.531293315795018,-4.410933081998114,-10.409556313993171,-210.0,5305.0,5188.0,-4.047802621434079,1.0,0.0,2.0,0.0,20.0,18.77,102.0,88.0,10.0,23.0,344.0,600.0,1869.0,132.0,36.85663577203707,7.062600321027287,0.197199763360284,0.0,0.394399526720568,0.0,20.114375862748965,1.9719976336028395,3.943995267205679,1,1,0.0,,-3.773584905660377,-2.181963767390652,제천시,남현동,"('제천시', '남현동')","('제천시', '남현동')",남현동,658.5,946.5,11.3,363.9,504.4,445.6,116.1,2.0,4.0,8.0,10.0,3.0,7.0,9.0,14.0,3.0,12.0,21.0,33.0,946.5,11.3,제천시,남현동,"('제천시', '남현동')"
남현동,4315053700,남현동,제천시,2021,4917.0,960.0,314.0,1468.0,400.0,19.524100061012813,6.386007728289607,29.855603009965424,8.135041692088672,8.50045386741194,-0.0609756097560976,0.2087682672233803,34.0,4920.0,4918.5,0.6912676629053573,0.0,0.0,2.0,0.0,20.0,18.77,99.0,90.0,10.0,27.0,352.0,719.0,1806.0,96.0,36.72971323978035,5.3156146179402,0.0,0.0,0.4067520846044336,0.0,20.13422818791946,2.033760423022168,4.067520846044336,1,1,-100.0,,-1.980198019801982,-1.027643613194944,제천시,남현동,"('제천시', '남현동')","('제천시', '남현동')",남현동,658.5,946.5,11.3,363.9,504.4,445.6,116.1,2.0,4.0,8.0,10.0,3.0,7.0,9.0,14.0,3.0,12.0,21.0,33.0,946.5,11.3,제천시,남현동,"('제천시', '남현동')"
남현동,4315053700,남현동,제천시,2022,4814.0,943.0,289.0,1523.0,401.0,19.58869962609057,6.003323639385127,31.636892397174904,8.329871208973827,8.479283618343016,-2.0947732357128324,-1.7708333333333326,-50.0,4917.0,4865.5,-1.027643613194944,0.0,0.0,2.0,0.0,20.0,18.77,108.0,92.0,11.0,30.0,373.0,737.0,1907.0,93.0,39.61362692147902,4.876769795490299,0.0,0.0,0.4154549231408392,0.0,22.43456584960532,2.285002077274616,4.154549231408392,1,1,,,9.090909090909085,-1.1316010058675607,제천시,남현동,"('제천시', '남현동')","('제천시', '남현동')",남현동,658.5,946.5,11.3,363.9,504.4,445.6,116.1,2.0,4.0,8.0,10.0,3.0,7.0,9.0,14.0,3.0,12.0,21.0,33.0,946.5,11.3,제천시,남현동,"('제천시', '남현동')"
남현동,4315053700,남현동,제천시,2023,4730.0,878.0,272.0,1590.0,371.0,18.56236786469345,5.750528541226216,33.61522198731501,7.843551797040169,8.46168048148598,-1.7449106771915246,-6.892895015906686,-54.0,4814.0,4772.0,-1.1316010058675607,0.0,0.0,2.0,0.0,20.0,18.77,105.0,82.0,8.0,12.0,330.0,708.0,1844.0,92.0,38.985200845665965,4.989154013015185,0.0,0.0,0.4228329809725158,0.0,22.19873150105709,1.6913319238900637,4.228329809725159,1,1,,,-2.777777777777779,-0.6819392647842302,제천시,남현동,"('제천시', '남현동')","('제천시', '남현동')",남현동,658.5,946.5,11.3,363.9,504.4,445.6,116.1,2.0,4.0,8.0,10.0,3.0,7.0,9.0,14.0,3.0,12.0,21.0,33.0,946.5,11.3,제천시,남현동,"('제천시', '남현동')"
남현동,4315053700,남현동,제천시,2024,4655.0,830.0,251.0,1682.0,331.0,17.830290010741138,5.392051557465091,36.13319011815253,7.110633727175081,8.445697189711167,-1.5856236786469302,-5.46697038724373,-32.0,4730.0,4692.5,-0.6819392647842302,0.0,0.0,2.0,0.0,20.0,18.77,97.0,78.0,12.0,12.0,316.0,704.0,1812.0,77.0,38.92588614393125,4.24944812362031,0.0,0.0,0.4296455424274973,0.0,20.837808807733616,2.577873254564984,4.296455424274973,1,1,,,-7.619047619047614,-3.140786294750714,제천시,남현동,"('제천시', '남현동')","('제천시', '남현동')",남현동,658.5,946.5,11.3,363.9,504.4,445.6,116.1,2.0,4.0,8.0,10.0,3.0,7.0,9.0,14.0,3.0,12.0,21.0,33.0,946.5,11.3,제천시,남현동,"('제천시', '남현동')"
낭성면,4311131000,낭성면,청주시,2017,2380.0,383.0,86.0,810.0,158.0,16.092436974789916,3.613445378151261,34.03361344537815,6.638655462184874,7.77485576666552,0.2527379949452291,0.7894736842105177,32.0,2374.0,2377.0,1.3462347496844762,1.0,0.0,1.0,0.0,81.0,499.219,20.0,49.0,0.0,1.0,91.0,174.0,585.0,134.0,24.579831932773107,22.905982905982903,0.4201680672268908,0.0,0.4201680672268908,0.0,8.403361344537815,0.0,34.03361344537815,1,1,0.0,,5.263157894736836,-0.9345794392523364,청주시,낭성면,"('청주시', '낭성면')","('청주시', '낭성면')",낭성면,10700.1,13579.1,12591.8,887.4,6342.8,3524.5,800.0,0.0,0.0,0.0,12.0,1.0,1.0,2.0,5.0,0.0,1.0,6.0,26.0,7130.0,6781.2,청주시,낭성면,"('청주시', '낭성면')"
낭성면,4311131000,낭성면,청주시,2018,2328.0,368.0,76.0,826.0,150.0,15.807560137457044,3.264604810996564,35.48109965635739,6.443298969072164,7.752764808851328,-2.184873949579836,-3.916449086161877,-22.0,2380.0,2354.0,-0.9345794392523364,1.0,0.0,1.0,0.0,81.0,499.219,21.0,49.0,0.0,1.0,97.0,171.0,605.0,124.0,25.987972508591067,20.49586776859504,0.429553264604811,0.0,0.429553264604811,0.0,9.02061855670103,0.0,34.79381443298969,1,1,0.0,,5.000000000000004,-0.0431685732786531,청주시,낭성면,"('청주시', '낭성면')","('청주시', '낭성면')",낭성면,10700.1,13579.1,12591.8,887.4,6342.8,3524.5,800.0,0.0,0.0,0.0,12.0,1.0,1.0,2.0,5.0,0.0,1.0,6.0,26.0,7130.0,6781.2,청주시,낭성면,"('청주시', '낭성면')"
낭성면,4311131000,낭성면,청주시,2019,2305.0,345.0,77.0,858.0,146.0,14.967462039045554,3.34056399132321,37.2234273318872,6.33405639913232,7.742835955430749,-0.9879725085910618,-6.25,-1.0,2328.0,2316.5,-0.0431685732786531,1.0,0.0,1.0,0.0,81.0,499.219,24.0,57.0,0.0,1.0,111.0,182.0,598.0,115.0,25.94360086767896,19.23076923076924,0.4338394793926247,0.0,0.4338394793926247,0.0,10.412147505422992,0.0,35.140997830802604,1,1,0.0,,14.28571428571428,-1.095290251916758,청주시,낭성면,"('청주시', '낭성면')","('청주시', '낭성면')",낭성면,10700.1,13579.1,12591.8,887.4,6342.8,3524.5,800.0,0.0,0.0,0.0,12.0,1.0,1.0,2.0,5.0,0.0,1.0,6.0,26.0,7130.0,6781.2,청주시,낭성면,"('청주시', '낭성면')"
낭성면,4311131000,낭성면,청주시,2021,2236.0,278.0,79.0,899.0,117.0,12.432915921288014,3.53309481216458,40.20572450805009,5.232558139534884,7.71244383427499,-1.0619469026548645,-4.794520547945202,25.0,2260.0,2248.0,1.112099644128114,1.0,0.0,1.0,0.0,81.0,499.219,27.0,61.0,0.0,1.0,122.0,289.0,740.0,138.0,33.09481216457961,18.64864864864865,0.4472271914132379,0.0,0.4472271914132379,0.0,12.075134168157424,0.0,36.22540250447227,1,1,0.0,,3.846153846153855,-1.275626423690205,청주시,낭성면,"('청주시', '낭성면')","('청주시', '낭성면')",낭성면,10700.1,13579.1,12591.8,887.4,6342.8,3524.5,800.0,0.0,0.0,0.0,12.0,1.0,1.0,2.0,5.0,0.0,1.0,6.0,26.0,7130.0,6781.2,청주시,낭성면,"('청주시', '낭성면')"
낭성면,4311131000,낭성면,청주시,2022,2154.0,252.0,75.0,944.0,102.0,11.6991643454039,3.481894150417828,43.82544103992572,4.735376044568245,7.675081857716334,-3.6672629695885473,-9.352517985611508,-28.0,2236.0,2195.0,-1.275626423690205,1.0,0.0,1.0,0.0,81.0,499.219,30.0,62.0,2.0,1.0,130.0,300.0,744.0,137.0,34.540389972144844,18.413978494623656,0.4642525533890436,0.0,0.4642525533890436,0.0,13.92757660167131,0.9285051067780872,37.60445682451254,1,1,0.0,,11.111111111111116,-0.9416195856873822,청주시,낭성면,"('청주시', '낭성면')","('청주시', '낭성면')",낭성면,10700.1,13579.1,12591.8,887.4,6342.8,3524.5,800.0,0.0,0.0,0.0,12.0,1.0,1.0,2.0,5.0,0.0,1.0,6.0,26.0,7130.0,6781.2,청주시,낭성면,"('청주시', '낭성면')"
낭성면,4311131000,낭성면,청주시,2023,2094.0,230.0,61.0,953.0,89.0,10.983763132760268,2.913085004775549,45.51098376313277,4.250238777459408,7.646831391430482,-2.785515320334264,-8.730158730158733,-20.0,2154.0,2124.0,-0.9416195856873822,1.0,0.0,1.0,0.0,81.0,499.219,29.0,57.0,3.0,1.0,120.0,318.0,824.0,155.0,39.350525310410696,18.810679611650485,0.4775549188156638,0.0,0.4775549188156638,0.0,13.84909264565425,1.4326647564469912,38.68194842406877,1,1,0.0,,-3.3333333333333326,1.431980906921241,청주시,낭성면,"('청주시', '낭성면')","('청주시', '낭성면')",낭성면,10700.1,13579.1,12591.8,887.4,6342.8,3524.5,800.0,0.0,0.0,0.0,12.0,1.0,1.0,2.0,5.0,0.0,1.0,6.0,26.0,7130.0,6781.2,청주시,낭성면,"('청주시', '낭성면')"
낭성면,4311131000,낭성면,청주시,2024,2096.0,207.0,62.0,1000.0,78.0,9.875954198473282,2.9580152671755724,47.70992366412214,3.721374045801528,7.647786045440933,0.0955109837631251,-9.999999999999998,30.0,2094.0,2095.0,1.431980906921241,1.0,0.0,1.0,0.0,81.0,499.219,30.0,52.0,3.0,1.0,121.0,337.0,930.0,190.0,44.37022900763359,20.43010752688172,0.4770992366412213,0.0,0.4770992366412213,0.0,14.31297709923664,1.431297709923664,38.645038167938935,1,1,0.0,,3.4482758620689724,-0.2406738868832731,청주시,낭성면,"('청주시', '낭성면')","('청주시', '낭성면')",낭성면,10700.1,13579.1,12591.8,887.4,6342.8,3524.5,800.0,0.0,0.0,0.0,12.0,1.0,1.0,2.0,5.0,0.0,1.0,6.0,26.0,7130.0,6781.2,청주시,낭성면,"('청주시', '낭성면')"
내덕1동,4311452000,내덕1동,청주시,2017,9944.0,2505.0,865.0,1912.0,1048.0,25.191069991954944,8.698712791633145,19.227674979887368,10.539018503620271,9.204724633190548,-1.4567436329402383,-1.3391098857818085,-96.0,10091.0,10017.5,-0.958322934863988,11.0,3.0,4.0,3.0,17.0,30.952,182.0,230.0,3.0,6.0,661.0,1172.0,4139.0,193.0,41.62308930008045,4.6629620681324,1.106194690265487,0.3016894609814963,0.4022526146419952,0.3016894609814963,18.30249396621078,0.3016894609814963,1.7095736122284797,0,0,10.000000000000009,0.0,7.058823529411762,-4.295991778006167,청주시,내덕1동,"('청주시', '내덕1동')","('청주시', '내덕1동')",내덕1동,1030.1,1078.3,111.1,423.7,1498.8,892.9,137.7,0.0,8.0,32.0,56.0,0.0,3.0,17.0,33.0,1.0,17.0,61.0,155.0,1078.3,111.1,청주시,내덕1동,"('청주시', '내덕1동')"
내덕1동,4311452000,내덕1동,청주시,2018,9516.0,2347.0,724.0,2027.0,988.0,24.66372425388819,7.608238755779739,21.30096679277007,10.382513661202186,9.160729871422848,-4.304102976669344,-6.307385229540918,-418.0,9944.0,9730.0,-4.295991778006167,11.0,3.0,4.0,4.0,17.0,30.952,182.0,254.0,6.0,7.0,703.0,1173.0,4277.0,193.0,44.94535519125683,4.512508767827917,1.1559478772593526,0.3152585119798234,0.4203446826397645,0.4203446826397645,19.12568306010929,0.6305170239596469,1.7864649012189997,0,0,0.0,0.0,0.0,-3.9656098871574414,청주시,내덕1동,"('청주시', '내덕1동')","('청주시', '내덕1동')",내덕1동,1030.1,1078.3,111.1,423.7,1498.8,892.9,137.7,0.0,8.0,32.0,56.0,0.0,3.0,17.0,33.0,1.0,17.0,61.0,155.0,1078.3,111.1,청주시,내덕1동,"('청주시', '내덕1동')"
내덕1동,4311452000,내덕1동,청주시,2019,9094.0,2148.0,648.0,2109.0,918.0,23.61996921046844,7.125577303716736,23.19111502089289,10.094567846932042,9.115370134384955,-4.434636401849512,-8.478909245845756,-369.0,9516.0,9305.0,-3.9656098871574414,11.0,3.0,4.0,5.0,17.0,30.952,186.0,247.0,7.0,7.0,708.0,1132.0,4132.0,179.0,45.43655157246536,4.332042594385285,1.2095887398284584,0.3298878381350341,0.4398504508467121,0.5498130635583901,20.45304596437212,0.7697382889817462,1.8693644160985263,0,0,0.0,0.0,2.19780219780219,-4.802802576562323,청주시,내덕1동,"('청주시', '내덕1동')","('청주시', '내덕1동')",내덕1동,1030.1,1078.3,111.1,423.7,1498.8,892.9,137.7,0.0,8.0,32.0,56.0,0.0,3.0,17.0,33.0,1.0,17.0,61.0,155.0,1078.3,111.1,청주시,내덕1동,"('청주시', '내덕1동')"
내덕1동,4311452000,내덕1동,청주시,2021,8474.0,1837.0,543.0,2305.0,776.0,21.67807410903941,6.407835732829832,27.200849657776725,9.157422704743922,9.044757931186505,-1.5109251510925126,-3.11181434599156,-19.0,8604.0,8539.0,-0.2225084904555568,10.0,3.0,4.0,5.0,17.0,30.952,186.0,249.0,10.0,9.0,728.0,1392.0,4090.0,164.0,48.265282039178665,4.009779951100245,1.180080245456691,0.3540240736370073,0.4720320981826764,0.5900401227283455,21.949492565494456,1.180080245456691,2.006136417276375,0,0,-9.090909090909092,0.0,-1.0638297872340383,-0.4763322417386127,청주시,내덕1동,"('청주시', '내덕1동')","('청주시', '내덕1동')",내덕1동,1030.1,1078.3,111.1,423.7,1498.8,892.9,137.7,0.0,8.0,32.0,56.0,0.0,3.0,17.0,33.0,1.0,17.0,61.0,155.0,1078.3,111.1,청주시,내덕1동,"('청주시', '내덕1동')"
내덕1동,4311452000,내덕1동,청주시,2022,8321.0,1796.0,505.0,2355.0,750.0,21.58394423747146,6.068982093498378,28.30188679245283,9.013339742819372,9.02653771890043,-1.80552277554874,-2.2318998366902543,-40.0,8474.0,8397.5,-0.4763322417386127,11.0,4.0,4.0,5.0,17.0,30.952,183.0,252.0,13.0,9.0,733.0,1288.0,4152.0,155.0,49.89784881624805,3.733140655105973,1.321956495613508,0.4807114529503665,0.4807114529503665,0.6008893161879582,21.99254897247927,1.5623122220886914,2.043023675039058,0,0,10.000000000000009,33.33333333333333,-1.6129032258064502,-2.260508308895406,청주시,내덕1동,"('청주시', '내덕1동')","('청주시', '내덕1동')",내덕1동,1030.1,1078.3,111.1,423.7,1498.8,892.9,137.7,0.0,8.0,32.0,56.0,0.0,3.0,17.0,33.0,1.0,17.0,61.0,155.0,1078.3,111.1,청주시,내덕1동,"('청주시', '내덕1동')"
내덕1동,4311452000,내덕1동,청주시,2023,8047.0,1638.0,473.0,2440.0,683.0,20.35541195476575,5.877966944202809,30.321859077917235,8.487635143531751,8.993054630146133,-3.29287345271001,-8.797327394209354,-185.0,8321.0,8184.0,-2.260508308895406,8.0,3.0,4.0,5.0,17.0,30.952,183.0,239.0,13.0,9.0,709.0,1260.0,4203.0,129.0,52.230644960854974,3.0692362598144185,0.9941593140300732,0.3728097427612775,0.4970796570150366,0.6213495712687958,22.74139430843793,1.615508885298869,2.112588542313906,0,0,-27.27272727272727,-25.0,0.0,-2.0346265638822194,청주시,내덕1동,"('청주시', '내덕1동')","('청주시', '내덕1동')",내덕1동,1030.1,1078.3,111.1,423.7,1498.8,892.9,137.7,0.0,8.0,32.0,56.0,0.0,3.0,17.0,33.0,1.0,17.0,61.0,155.0,1078.3,111.1,청주시,내덕1동,"('청주시', '내덕1동')"
내덕1동,4311452000,내덕1동,청주시,2024,7779.0,1566.0,435.0,2494.0,643.0,20.13112225221751,5.591978403393752,32.06067617945752,8.265843938809615,8.959183074206774,-3.3304337020007457,-4.395604395604391,-161.0,8047.0,7913.0,-2.0346265638822194,7.0,3.0,4.0,5.0,17.0,30.952,177.0,216.0,14.0,9.0,684.0,1230.0,4063.0,130.0,52.23036379997429,3.1996062023135616,0.8998585936495694,0.3856536829926726,0.5142049106568968,0.642756138321121,22.75356729656768,1.7997171872991389,2.185370870291812,0,0,-12.5,0.0,-3.278688524590168,-0.0906853219328928,청주시,내덕1동,"('청주시', '내덕1동')","('청주시', '내덕1동')",내덕1동,1030.1,1078.3,111.1,423.7,1498.8,892.9,137.7,0.0,8.0,32.0,56.0,0.0,3.0,17.0,33.0,1.0,17.0,61.0,155.0,1078.3,111.1,청주시,내덕1동,"('청주시', '내덕1동')"
내덕2동,4311453000,내덕2동,청주시,2017,12702.0,3504.0,1422.0,2136.0,1526.0,27.58620689655172,11.195087387812942,16.816249409541804,12.013856085655805,9.44951474036292,-1.0593550397258178,-2.882483370288247,-124.0,12838.0,12770.0,-0.971025841816758,0.0,0.0,0.0,0.0,14.0,34.567,122.0,152.0,4.0,1.0,450.0,779.0,3257.0,168.0,25.64163123917493,5.158120970217992,0.0,0.0,0.0,0.0,9.604786647772004,0.314911037631869,1.1021886317115417,1,1,,,14.018691588785035,-2.8926445323424828,청주시,내덕2동,"('청주시', '내덕2동')","('청주시', '내덕2동')",내덕2동,882.1,990.4,89.9,523.6,804.7,846.8,203.8,7.0,14.0,44.0,59.0,2.0,7.0,18.0,35.0,7.0,20.0,73.0,166.0,941.7,65.1,청주시,내덕2동,"('청주시', '내덕2동')"
내덕2동,4311453000,내덕2동,청주시,2018,12327.0,3368.0,1313.0,2191.0,1433.0,27.322138395392223,10.65141559179038,17.773992049971607,11.624888456234284,9.41954725755152,-2.952290977798777,-3.8812785388127824,-362.0,12702.0,12514.5,-2.8926445323424828,0.0,0.0,0.0,0.0,14.0,34.567,120.0,156.0,6.0,1.0,459.0,825.0,3505.0,174.0,28.43351991563235,4.964336661911555,0.0,0.0,0.0,0.0,9.734728644439038,0.4867364322219518,1.135718341851221,1,1,,,-1.6393442622950838,-3.421063504524233,청주시,내덕2동,"('청주시', '내덕2동')","('청주시', '내덕2동')",내덕2동,882.1,990.4,89.9,523.6,804.7,846.8,203.8,7.0,14.0,44.0,59.0,2.0,7.0,18.0,35.0,7.0,20.0,73.0,166.0,941.7,65.1,청주시,내덕2동,"('청주시', '내덕2동')"
내덕2동,4311453000,내덕2동,청주시,2019,11876.0,3133.0,1190.0,2216.0,1292.0,26.38093634220276,10.020208824520042,18.65948130683732,10.87908386662176,9.382274835883653,-3.6586355155350025,-6.977434679334915,-414.0,12327.0,12101.5,-3.421063504524233,0.0,0.0,0.0,0.0,14.0,34.567,133.0,155.0,7.0,1.0,485.0,853.0,3652.0,160.0,30.751094644661503,4.381161007667032,0.0,0.0,0.0,0.0,11.1990569215224,0.5894240485011788,1.1788480970023576,1,1,,,10.83333333333334,9.545983701979043,청주시,내덕2동,"('청주시', '내덕2동')","('청주시', '내덕2동')",내덕2동,882.1,990.4,89.9,523.6,804.7,846.8,203.8,7.0,14.0,44.0,59.0,2.0,7.0,18.0,35.0,7.0,20.0,73.0,166.0,941.7,65.1,청주시,내덕2동,"('청주시', '내덕2동')"
내덕2동,4311453000,내덕2동,청주시,2021,13379.0,3655.0,1343.0,2532.0,1630.0,27.318932655654383,10.038119440914867,18.92518125420435,12.183272292398534,9.50144159247362,2.639048714998072,3.599773242630389,383.0,13035.0,13207.0,2.899977284773226,0.0,0.0,0.0,0.0,14.0,34.567,159.0,182.0,12.0,1.0,573.0,1136.0,4393.0,171.0,32.83503998804096,3.892556339631232,0.0,0.0,0.0,0.0,11.884296285223112,0.8969280215262725,1.0464160251139845,1,1,,,9.6551724137931,-0.3601575689364096,청주시,내덕2동,"('청주시', '내덕2동')","('청주시', '내덕2동')",내덕2동,882.1,990.4,89.9,523.6,804.7,846.8,203.8,7.0,14.0,44.0,59.0,2.0,7.0,18.0,35.0,7.0,20.0,73.0,166.0,941.7,65.1,청주시,내덕2동,"('청주시', '내덕2동')"
내덕2동,4311453000,내덕2동,청주시,2022,13276.0,3617.0,1265.0,2600.0,1603.0,27.24465200361555,9.528472431455258,19.58421211208196,12.074420006025912,9.493713172839865,-0.7698632184767185,-1.0396716826265415,-48.0,13379.0,13327.5,-0.3601575689364096,0.0,0.0,0.0,0.0,14.0,34.567,161.0,196.0,13.0,1.0,597.0,1139.0,5904.0,153.0,44.47122627297379,2.591463414634146,0.0,0.0,0.0,0.0,12.127146730943055,0.9792106056040976,1.0545344983428744,1,1,,,1.2578616352201255,-1.0084161043293656,청주시,내덕2동,"('청주시', '내덕2동')","('청주시', '내덕2동')",내덕2동,882.1,990.4,89.9,523.6,804.7,846.8,203.8,7.0,14.0,44.0,59.0,2.0,7.0,18.0,35.0,7.0,20.0,73.0,166.0,941.7,65.1,청주시,내덕2동,"('청주시', '내덕2동')"
내덕2동,4311453000,내덕2동,청주시,2023,13102.0,3537.0,1162.0,2699.0,1557.0,26.99587849183331,8.868874980918944,20.59990841092963,11.883681880628911,9.480520169291822,-1.3106357336547192,-2.2117777163395025,-133.0,13276.0,13189.0,-1.0084161043293656,0.0,0.0,0.0,0.0,14.0,34.567,154.0,181.0,14.0,0.0,578.0,1224.0,6416.0,113.0,48.96962295832697,1.7612219451371571,0.0,0.0,0.0,0.0,11.75393069760342,1.0685391543275835,1.0685391543275835,1,1,,,-4.347826086956519,-1.6807370571681894,청주시,내덕2동,"('청주시', '내덕2동')","('청주시', '내덕2동')",내덕2동,882.1,990.4,89.9,523.6,804.7,846.8,203.8,7.0,14.0,44.0,59.0,2.0,7.0,18.0,35.0,7.0,20.0,73.0,166.0,941.7,65.1,청주시,내덕2동,"('청주시', '내덕2동')"
내덕2동,4311453000,내덕2동,청주시,2024,12839.0,3468.0,1086.0,2789.0,1539.0,27.01144948983566,8.458602694913935,21.722875613365527,11.98691486875925,9.460242692591084,-2.0073271256296765,-1.9508057675996613,-218.0,13102.0,12970.5,-1.6807370571681894,0.0,0.0,0.0,0.0,14.0,34.567,157.0,186.0,18.0,1.0,590.0,1177.0,5942.0,111.0,46.2808629955604,1.8680578929653315,0.0,0.0,0.0,0.0,12.228366695225484,1.401978347223304,1.090427603395903,1,1,,,1.9480519480519431,-0.9876543209876544,청주시,내덕2동,"('청주시', '내덕2동')","('청주시', '내덕2동')",내덕2동,882.1,990.4,89.9,523.6,804.7,846.8,203.8,7.0,14.0,44.0,59.0,2.0,7.0,18.0,35.0,7.0,20.0,73.0,166.0,941.7,65.1,청주시,내덕2동,"('청주시', '내덕2동')"
내북면,4372039000,내북면,보은군,2017,1871.0,242.0,102.0,699.0,115.0,12.934259754142168,5.451630144307857,37.35970069481561,6.146445750935329,7.534228326274089,0.321715817694379,-3.200000000000003,38.0,1865.0,1868.0,2.0342612419700217,0.0,2.0,1.0,0.0,52.0,388.414,23.0,23.0,2.0,2.0,61.0,110.0,1366.0,994.0,73.00908605024051,72.76720351390922,0.0,1.0689470871191875,0.5344735435595938,0.0,12.292891501870658,1.0689470871191875,27.79262426509888,1,0,,0.0,14.999999999999991,-1.744344508040338,보은군,내북면,"('보은군', '내북면')","('보은군', '내북면')",내북면,4675.0,13765.1,14020.6,697.7,8873.3,4655.7,809.4,0.0,1.0,1.0,4.0,0.0,0.0,1.0,7.0,0.0,0.0,4.0,18.0,7266.0,7654.7,보은군,내북면,"('보은군', '내북면')"
내북면,4372039000,내북면,보은군,2018,1798.0,219.0,85.0,696.0,100.0,12.180200222469413,4.727474972191324,38.70967741935484,5.561735261401557,7.494430215031565,-3.901656867985037,-9.50413223140496,-32.0,1871.0,1834.5,-1.744344508040338,0.0,2.0,1.0,0.0,52.0,388.414,20.0,23.0,2.0,2.0,59.0,114.0,1403.0,1020.0,78.03114571746384,72.70135424091234,0.0,1.1123470522803114,0.5561735261401557,0.0,11.123470522803114,1.1123470522803114,28.921023359288096,1,0,,0.0,-13.043478260869568,-0.9006473402758233,보은군,내북면,"('보은군', '내북면')","('보은군', '내북면')",내북면,4675.0,13765.1,14020.6,697.7,8873.3,4655.7,809.4,0.0,1.0,1.0,4.0,0.0,0.0,1.0,7.0,0.0,0.0,4.0,18.0,7266.0,7654.7,보은군,내북면,"('보은군', '내북면')"
내북면,4372039000,내북면,보은군,2019,1755.0,207.0,68.0,714.0,86.0,11.794871794871794,3.8746438746438745,40.68376068376068,4.9002849002849,7.470224135899966,-2.391546162402669,-5.47945205479452,-16.0,1798.0,1776.5,-0.9006473402758233,0.0,2.0,1.0,0.0,52.0,388.414,19.0,23.0,3.0,2.0,58.0,102.0,1390.0,1118.0,79.2022792022792,80.43165467625899,0.0,1.1396011396011394,0.5698005698005697,0.0,10.826210826210827,1.7094017094017095,29.62962962962964,1,0,,0.0,-5.000000000000004,-0.5782017924255565,보은군,내북면,"('보은군', '내북면')","('보은군', '내북면')",내북면,4675.0,13765.1,14020.6,697.7,8873.3,4655.7,809.4,0.0,1.0,1.0,4.0,0.0,0.0,1.0,7.0,0.0,0.0,4.0,18.0,7266.0,7654.7,보은군,내북면,"('보은군', '내북면')"
내북면,4372039000,내북면,보은군,2021,1640.0,155.0,48.0,739.0,56.0,9.451219512195122,2.926829268292684,45.0609756097561,3.414634146341464,7.402451520818244,-3.7558685446009377,-15.760869565217394,-3.0,1704.0,1672.0,-0.1794258373205741,0.0,2.0,1.0,0.0,52.0,388.414,17.0,23.0,3.0,2.0,58.0,178.0,1736.0,1201.0,105.85365853658536,69.18202764976958,0.0,1.2195121951219512,0.6097560975609756,0.0,10.365853658536588,1.8292682926829271,31.70731707317073,1,0,,0.0,0.0,2.5633201098565763,보은군,내북면,"('보은군', '내북면')","('보은군', '내북면')",내북면,4675.0,13765.1,14020.6,697.7,8873.3,4655.7,809.4,0.0,1.0,1.0,4.0,0.0,0.0,1.0,7.0,0.0,0.0,4.0,18.0,7266.0,7654.7,보은군,내북면,"('보은군', '내북면')"
내북면,4372039000,내북면,보은군,2022,1637.0,146.0,53.0,769.0,56.0,8.918753817959683,3.2376298106292003,46.97617593158216,3.420891875381796,7.400620577371135,-0.1829268292682928,-5.8064516129032295,42.0,1640.0,1638.5,2.5633201098565763,0.0,2.0,1.0,0.0,52.0,388.414,16.0,24.0,3.0,2.0,57.0,168.0,3447.0,2993.0,210.56811240073304,86.82912677690744,0.0,1.2217470983506415,0.6108735491753208,0.0,9.773976786805132,1.832620647525962,31.76542455711668,1,0,,0.0,-5.882352941176472,2.318486882245272,보은군,내북면,"('보은군', '내북면')","('보은군', '내북면')",내북면,4675.0,13765.1,14020.6,697.7,8873.3,4655.7,809.4,0.0,1.0,1.0,4.0,0.0,0.0,1.0,7.0,0.0,0.0,4.0,18.0,7266.0,7654.7,보은군,내북면,"('보은군', '내북면')"
내북면,4372039000,내북면,보은군,2023,1641.0,128.0,48.0,800.0,55.0,7.800121876904327,2.9250457038391224,48.75076173065205,3.3516148689823275,7.403061091090091,0.2443494196701312,-12.328767123287676,38.0,1637.0,1639.0,2.318486882245272,0.0,2.0,1.0,0.0,52.0,388.414,12.0,22.0,1.0,0.0,47.0,195.0,1648.0,1175.0,100.4265691651432,71.2985436893204,0.0,1.218769043266301,0.6093845216331505,0.0,7.312614259597806,0.6093845216331505,31.687995124923827,1,0,,0.0,-25.0,0.9208103130755064,보은군,내북면,"('보은군', '내북면')","('보은군', '내북면')",내북면,4675.0,13765.1,14020.6,697.7,8873.3,4655.7,809.4,0.0,1.0,1.0,4.0,0.0,0.0,1.0,7.0,0.0,0.0,4.0,18.0,7266.0,7654.7,보은군,내북면,"('보은군', '내북면')"
내북면,4372039000,내북면,보은군,2024,1617.0,119.0,41.0,827.0,44.0,7.35930735930736,2.535559678416821,51.14409400123686,2.7210884353741496,7.388327859577107,-1.4625228519195566,-7.03125,15.0,1641.0,1629.0,0.9208103130755064,0.0,2.0,1.0,0.0,52.0,388.414,12.0,25.0,1.0,1.0,52.0,211.0,1811.0,1274.0,111.99752628324056,70.34787410270569,0.0,1.2368583797155226,0.6184291898577613,0.0,7.421150278293136,0.6184291898577613,32.15831787260358,1,0,,0.0,0.0,1.1207970112079702,보은군,내북면,"('보은군', '내북면')","('보은군', '내북면')",내북면,4675.0,13765.1,14020.6,697.7,8873.3,4655.7,809.4,0.0,1.0,1.0,4.0,0.0,0.0,1.0,7.0,0.0,0.0,4.0,18.0,7266.0,7654.7,보은군,내북면,"('보은군', '내북면')"
내수읍,4311425000,내수읍,청주시,2017,21249.0,5334.0,3167.0,3111.0,2442.0,25.10235775801214,14.90423078733117,14.64068897359876,11.492305520259777,9.964065114421732,-1.902035917086009,-5.375199574241618,-461.0,21661.0,21455.0,-2.1486832906082496,19.0,2.0,5.0,2.0,127.0,573.571,173.0,275.0,11.0,5.0,639.0,1333.0,7099.0,2665.0,33.408630994399736,37.54049866178335,0.8941597251635371,0.0941220763330039,0.2353051908325097,0.0941220763330039,8.141559602804838,0.5176714198315214,5.976751847145748,0,0,-5.000000000000004,0.0,13.0718954248366,-2.2323766005045456,청주시,내수읍,"('청주시', '내수읍')","('청주시', '내수읍')",내수읍,2120.1,7038.6,1668.0,503.7,2073.5,1401.3,325.7,1.0,1.0,6.0,54.0,1.0,1.0,5.0,31.0,2.0,3.0,14.0,133.0,2755.7,5.7,청주시,내수읍,"('청주시', '내수읍')"
내수읍,4311425000,내수읍,청주시,2018,20769.0,5081.0,2931.0,3234.0,2292.0,24.46434590013963,14.112379026433628,15.57128412537917,11.035678174201935,9.941216769346136,-2.258929831992096,-4.743157105361828,-469.0,21249.0,21009.0,-2.2323766005045456,19.0,3.0,5.0,2.0,127.0,573.571,177.0,288.0,11.0,4.0,665.0,1395.0,7497.0,2843.0,36.09706774519717,37.921835400827,0.9148249795368096,0.1444460494005489,0.2407434156675815,0.0962973662670326,8.522316914632384,0.5296355144686794,6.11488275795657,0,0,0.0,50.0,2.3121387283236983,-2.850576960688441,청주시,내수읍,"('청주시', '내수읍')","('청주시', '내수읍')",내수읍,2120.1,7038.6,1668.0,503.7,2073.5,1401.3,325.7,1.0,1.0,6.0,54.0,1.0,1.0,5.0,31.0,2.0,3.0,14.0,133.0,2755.7,5.7,청주시,내수읍,"('청주시', '내수읍')"
내수읍,4311425000,내수읍,청주시,2019,20135.0,4744.0,2669.0,3310.0,2118.0,23.560963496399303,13.255525204867148,16.439036503600697,10.518996771790414,9.910214873285554,-3.052626510664936,-6.632552647116707,-583.0,20769.0,20452.0,-2.850576960688441,17.0,3.0,5.0,2.0,127.0,573.571,183.0,297.0,17.0,4.0,700.0,1473.0,7946.0,2917.0,39.46362056121182,36.7102944877926,0.8443009684628756,0.1489942885522721,0.2483238142537869,0.0993295257015147,9.088651601688602,0.8443009684628756,6.307424882046188,0,0,-10.526315789473683,0.0,3.3898305084745672,-2.717966819625838,청주시,내수읍,"('청주시', '내수읍')","('청주시', '내수읍')",내수읍,2120.1,7038.6,1668.0,503.7,2073.5,1401.3,325.7,1.0,1.0,6.0,54.0,1.0,1.0,5.0,31.0,2.0,3.0,14.0,133.0,2755.7,5.7,청주시,내수읍,"('청주시', '내수읍')"
내수읍,4311425000,내수읍,청주시,2021,19127.0,4144.0,2269.0,3599.0,1778.0,21.66570816123804,11.862811732106444,18.81633293250379,9.295759920531186,9.858856228390534,-2.0484457417934143,-7.106030038108047,-265.0,19527.0,19327.0,-1.3711388213380244,14.0,1.0,5.0,3.0,127.0,573.571,197.0,308.0,22.0,4.0,758.0,2098.0,8406.0,3093.0,43.948345271082765,36.79514632405424,0.7319496000418256,0.0522821142887018,0.2614105714435091,0.1568463428661055,10.29957651487426,1.1502065143514404,6.639828514665132,0,0,-6.666666666666665,-66.66666666666667,5.3475935828877,-0.3466022476630606,청주시,내수읍,"('청주시', '내수읍')","('청주시', '내수읍')",내수읍,2120.1,7038.6,1668.0,503.7,2073.5,1401.3,325.7,1.0,1.0,6.0,54.0,1.0,1.0,5.0,31.0,2.0,3.0,14.0,133.0,2755.7,5.7,청주시,내수읍,"('청주시', '내수읍')"
내수읍,4311425000,내수읍,청주시,2022,18957.0,4023.0,2074.0,3845.0,1691.0,21.221712296249407,10.940549665031387,20.28274516009917,8.92018779342723,9.849928535441563,-0.8887959429079273,-2.919884169884168,-66.0,19127.0,19042.0,-0.3466022476630606,14.0,1.0,5.0,3.0,127.0,573.571,197.0,300.0,26.0,3.0,756.0,2227.0,8501.0,3003.0,44.84359339557947,35.325255852252674,0.7385134778709712,0.0527509627050693,0.2637548135253468,0.1582528881152081,10.391939652898666,1.3715250303318036,6.699372263543809,0,0,0.0,0.0,0.0,-1.175063139704905,청주시,내수읍,"('청주시', '내수읍')","('청주시', '내수읍')",내수읍,2120.1,7038.6,1668.0,503.7,2073.5,1401.3,325.7,1.0,1.0,6.0,54.0,1.0,1.0,5.0,31.0,2.0,3.0,14.0,133.0,2755.7,5.7,청주시,내수읍,"('청주시', '내수읍')"
내수읍,4311425000,내수읍,청주시,2023,18658.0,3895.0,1892.0,4034.0,1607.0,20.875763747454176,10.14042233894308,21.620752492228533,8.612927430592775,9.834030287520909,-1.5772537848815715,-3.181705195128015,-221.0,18957.0,18807.5,-1.175063139704905,11.0,1.0,5.0,3.0,127.0,573.571,194.0,275.0,23.0,2.0,736.0,2383.0,8663.0,2868.0,46.43048558259192,33.10631420985802,0.5895594383106442,0.0535963125736949,0.2679815628684746,0.1607889377210847,10.397684639296816,1.2327151891949837,6.806731696859256,0,0,-21.42857142857143,0.0,-1.5228426395939132,2.046022213955466,청주시,내수읍,"('청주시', '내수읍')","('청주시', '내수읍')",내수읍,2120.1,7038.6,1668.0,503.7,2073.5,1401.3,325.7,1.0,1.0,6.0,54.0,1.0,1.0,5.0,31.0,2.0,3.0,14.0,133.0,2755.7,5.7,청주시,내수읍,"('청주시', '내수읍')"
내수읍,4311425000,내수읍,청주시,2024,18976.0,3972.0,1772.0,4315.0,1635.0,20.931703204047217,9.338111298482293,22.73924957841484,8.61614671163575,9.850930301797453,1.7043627398434902,1.976893453145068,385.0,18658.0,18817.0,2.046022213955466,11.0,1.0,5.0,3.0,127.0,573.571,190.0,288.0,26.0,4.0,739.0,2510.0,8946.0,2844.0,47.14376053962901,31.790744466800803,0.5796795952782462,0.0526981450252951,0.2634907251264755,0.1580944350758853,10.01264755480607,1.370151770657673,6.692664418212479,0,0,0.0,0.0,-2.061855670103097,-0.545955687480123,청주시,내수읍,"('청주시', '내수읍')","('청주시', '내수읍')",내수읍,2120.1,7038.6,1668.0,503.7,2073.5,1401.3,325.7,1.0,1.0,6.0,54.0,1.0,1.0,5.0,31.0,2.0,3.0,14.0,133.0,2755.7,5.7,청주시,내수읍,"('청주시', '내수읍')"
노은면,4313036000,노은면,충주시,2017,2474.0,320.0,115.0,951.0,145.0,12.93451899757478,4.648342764753436,38.43977364591754,5.860953920776072,7.813591552952433,-0.1614205004035529,-1.2345679012345734,51.0,2478.0,2476.0,2.059773828756058,2.0,0.0,2.0,0.0,60.0,472.024,23.0,35.0,3.0,0.0,74.0,165.0,1205.0,192.0,48.70654810024252,15.933609958506224,0.8084074373484236,0.0,0.8084074373484236,0.0,9.296685529506872,1.2126111560226356,24.252223120452708,1,1,0.0,,9.523809523809534,-0.6117455138662317,충주시,노은면,"('충주시', '노은면')","('충주시', '노은면')",노은면,11661.2,20552.3,8677.7,703.0,10588.3,3668.6,756.0,0.0,0.0,0.0,8.0,0.0,0.0,0.0,13.0,2.0,2.0,6.0,45.0,13986.4,3094.8,충주시,노은면,"('충주시', '노은면')"
노은면,4313036000,노은면,충주시,2018,2430.0,290.0,113.0,970.0,130.0,11.934156378600823,4.650205761316872,39.91769547325103,5.349794238683128,7.795646536334594,-1.7784963621665373,-9.375,-15.0,2474.0,2452.0,-0.6117455138662317,2.0,0.0,2.0,0.0,60.0,472.024,23.0,42.0,4.0,0.0,86.0,166.0,1248.0,196.0,51.358024691358025,15.705128205128204,0.823045267489712,0.0,0.823045267489712,0.0,9.465020576131684,1.646090534979424,24.69135802469136,1,1,0.0,,0.0,-1.4211076280041797,충주시,노은면,"('충주시', '노은면')","('충주시', '노은면')",노은면,11661.2,20552.3,8677.7,703.0,10588.3,3668.6,756.0,0.0,0.0,0.0,8.0,0.0,0.0,0.0,13.0,2.0,2.0,6.0,45.0,13986.4,3094.8,충주시,노은면,"('충주시', '노은면')"
노은면,4313036000,노은면,충주시,2019,2355.0,264.0,108.0,993.0,103.0,11.210191082802549,4.585987261146497,42.1656050955414,4.373673036093418,7.764296006450518,-3.0864197530864224,-8.965517241379306,-34.0,2430.0,2392.5,-1.4211076280041797,2.0,0.0,2.0,0.0,60.0,472.024,24.0,40.0,5.0,0.0,85.0,167.0,1326.0,191.0,56.30573248407643,14.404223227752638,0.8492569002123143,0.0,0.8492569002123143,0.0,10.19108280254777,2.123142250530785,25.477707006369428,1,1,0.0,,4.347826086956519,-0.0428082191780821,충주시,노은면,"('충주시', '노은면')","('충주시', '노은면')",노은면,11661.2,20552.3,8677.7,703.0,10588.3,3668.6,756.0,0.0,0.0,0.0,8.0,0.0,0.0,0.0,13.0,2.0,2.0,6.0,45.0,13986.4,3094.8,충주시,노은면,"('충주시', '노은면')"
노은면,4313036000,노은면,충주시,2021,2246.0,212.0,85.0,1056.0,86.0,9.43900267141585,3.784505788067676,47.01691896705254,3.829029385574354,7.716906135298388,-3.064307293914548,-12.757201646090532,-15.0,2317.0,2281.5,-0.6574621959237344,2.0,0.0,2.0,0.0,60.0,472.024,28.0,46.0,7.0,0.0,97.0,266.0,1430.0,216.0,63.66874443455031,15.104895104895103,0.8904719501335707,0.0,0.8904719501335707,0.0,12.466607301869992,3.116651825467498,26.714158504007123,1,1,0.0,,7.692307692307687,1.8724921979491755,충주시,노은면,"('충주시', '노은면')","('충주시', '노은면')",노은면,11661.2,20552.3,8677.7,703.0,10588.3,3668.6,756.0,0.0,0.0,0.0,8.0,0.0,0.0,0.0,13.0,2.0,2.0,6.0,45.0,13986.4,3094.8,충주시,노은면,"('충주시', '노은면')"
노은면,4313036000,노은면,충주시,2022,2240.0,196.0,84.0,1098.0,87.0,8.75,3.75,49.01785714285714,3.883928571428572,7.714231144849085,-0.267141585040076,-7.547169811320753,42.0,2246.0,2243.0,1.8724921979491755,2.0,0.0,2.0,0.0,60.0,472.024,29.0,50.0,6.0,0.0,103.0,281.0,1581.0,234.0,70.58035714285714,14.800759013282732,0.8928571428571429,0.0,0.8928571428571429,0.0,12.946428571428571,2.6785714285714284,26.785714285714285,1,1,0.0,,3.571428571428581,0.0898674455178611,충주시,노은면,"('충주시', '노은면')","('충주시', '노은면')",노은면,11661.2,20552.3,8677.7,703.0,10588.3,3668.6,756.0,0.0,0.0,0.0,8.0,0.0,0.0,0.0,13.0,2.0,2.0,6.0,45.0,13986.4,3094.8,충주시,노은면,"('충주시', '노은면')"
노은면,4313036000,노은면,충주시,2023,2211.0,175.0,67.0,1116.0,69.0,7.914970601537766,3.0303030303030303,50.47489823609227,3.120759837177748,7.701200180857446,-1.294642857142858,-10.71428571428571,2.0,2240.0,2225.5,0.0898674455178611,2.0,0.0,2.0,0.0,60.0,472.024,25.0,45.0,3.0,0.0,92.0,288.0,1502.0,222.0,67.93306196291272,14.780292942743008,0.9045680687471732,0.0,0.9045680687471732,0.0,11.307100859339664,1.35685210312076,27.1370420624152,1,1,0.0,,-13.793103448275868,-0.1830663615560641,충주시,노은면,"('충주시', '노은면')","('충주시', '노은면')",노은면,11661.2,20552.3,8677.7,703.0,10588.3,3668.6,756.0,0.0,0.0,0.0,8.0,0.0,0.0,0.0,13.0,2.0,2.0,6.0,45.0,13986.4,3094.8,충주시,노은면,"('충주시', '노은면')"
노은면,4313036000,노은면,충주시,2024,2159.0,154.0,51.0,1146.0,66.0,7.13293191292265,2.3622047244094486,53.08012968967114,3.0569708198239924,7.677400430514807,-2.351876978742651,-12.0,-4.0,2211.0,2185.0,-0.1830663615560641,2.0,0.0,2.0,0.0,60.0,472.024,27.0,43.0,4.0,0.0,96.0,322.0,1552.0,231.0,71.88513200555813,14.8840206185567,0.9263547938860583,0.0,0.9263547938860583,0.0,12.505789717461788,1.8527095877721167,27.79064381658176,1,1,0.0,,8.000000000000007,0.3732213669232563,충주시,노은면,"('충주시', '노은면')","('충주시', '노은면')",노은면,11661.2,20552.3,8677.7,703.0,10588.3,3668.6,756.0,0.0,0.0,0.0,8.0,0.0,0.0,0.0,13.0,2.0,2.0,6.0,45.0,13986.4,3094.8,충주시,노은면,"('충주시', '노은면')"
단성면,4380036000,단성면,단양군,2017,1872.0,238.0,93.0,600.0,105.0,12.713675213675211,4.967948717948718,32.05128205128205,5.60897435897436,7.534762657037537,1.0253642741500313,4.385964912280693,40.0,1853.0,1862.5,2.1476510067114094,0.0,0.0,3.0,0.0,34.0,201.07,39.0,34.0,0.0,0.0,86.0,143.0,472.0,24.0,25.213675213675213,5.084745762711865,0.0,0.0,1.6025641025641024,0.0,20.83333333333333,0.0,18.162393162393165,1,1,,,8.333333333333325,-0.9181744531460978,단양군,단성면,"('단양군', '단성면')","('단양군', '단성면')",단성면,15338.3,34894.9,15016.1,789.5,9191.1,4744.2,593.4,0.0,0.0,1.0,1.0,0.0,0.0,2.0,8.0,3.0,4.0,8.0,15.0,29340.9,9835.6,단양군,단성면,"('단양군', '단성면')"
단성면,4380036000,단성면,단양군,2018,1831.0,229.0,71.0,599.0,104.0,12.506826870562534,3.8776624795193886,32.71436373566357,5.6799563080284,7.5126175446745105,-2.1901709401709435,-3.781512605042016,-17.0,1872.0,1851.5,-0.9181744531460978,0.0,0.0,3.0,0.0,34.0,201.07,39.0,32.0,0.0,0.0,90.0,150.0,471.0,32.0,25.72364827962862,6.794055201698514,0.0,0.0,1.638448935008192,0.0,21.299836155106497,0.0,18.569087930092845,1,1,,,0.0,-0.2751031636863824,단양군,단성면,"('단양군', '단성면')","('단양군', '단성면')",단성면,15338.3,34894.9,15016.1,789.5,9191.1,4744.2,593.4,0.0,0.0,1.0,1.0,0.0,0.0,2.0,8.0,3.0,4.0,8.0,15.0,29340.9,9835.6,단양군,단성면,"('단양군', '단성면')"
단성면,4380036000,단성면,단양군,2019,1804.0,225.0,64.0,623.0,99.0,12.472283813747229,3.547671840354768,34.534368070953434,5.487804878048781,7.497761700622568,-1.474604041507377,-1.7467248908296984,-5.0,1831.0,1817.5,-0.2751031636863824,0.0,0.0,3.0,0.0,34.0,201.07,40.0,33.0,0.0,0.0,96.0,156.0,468.0,25.0,25.94235033259424,5.3418803418803416,0.0,0.0,1.662971175166297,0.0,22.17294900221729,0.0,18.8470066518847,1,1,,,2.564102564102555,-1.4610845743186287,단양군,단성면,"('단양군', '단성면')","('단양군', '단성면')",단성면,15338.3,34894.9,15016.1,789.5,9191.1,4744.2,593.4,0.0,0.0,1.0,1.0,0.0,0.0,2.0,8.0,3.0,4.0,8.0,15.0,29340.9,9835.6,단양군,단성면,"('단양군', '단성면')"
단성면,4380036000,단성면,단양군,2021,1679.0,169.0,59.0,664.0,76.0,10.065515187611672,3.5139964264443124,39.5473496128648,4.526503871351995,7.425953657077541,-4.33048433048433,-8.64864864864865,-24.0,1755.0,1717.0,-1.3977868375072802,0.0,0.0,3.0,0.0,34.0,201.07,43.0,34.0,1.0,0.0,105.0,186.0,495.0,41.0,29.48183442525313,8.282828282828284,0.0,0.0,1.7867778439547348,0.0,25.610482430017868,0.5955926146515784,20.250148898153665,1,1,,,0.0,-1.7607771706132362,단양군,단성면,"('단양군', '단성면')","('단양군', '단성면')",단성면,15338.3,34894.9,15016.1,789.5,9191.1,4744.2,593.4,0.0,0.0,1.0,1.0,0.0,0.0,2.0,8.0,3.0,4.0,8.0,15.0,29340.9,9835.6,단양군,단성면,"('단양군', '단성면')"
단성면,4380036000,단성면,단양군,2022,1615.0,153.0,48.0,692.0,66.0,9.473684210526317,2.9721362229102164,42.84829721362229,4.086687306501548,7.387090235656757,-3.811792733770103,-9.46745562130178,-29.0,1679.0,1647.0,-1.7607771706132362,0.0,0.0,3.0,0.0,34.0,201.07,43.0,33.0,1.0,0.0,108.0,193.0,499.0,31.0,30.897832817337463,6.212424849699398,0.0,0.0,1.8575851393188847,0.0,26.625386996904027,0.6191950464396285,21.052631578947366,1,1,,,0.0,2.405922270203578,단양군,단성면,"('단양군', '단성면')","('단양군', '단성면')",단성면,15338.3,34894.9,15016.1,789.5,9191.1,4744.2,593.4,0.0,0.0,1.0,1.0,0.0,0.0,2.0,8.0,3.0,4.0,8.0,15.0,29340.9,9835.6,단양군,단성면,"('단양군', '단성면')"
단성면,4380036000,단성면,단양군,2023,1627.0,143.0,53.0,736.0,64.0,8.789182544560541,3.257529194837124,45.236631837738166,3.93362015980332,7.394493107219038,0.7430340557275539,-6.5359477124183,39.0,1615.0,1621.0,2.405922270203578,0.0,0.0,3.0,0.0,34.0,201.07,35.0,36.0,0.0,0.0,101.0,205.0,487.0,19.0,29.932390903503386,3.9014373716632447,0.0,0.0,1.843884449907805,0.0,21.5119852489244,0.0,20.897357098955133,1,1,,,-18.6046511627907,2.089735709895513,단양군,단성면,"('단양군', '단성면')","('단양군', '단성면')",단성면,15338.3,34894.9,15016.1,789.5,9191.1,4744.2,593.4,0.0,0.0,1.0,1.0,0.0,0.0,2.0,8.0,3.0,4.0,8.0,15.0,29340.9,9835.6,단양군,단성면,"('단양군', '단성면')"
단성면,4380036000,단성면,단양군,2024,1627.0,147.0,52.0,767.0,65.0,9.035033804548249,3.196066379840197,47.1419791026429,3.995082974800246,7.394493107219038,0.0,2.797202797202792,34.0,1627.0,1627.0,2.089735709895513,0.0,0.0,3.0,0.0,34.0,201.07,35.0,37.0,1.0,0.0,105.0,222.0,504.0,19.0,30.977258758451136,3.7698412698412698,0.0,0.0,1.843884449907805,0.0,21.5119852489244,0.6146281499692685,20.897357098955133,1,1,,,0.0,-3.3417402269861283,단양군,단성면,"('단양군', '단성면')","('단양군', '단성면')",단성면,15338.3,34894.9,15016.1,789.5,9191.1,4744.2,593.4,0.0,0.0,1.0,1.0,0.0,0.0,2.0,8.0,3.0,4.0,8.0,15.0,29340.9,9835.6,단양군,단성면,"('단양군', '단성면')"
단양읍,4380025000,단양읍,단양군,2017,10662.0,2226.0,1189.0,2036.0,1008.0,20.8778840742825,11.151753892327894,19.09585443631589,9.454136184580754,9.274441297382706,-1.732718894009222,-1.981505944517836,-121.0,10850.0,10756.0,-1.1249535143175902,7.0,2.0,4.0,4.0,72.0,250.797,244.0,365.0,25.0,12.0,887.0,1453.0,5777.0,196.0,54.18308009754268,3.3927644105937333,0.6565372350403302,0.18758206715438,0.37516413430876,0.37516413430876,22.885012192834363,2.3447758394297504,6.752954417557682,0,0,0.0,0.0,11.926605504587153,3.418013856812933,단양군,단양읍,"('단양군', '단양읍')","('단양군', '단양읍')",단양읍,2567.8,27369.2,2326.1,936.9,1738.0,1765.8,663.9,1.0,1.0,1.0,1.0,2.0,4.0,4.0,7.0,4.0,4.0,5.0,17.0,24595.3,42.9,단양군,단양읍,"('단양군', '단양읍')"
단양읍,4380025000,단양읍,단양군,2018,10988.0,2367.0,1203.0,2115.0,1097.0,21.541681834728795,10.948307244266472,19.248270840917364,9.983618492901346,9.304559047215164,3.0575876946163927,6.334231805929913,370.0,10662.0,10825.0,3.418013856812933,7.0,2.0,4.0,4.0,72.0,250.797,239.0,388.0,29.0,12.0,924.0,1466.0,6110.0,209.0,55.60611576265016,3.420621931260229,0.637058609392064,0.1820167455405897,0.3640334910811794,0.3640334910811794,21.75100109210048,2.6392428103385512,6.552602839461232,0,0,0.0,0.0,-2.049180327868849,-0.6956521739130435,단양군,단양읍,"('단양군', '단양읍')","('단양군', '단양읍')",단양읍,2567.8,27369.2,2326.1,936.9,1738.0,1765.8,663.9,1.0,1.0,1.0,1.0,2.0,4.0,4.0,7.0,4.0,4.0,5.0,17.0,24595.3,42.9,단양군,단양읍,"('단양군', '단양읍')"
단양읍,4380025000,단양읍,단양군,2019,10862.0,2298.0,1148.0,2192.0,1057.0,21.15632480206224,10.568955993371386,20.18044559013073,9.73117289633585,9.29302573859479,-1.14670549690572,-2.91508238276299,-76.0,10988.0,10925.0,-0.6956521739130435,7.0,2.0,4.0,4.0,72.0,250.797,250.0,398.0,33.0,13.0,960.0,1463.0,6430.0,207.0,59.19720125207144,3.219284603421462,0.644448536181182,0.1841281531946234,0.3682563063892469,0.3682563063892469,23.016019149327928,3.038114527711287,6.628613515006445,0,0,0.0,0.0,4.602510460251041,-1.890394375378312,단양군,단양읍,"('단양군', '단양읍')","('단양군', '단양읍')",단양읍,2567.8,27369.2,2326.1,936.9,1738.0,1765.8,663.9,1.0,1.0,1.0,1.0,2.0,4.0,4.0,7.0,4.0,4.0,5.0,17.0,24595.3,42.9,단양군,단양읍,"('단양군', '단양읍')"
단양읍,4380025000,단양읍,단양군,2021,10329.0,1978.0,1036.0,2419.0,905.0,19.149966114822345,10.030012585923128,23.419498499370704,8.761738793687677,9.242710752006634,-2.694300518134718,-9.141019751952228,-202.0,10615.0,10472.0,-1.9289533995416348,6.0,1.0,4.0,4.0,72.0,250.797,255.0,414.0,40.0,13.0,999.0,1664.0,6041.0,193.0,58.485816632781486,3.1948352921701706,0.5808887598024979,0.0968147933004163,0.3872591732016652,0.3872591732016652,24.687772291606155,3.872591732016652,6.970665117629974,0,0,-14.28571428571429,0.0,-0.390625,-1.2518949581886645,단양군,단양읍,"('단양군', '단양읍')","('단양군', '단양읍')",단양읍,2567.8,27369.2,2326.1,936.9,1738.0,1765.8,663.9,1.0,1.0,1.0,1.0,2.0,4.0,4.0,7.0,4.0,4.0,5.0,17.0,24595.3,42.9,단양군,단양읍,"('단양군', '단양읍')"
단양읍,4380025000,단양읍,단양군,2022,10120.0,1858.0,961.0,2515.0,848.0,18.3596837944664,9.49604743083004,24.851778656126484,8.379446640316205,9.222268942841456,-2.023429179978697,-6.066734074823055,-128.0,10329.0,10224.5,-1.2518949581886645,6.0,1.0,4.0,4.0,72.0,250.797,258.0,419.0,42.0,13.0,1014.0,1653.0,6325.0,205.0,62.5,3.241106719367589,0.5928853754940712,0.0988142292490118,0.3952569169960474,0.3952569169960474,25.49407114624506,4.150197628458498,7.1146245059288535,0,0,0.0,0.0,1.17647058823529,2.4958402662229617,단양군,단양읍,"('단양군', '단양읍')","('단양군', '단양읍')",단양읍,2567.8,27369.2,2326.1,936.9,1738.0,1765.8,663.9,1.0,1.0,1.0,1.0,2.0,4.0,4.0,7.0,4.0,4.0,5.0,17.0,24595.3,42.9,단양군,단양읍,"('단양군', '단양읍')"
단양읍,4380025000,단양읍,단양군,2023,10314.0,1871.0,970.0,2651.0,847.0,18.140391700601125,9.404692650765949,25.70292805894901,8.212138840411091,9.241257474610904,1.91699604743083,0.6996770721205525,255.0,10120.0,10217.0,2.4958402662229617,6.0,1.0,4.0,4.0,72.0,250.797,222.0,390.0,18.0,2.0,912.0,1764.0,6660.0,198.0,64.57242582897034,2.972972972972973,0.5817335660267597,0.0969555943377933,0.3878223773511732,0.3878223773511732,21.52414194299011,1.7452006980802792,6.980802792321117,0,0,0.0,0.0,-13.953488372093029,-0.4292473537876201,단양군,단양읍,"('단양군', '단양읍')","('단양군', '단양읍')",단양읍,2567.8,27369.2,2326.1,936.9,1738.0,1765.8,663.9,1.0,1.0,1.0,1.0,2.0,4.0,4.0,7.0,4.0,4.0,5.0,17.0,24595.3,42.9,단양군,단양읍,"('단양군', '단양읍')"
단양읍,4380025000,단양읍,단양군,2024,10187.0,1783.0,914.0,2784.0,784.0,17.502699518994795,8.97221949543536,27.32894866005693,7.696083243349366,9.228867676590069,-1.2313360480899704,-4.703367183324425,-44.0,10314.0,10250.5,-0.4292473537876201,6.0,1.0,4.0,5.0,72.0,250.797,210.0,407.0,22.0,4.0,933.0,1816.0,6579.0,180.0,64.58231078825955,2.7359781121751023,0.588985962501227,0.0981643270835378,0.3926573083341513,0.4908216354176892,20.614508687542944,2.1596151958378327,7.067831550014725,0,0,0.0,0.0,-5.405405405405405,-1.0202060221870046,단양군,단양읍,"('단양군', '단양읍')","('단양군', '단양읍')",단양읍,2567.8,27369.2,2326.1,936.9,1738.0,1765.8,663.9,1.0,1.0,1.0,1.0,2.0,4.0,4.0,7.0,4.0,4.0,5.0,17.0,24595.3,42.9,단양군,단양읍,"('단양군', '단양읍')"
달천동,4313060500,달천동,충주시,2017,4175.0,974.0,224.0,1027.0,397.0,23.32934131736527,5.365269461077844,24.59880239520958,9.508982035928144,8.336869637284956,-2.726001863932903,-6.615532118887824,-82.0,4292.0,4233.5,-1.936931616865477,2.0,0.0,2.0,1.0,56.0,238.962,85.0,129.0,3.0,1.0,294.0,491.0,3847.0,812.0,92.1437125748503,21.10735638159605,0.4790419161676646,0.0,0.4790419161676646,0.2395209580838323,20.35928143712575,0.718562874251497,13.41317365269461,0,1,0.0,,16.43835616438356,-4.48055145248646,충주시,달천동,"('충주시', '달천동')","('충주시', '달천동')",달천동,3240.0,4972.4,3486.2,475.6,3374.8,1479.3,352.2,0.0,0.0,2.0,11.0,0.0,0.0,3.0,15.0,0.0,0.0,4.0,39.0,2497.1,1431.4,충주시,달천동,"('충주시', '달천동')"
달천동,4313060500,달천동,충주시,2018,3949.0,887.0,187.0,1034.0,341.0,22.461382628513547,4.735376044568245,26.18384401114206,8.635097493036211,8.28121766128665,-5.4131736526946135,-8.932238193018483,-182.0,4175.0,4062.0,-4.48055145248646,2.0,0.0,2.0,1.0,56.0,238.962,84.0,127.0,2.0,1.0,292.0,496.0,3687.0,713.0,93.36540896429476,19.338215351234066,0.5064573309698658,0.0,0.5064573309698658,0.2532286654849329,21.27120790073436,0.5064573309698658,14.18080526715624,0,1,0.0,,-1.17647058823529,-1.30718954248366,충주시,달천동,"('충주시', '달천동')","('충주시', '달천동')",달천동,3240.0,4972.4,3486.2,475.6,3374.8,1479.3,352.2,0.0,0.0,2.0,11.0,0.0,0.0,3.0,15.0,0.0,0.0,4.0,39.0,2497.1,1431.4,충주시,달천동,"('충주시', '달천동')"
달천동,4313060500,달천동,충주시,2019,3854.0,862.0,164.0,1044.0,325.0,22.366372599896213,4.25531914893617,27.088738972496103,8.432797093928386,8.256866848974312,-2.4056723221068665,-2.8184892897407,-51.0,3949.0,3901.5,-1.30718954248366,2.0,0.0,2.0,1.0,56.0,238.962,87.0,125.0,3.0,1.0,294.0,589.0,3829.0,744.0,99.35132330046704,19.43066074693132,0.5189413596263622,0.0,0.5189413596263622,0.2594706798131811,22.57394914374676,0.7784120394395433,14.530358069538142,0,1,0.0,,3.571428571428581,-4.122340425531915,충주시,달천동,"('충주시', '달천동')","('충주시', '달천동')",달천동,3240.0,4972.4,3486.2,475.6,3374.8,1479.3,352.2,0.0,0.0,2.0,11.0,0.0,0.0,3.0,15.0,0.0,0.0,4.0,39.0,2497.1,1431.4,충주시,달천동,"('충주시', '달천동')"
달천동,4313060500,달천동,충주시,2021,3711.0,770.0,142.0,1128.0,293.0,20.749124225276205,3.826461870115872,30.39611964430073,7.89544597143627,8.219056661060598,1.227495908346965,1.986754966887428,102.0,3666.0,3688.5,2.765351769011793,2.0,0.0,2.0,1.0,56.0,238.962,140.0,129.0,5.0,1.0,359.0,821.0,4104.0,675.0,110.59013742926436,16.447368421052634,0.5389382915656158,0.0,0.5389382915656158,0.2694691457828079,37.725680409593096,1.3473457289140396,15.09027216383724,0,1,0.0,,9.375,2.962369895916733,충주시,달천동,"('충주시', '달천동')","('충주시', '달천동')",달천동,3240.0,4972.4,3486.2,475.6,3374.8,1479.3,352.2,0.0,0.0,2.0,11.0,0.0,0.0,3.0,15.0,0.0,0.0,4.0,39.0,2497.1,1431.4,충주시,달천동,"('충주시', '달천동')"
달천동,4313060500,달천동,충주시,2022,3783.0,832.0,119.0,1201.0,339.0,21.993127147766323,3.1456515992598466,31.747290510177105,8.961141950832673,8.23827262463303,1.9401778496362263,8.051948051948044,111.0,3711.0,3747.0,2.962369895916733,2.0,0.0,2.0,1.0,56.0,238.962,152.0,125.0,6.0,1.0,370.0,821.0,4187.0,803.0,110.67935500925192,19.17840936231192,0.5286809410520751,0.0,0.5286809410520751,0.2643404705260375,40.179751519957705,1.5860428231562251,14.8030663494581,0,1,0.0,,8.571428571428562,4.019313584757928,충주시,달천동,"('충주시', '달천동')","('충주시', '달천동')",달천동,3240.0,4972.4,3486.2,475.6,3374.8,1479.3,352.2,0.0,0.0,2.0,11.0,0.0,0.0,3.0,15.0,0.0,0.0,4.0,39.0,2497.1,1431.4,충주시,달천동,"('충주시', '달천동')"
달천동,4313060500,달천동,충주시,2023,3880.0,888.0,109.0,1252.0,365.0,22.88659793814433,2.809278350515464,32.2680412371134,9.40721649484536,8.263590432617319,2.564102564102555,6.730769230769229,154.0,3783.0,3831.5,4.019313584757928,2.0,0.0,2.0,1.0,56.0,238.962,136.0,120.0,4.0,0.0,340.0,856.0,4506.0,964.0,116.1340206185567,21.39369729249889,0.5154639175257733,0.0,0.5154639175257733,0.2577319587628866,35.05154639175258,1.0309278350515465,14.43298969072165,0,1,0.0,,-10.526315789473683,3.862279252953881,충주시,달천동,"('충주시', '달천동')","('충주시', '달천동')",달천동,3240.0,4972.4,3486.2,475.6,3374.8,1479.3,352.2,0.0,0.0,2.0,11.0,0.0,0.0,3.0,15.0,0.0,0.0,4.0,39.0,2497.1,1431.4,충주시,달천동,"('충주시', '달천동')"
달천동,4313060500,달천동,충주시,2024,3991.0,1036.0,98.0,1328.0,473.0,25.95840641443247,2.4555249310949634,33.27486845402155,11.851666249060386,8.291797105048733,2.860824742268031,16.666666666666675,152.0,3880.0,3935.5,3.862279252953881,2.0,0.0,2.0,1.0,56.0,238.962,130.0,119.0,5.0,0.0,339.0,871.0,4544.0,835.0,113.856176396893,18.37588028169014,0.5011275369581559,0.0,0.5011275369581559,0.2505637684790779,32.57328990228013,1.25281884239539,14.031571034828364,0,1,0.0,,-4.411764705882348,2.664010954811403,충주시,달천동,"('충주시', '달천동')","('충주시', '달천동')",달천동,3240.0,4972.4,3486.2,475.6,3374.8,1479.3,352.2,0.0,0.0,2.0,11.0,0.0,0.0,3.0,15.0,0.0,0.0,4.0,39.0,2497.1,1431.4,충주시,달천동,"('충주시', '달천동')"
대강면,4380031000,대강면,단양군,2017,2558.0,278.0,130.0,919.0,135.0,10.867865519937451,5.08209538702111,35.92650508209539,5.27756059421423,7.846980982138788,0.669027941755207,-2.7972027972028024,54.0,2541.0,2549.5,2.1180623651696413,1.0,0.0,1.0,0.0,49.0,387.343,56.0,52.0,0.0,0.0,139.0,246.0,700.0,123.0,27.36512900703675,17.57142857142857,0.3909304143862392,0.0,0.3909304143862392,0.0,21.8921032056294,0.0,19.155590304925724,1,1,0.0,,7.692307692307687,0.2361739814997048,단양군,대강면,"('단양군', '대강면')","('단양군', '대강면')",대강면,17091.7,38479.7,16824.1,1104.6,12689.9,5808.8,857.8,0.0,0.0,0.0,1.0,0.0,0.0,0.0,8.0,4.0,4.0,4.0,15.0,32775.1,10134.5,단양군,대강면,"('단양군', '대강면')"
대강면,4380031000,대강면,단양군,2018,2523.0,257.0,99.0,951.0,123.0,10.186286167261196,3.923900118906064,37.69322235434007,4.875148632580261,7.833203948641057,-1.3682564503518346,-7.5539568345323715,6.0,2558.0,2540.5,0.2361739814997048,1.0,0.0,1.0,0.0,49.0,387.343,59.0,55.0,0.0,0.0,150.0,266.0,808.0,218.0,32.02536662703131,26.980198019801986,0.3963535473642489,0.0,0.3963535473642489,0.0,23.38485929449069,0.0,19.4213238208482,1,1,0.0,,5.35714285714286,1.1512504962286625,단양군,대강면,"('단양군', '대강면')","('단양군', '대강면')",대강면,17091.7,38479.7,16824.1,1104.6,12689.9,5808.8,857.8,0.0,0.0,0.0,1.0,0.0,0.0,0.0,8.0,4.0,4.0,4.0,15.0,32775.1,10134.5,단양군,대강면,"('단양군', '대강면')"
대강면,4380031000,대강면,단양군,2019,2515.0,247.0,95.0,973.0,124.0,9.821073558648113,3.7773359840954273,38.687872763419485,4.930417495029821,7.83002808253384,-0.3170828378914025,-3.891050583657585,29.0,2523.0,2519.0,1.1512504962286625,1.0,0.0,1.0,0.0,49.0,387.343,63.0,54.0,0.0,0.0,162.0,281.0,779.0,213.0,30.974155069582505,27.342747111681643,0.3976143141153082,0.0,0.3976143141153082,0.0,25.04970178926441,0.0,19.4831013916501,1,1,0.0,,6.779661016949157,0.4786597526924611,단양군,대강면,"('단양군', '대강면')","('단양군', '대강면')",대강면,17091.7,38479.7,16824.1,1104.6,12689.9,5808.8,857.8,0.0,0.0,0.0,1.0,0.0,0.0,0.0,8.0,4.0,4.0,4.0,15.0,32775.1,10134.5,단양군,대강면,"('단양군', '대강면')"
대강면,4380031000,대강면,단양군,2021,2449.0,208.0,92.0,1047.0,99.0,8.493262556145366,3.756635361371989,42.752143732135565,4.042466312780727,7.803435056952168,-2.000800320128049,-4.147465437788023,26.0,2499.0,2474.0,1.0509296685529508,1.0,0.0,1.0,0.0,49.0,387.343,73.0,64.0,0.0,0.0,193.0,341.0,740.0,109.0,30.216414863209472,14.72972972972973,0.4083299305839117,0.0,0.4083299305839117,0.0,29.80808493262556,0.0,20.00816659861168,1,1,0.0,,15.873015873015884,0.2892561983471074,단양군,대강면,"('단양군', '대강면')","('단양군', '대강면')",대강면,17091.7,38479.7,16824.1,1104.6,12689.9,5808.8,857.8,0.0,0.0,0.0,1.0,0.0,0.0,0.0,8.0,4.0,4.0,4.0,15.0,32775.1,10134.5,단양군,대강면,"('단양군', '대강면')"
대강면,4380031000,대강면,단양군,2022,2391.0,199.0,82.0,1055.0,95.0,8.322877457130907,3.4295273943956506,44.123797574236725,3.9732329569217897,7.779466967458324,-2.368313597386684,-4.326923076923073,7.0,2449.0,2420.0,0.2892561983471074,1.0,0.0,1.0,0.0,49.0,387.343,71.0,67.0,0.0,0.0,197.0,349.0,740.0,104.0,30.949393559180265,14.054054054054054,0.4182350480970305,0.0,0.4182350480970305,0.0,29.694688414889168,0.0,20.49351735675449,1,1,0.0,,-2.73972602739726,0.1682793437105595,단양군,대강면,"('단양군', '대강면')","('단양군', '대강면')",대강면,17091.7,38479.7,16824.1,1104.6,12689.9,5808.8,857.8,0.0,0.0,0.0,1.0,0.0,0.0,0.0,8.0,4.0,4.0,4.0,15.0,32775.1,10134.5,단양군,대강면,"('단양군', '대강면')"
대강면,4380031000,대강면,단양군,2023,2363.0,196.0,84.0,1086.0,87.0,8.2945408379179,3.5548032162505288,45.958527295810406,3.681760473973762,7.767687277186908,-1.1710581346716875,-1.5075376884422065,4.0,2391.0,2377.0,0.1682793437105595,1.0,0.0,1.0,0.0,49.0,387.343,52.0,67.0,0.0,0.0,186.0,371.0,792.0,117.0,33.51671603893356,14.772727272727272,0.4231908590774439,0.0,0.4231908590774439,0.0,22.005924672027085,0.0,20.73635209479475,1,1,0.0,,-26.76056338028169,-0.128287363694676,단양군,대강면,"('단양군', '대강면')","('단양군', '대강면')",대강면,17091.7,38479.7,16824.1,1104.6,12689.9,5808.8,857.8,0.0,0.0,0.0,1.0,0.0,0.0,0.0,8.0,4.0,4.0,4.0,15.0,32775.1,10134.5,단양군,대강면,"('단양군', '대강면')"
대강면,4380031000,대강면,단양군,2024,2314.0,171.0,79.0,1125.0,81.0,7.389801210025928,3.41400172860847,48.6171132238548,3.5004321521175457,7.746732907753622,-2.073635209479474,-12.755102040816324,-3.0,2363.0,2338.5,-0.128287363694676,1.0,0.0,1.0,0.0,49.0,387.343,53.0,61.0,0.0,0.0,183.0,391.0,878.0,100.0,37.94295592048401,11.389521640091116,0.4321521175453759,0.0,0.4321521175453759,0.0,22.904062229904927,0.0,21.175453759723425,1,1,0.0,,1.923076923076916,0.9569377990430622,단양군,대강면,"('단양군', '대강면')","('단양군', '대강면')",대강면,17091.7,38479.7,16824.1,1104.6,12689.9,5808.8,857.8,0.0,0.0,0.0,1.0,0.0,0.0,0.0,8.0,4.0,4.0,4.0,15.0,32775.1,10134.5,단양군,대강면,"('단양군', '대강면')"
대소면,4377034000,대소면,음성군,2017,15640.0,3744.0,2311.0,1889.0,1623.0,23.9386189258312,14.77621483375959,12.078005115089514,10.377237851662406,9.657587014099304,-4.125544044626983,-8.257779955893163,-718.0,16313.0,15976.5,-4.494100710418427,15.0,2.0,3.0,2.0,129.0,458.829,255.0,349.0,14.0,11.0,941.0,1986.0,15700.0,10775.0,100.38363171355498,68.63057324840764,0.959079283887468,0.1278772378516623,0.1918158567774936,0.1278772378516623,16.304347826086957,0.8951406649616368,8.248081841432226,0,0,0.0,0.0,16.972477064220183,-1.2102874432677762,음성군,대소면,"('음성군', '대소면')","('음성군', '대소면')",대소면,2243.1,36746.1,1144.3,548.4,1928.7,1560.5,286.4,2.0,2.0,2.0,11.0,1.0,2.0,4.0,14.0,1.0,2.0,9.0,42.0,32971.5,16.1,음성군,대소면,"('음성군', '대소면')"
대소면,4377034000,대소면,음성군,2018,15427.0,3651.0,2054.0,1923.0,1534.0,23.66629934530369,13.314319051014456,12.465158488364557,9.943605367213328,9.64387450001194,-1.3618925831202056,-2.4839743589743613,-188.0,15640.0,15533.5,-1.2102874432677762,15.0,2.0,3.0,2.0,129.0,458.829,258.0,358.0,16.0,12.0,962.0,2009.0,16482.0,11361.0,106.83865949309651,68.92974153622133,0.972321254942633,0.129642833992351,0.1944642509885266,0.129642833992351,16.723925585013287,1.0371426719388086,8.361962792506644,0,0,0.0,0.0,1.17647058823529,1.4031022719958808,음성군,대소면,"('음성군', '대소면')","('음성군', '대소면')",대소면,2243.1,36746.1,1144.3,548.4,1928.7,1560.5,286.4,2.0,2.0,2.0,11.0,1.0,2.0,4.0,14.0,1.0,2.0,9.0,42.0,32971.5,16.1,음성군,대소면,"('음성군', '대소면')"
대소면,4377034000,대소면,음성군,2019,15647.0,3584.0,1964.0,2095.0,1474.0,22.90534926823033,12.551926886943184,13.38914807950406,9.420336166677318,9.658034484302055,1.426071173915866,-1.835113667488364,218.0,15427.0,15537.0,1.4031022719958808,15.0,2.0,3.0,2.0,129.0,458.829,283.0,359.0,16.0,12.0,1005.0,2072.0,16884.0,11283.0,107.90566881830384,66.82658137882018,0.9586502204895508,0.1278200293986067,0.1917300440979101,0.1278200293986067,18.086534159902858,1.022560235188854,8.244391896210136,0,0,0.0,0.0,9.689922480620153,0.4846784222441886,음성군,대소면,"('음성군', '대소면')","('음성군', '대소면')",대소면,2243.1,36746.1,1144.3,548.4,1928.7,1560.5,286.4,2.0,2.0,2.0,11.0,1.0,2.0,4.0,14.0,1.0,2.0,9.0,42.0,32971.5,16.1,음성군,대소면,"('음성군', '대소면')"
대소면,4377034000,대소면,음성군,2021,15770.0,3438.0,1770.0,2373.0,1391.0,21.800887761572607,11.223842739378568,15.047558655675331,8.820545339251744,9.665864679957084,0.3563701158202814,-1.7994858611825149,108.0,15714.0,15742.0,0.6860627620378604,12.0,2.0,3.0,2.0,129.0,458.829,286.0,379.0,22.0,14.0,1079.0,3299.0,18174.0,11283.0,115.24413443246672,62.0831957741829,0.7609384908053265,0.1268230818008877,0.1902346227013316,0.1268230818008877,18.13570069752695,1.3950538998097652,8.18008877615726,0,0,-20.0,0.0,3.6231884057970953,-0.6498884995221408,음성군,대소면,"('음성군', '대소면')","('음성군', '대소면')",대소면,2243.1,36746.1,1144.3,548.4,1928.7,1560.5,286.4,2.0,2.0,2.0,11.0,1.0,2.0,4.0,14.0,1.0,2.0,9.0,42.0,32971.5,16.1,음성군,대소면,"('음성군', '대소면')"
대소면,4377034000,대소면,음성군,2022,15620.0,3263.0,1660.0,2517.0,1321.0,20.8898847631242,10.627400768245838,16.113956466069144,8.457106274007682,9.656307423393676,-0.9511731135066536,-5.090168702734143,-102.0,15770.0,15695.0,-0.6498884995221408,12.0,2.0,3.0,2.0,129.0,458.829,295.0,381.0,23.0,14.0,1119.0,3437.0,19657.0,11878.0,125.84507042253522,60.42631123772701,0.7682458386683738,0.1280409731113956,0.1920614596670934,0.1280409731113956,18.88604353393086,1.4724711907810502,8.25864276568502,0,0,0.0,0.0,3.1468531468531458,-1.1674783113490503,음성군,대소면,"('음성군', '대소면')","('음성군', '대소면')",대소면,2243.1,36746.1,1144.3,548.4,1928.7,1560.5,286.4,2.0,2.0,2.0,11.0,1.0,2.0,4.0,14.0,1.0,2.0,9.0,42.0,32971.5,16.1,음성군,대소면,"('음성군', '대소면')"
대소면,4377034000,대소면,음성군,2023,15387.0,3143.0,1542.0,2681.0,1268.0,20.42633391824268,10.021446675765256,17.423799311106777,8.240722687983363,9.641278276057378,-1.4916773367477545,-3.677597303095314,-181.0,15620.0,15503.5,-1.1674783113490503,12.0,2.0,3.0,2.0,129.0,458.829,284.0,367.0,12.0,3.0,1053.0,3405.0,19730.0,12430.0,128.22512510560864,63.00050684237202,0.7798791187365959,0.1299798531227659,0.1949697796841489,0.1299798531227659,18.45713914343277,0.7798791187365959,8.383700526418405,0,0,0.0,0.0,-3.728813559322031,10.332695512622678,음성군,대소면,"('음성군', '대소면')","('음성군', '대소면')",대소면,2243.1,36746.1,1144.3,548.4,1928.7,1560.5,286.4,2.0,2.0,2.0,11.0,1.0,2.0,4.0,14.0,1.0,2.0,9.0,42.0,32971.5,16.1,음성군,대소면,"('음성군', '대소면')"
대소원면,4313033500,대소원면,충주시,2017,7859.0,2471.0,793.0,1367.0,984.0,31.44165924417865,10.090342282733172,17.394070492429062,12.52067693090724,8.969414650866176,21.206045650832817,35.397260273972606,1351.0,6484.0,7171.5,18.83845778428502,2.0,0.0,1.0,2.0,138.0,544.556,93.0,208.0,5.0,2.0,415.0,756.0,7835.0,4592.0,99.69461763583152,58.60880663688577,0.2544853034737244,0.0,0.1272426517368622,0.2544853034737244,11.833566611528184,0.636213258684311,17.559485939686986,0,1,0.0,,19.23076923076923,1.3773930624881532,충주시,대소원면,"('충주시', '대소원면')","('충주시', '대소원면')",대소원면,4737.7,9687.1,3606.1,379.7,2789.6,1642.9,366.9,0.0,0.0,1.0,14.0,0.0,0.0,5.0,18.0,1.0,1.0,10.0,50.0,6534.1,20.0,충주시,대소원면,"('충주시', '대소원면')"
대소원면,4313033500,대소원면,충주시,2018,7968.0,2530.0,704.0,1403.0,988.0,31.752008032128515,8.835341365461847,17.60793172690763,12.399598393574298,8.983188799264434,1.3869449039318082,2.387697288547153,109.0,7859.0,7913.5,1.3773930624881532,2.0,0.0,1.0,2.0,138.0,544.556,100.0,231.0,6.0,2.0,465.0,797.0,8610.0,5386.0,108.05722891566263,62.555168408826944,0.251004016064257,0.0,0.1255020080321285,0.251004016064257,12.550200803212851,0.7530120481927711,17.319277108433734,0,1,0.0,,7.526881720430101,5.902756648207874,충주시,대소원면,"('충주시', '대소원면')","('충주시', '대소원면')",대소원면,4737.7,9687.1,3606.1,379.7,2789.6,1642.9,366.9,0.0,0.0,1.0,14.0,0.0,0.0,5.0,18.0,1.0,1.0,10.0,50.0,6534.1,20.0,충주시,대소원면,"('충주시', '대소원면')"
대소원면,4313033500,대소원면,충주시,2019,8465.0,2699.0,753.0,1492.0,998.0,31.88422917897224,8.895451860602481,17.625516834022445,11.789722386296516,9.043695294567236,6.237449799196781,6.679841897233207,485.0,7968.0,8216.5,5.902756648207874,4.0,0.0,1.0,2.0,138.0,544.556,105.0,241.0,7.0,2.0,480.0,850.0,9963.0,6096.0,117.69639692852924,61.1863896416742,0.4725339633786178,0.0,0.1181334908446544,0.2362669816893089,12.40401653868872,0.8269344359125812,16.302421736562316,0,1,100.0,,5.000000000000004,3.093203093203093,충주시,대소원면,"('충주시', '대소원면')","('충주시', '대소원면')",대소원면,4737.7,9687.1,3606.1,379.7,2789.6,1642.9,366.9,0.0,0.0,1.0,14.0,0.0,0.0,5.0,18.0,1.0,1.0,10.0,50.0,6534.1,20.0,충주시,대소원면,"('충주시', '대소원면')"
대소원면,4313033500,대소원면,충주시,2021,9029.0,2835.0,805.0,1656.0,1017.0,31.39882600509469,8.915716026138,18.340901539483887,11.263705836748256,9.10819689830748,3.377604762995201,2.791878172588836,332.0,8734.0,8881.5,3.7381073016945336,4.0,0.0,3.0,2.0,138.0,544.556,124.0,244.0,6.0,2.0,511.0,1289.0,12765.0,8048.0,141.37778270018828,63.04739522130826,0.4430169453981614,0.0,0.3322627090486211,0.2215084726990807,13.733525307343005,0.6645254180972422,15.284084616236573,0,1,0.0,,7.826086956521738,2.1486516114887086,충주시,대소원면,"('충주시', '대소원면')","('충주시', '대소원면')",대소원면,4737.7,9687.1,3606.1,379.7,2789.6,1642.9,366.9,0.0,0.0,1.0,14.0,0.0,0.0,5.0,18.0,1.0,1.0,10.0,50.0,6534.1,20.0,충주시,대소원면,"('충주시', '대소원면')"
대소원면,4313033500,대소원면,충주시,2022,9215.0,2840.0,816.0,1774.0,1030.0,30.81931633206728,8.855127509495388,19.25122083559414,11.177428106348346,9.128587870103924,2.060028796101454,0.1763668430335041,196.0,9029.0,9122.0,2.1486516114887086,5.0,0.0,3.0,2.0,138.0,544.556,134.0,258.0,6.0,2.0,556.0,1321.0,13665.0,9018.0,148.29083016820402,65.99341383095499,0.5425935973955508,0.0,0.3255561584373304,0.2170374389582203,14.54150841020076,0.6511123168746609,14.9755832881172,0,1,25.0,,8.064516129032251,5.036237634237952,충주시,대소원면,"('충주시', '대소원면')","('충주시', '대소원면')",대소원면,4737.7,9687.1,3606.1,379.7,2789.6,1642.9,366.9,0.0,0.0,1.0,14.0,0.0,0.0,5.0,18.0,1.0,1.0,10.0,50.0,6534.1,20.0,충주시,대소원면,"('충주시', '대소원면')"
대소원면,4313033500,대소원면,충주시,2023,9688.0,3009.0,888.0,1866.0,1064.0,31.05904211395541,9.16597853014038,19.260941370767963,10.982658959537572,9.178643285232928,5.132935431361907,5.95070422535211,476.0,9215.0,9451.5,5.036237634237952,6.0,0.0,3.0,2.0,138.0,544.556,113.0,244.0,6.0,0.0,529.0,1330.0,12515.0,7791.0,129.1804293971924,62.25329604474631,0.6193228736581338,0.0,0.3096614368290669,0.2064409578860445,11.66391412056152,0.6193228736581338,14.244426094137076,0,1,20.0,,-15.671641791044776,1.9942728574350583,충주시,대소원면,"('충주시', '대소원면')","('충주시', '대소원면')",대소원면,4737.7,9687.1,3606.1,379.7,2789.6,1642.9,366.9,0.0,0.0,1.0,14.0,0.0,0.0,5.0,18.0,1.0,1.0,10.0,50.0,6534.1,20.0,충주시,대소원면,"('충주시', '대소원면')"
대소원면,4313033500,대소원면,충주시,2024,9868.0,3147.0,854.0,1961.0,1107.0,31.890960680989057,8.654235914065666,19.872314552087555,11.21807863802189,9.197052477649247,1.857968620974404,4.586241276171488,195.0,9688.0,9778.0,1.9942728574350583,7.0,0.0,3.0,2.0,138.0,544.556,108.0,272.0,6.0,0.0,557.0,1436.0,13889.0,8896.0,140.74787190920145,64.05068759449925,0.7093635995135793,0.0,0.3040129712201054,0.2026753141467369,10.944466963923796,0.6080259424402108,13.984596676124848,0,1,16.666666666666675,,-4.424778761061942,-2.639958911145352,충주시,대소원면,"('충주시', '대소원면')","('충주시', '대소원면')",대소원면,4737.7,9687.1,3606.1,379.7,2789.6,1642.9,366.9,0.0,0.0,1.0,14.0,0.0,0.0,5.0,18.0,1.0,1.0,10.0,50.0,6534.1,20.0,충주시,대소원면,"('충주시', '대소원면')"
덕산읍,4375025300,덕산읍,진천군,2019,24817.0,8063.0,5439.0,1970.0,3664.0,32.48982552282709,21.91642825482532,7.938106942821453,14.76407301446589,10.119284181187284,18.679164076323463,17.88011695906433,3649.0,20911.0,22864.0,15.959587123862844,17.0,0.0,8.0,2.0,284.0,832.524,206.0,299.0,40.0,13.0,770.0,1298.0,13145.0,7756.0,52.96772373776041,59.003423354887786,0.6850143047104807,0.0,0.3223596728049321,0.080589918201233,8.300761574727002,1.6117983640246605,11.44376838457509,0,1,30.76923076923077,,9.57446808510638,12.091078592010849,진천군,덕산읍,"('진천군', '덕산읍')","('진천군', '덕산읍')",덕산읍,1884.9,29916.7,1419.1,375.8,1843.3,1239.7,338.7,0.0,2.0,2.0,11.0,0.0,1.0,3.0,15.0,2.0,6.0,12.0,49.0,25079.9,26.3,진천군,덕산읍,"('진천군', '덕산읍')"
덕산읍,4375025300,덕산읍,진천군,2021,29625.0,9143.0,6226.0,2351.0,4155.0,30.86244725738397,21.01603375527426,7.935864978902954,14.025316455696204,10.296373878437432,4.756011315417252,0.7382106654914011,1136.0,28280.0,28952.5,3.923668077022709,25.0,1.0,8.0,2.0,284.0,832.524,247.0,399.0,71.0,21.0,1032.0,2271.0,15249.0,8116.0,51.473417721518985,53.22316217456883,0.8438818565400843,0.0337552742616033,0.270042194092827,0.0675105485232067,8.337552742616035,2.39662447257384,9.58649789029536,0,0,13.636363636363647,0.0,14.35185185185186,0.8033338354169803,진천군,덕산읍,"('진천군', '덕산읍')","('진천군', '덕산읍')",덕산읍,1884.9,29916.7,1419.1,375.8,1843.3,1239.7,338.7,0.0,2.0,2.0,11.0,0.0,1.0,3.0,15.0,2.0,6.0,12.0,49.0,25079.9,26.3,진천군,덕산읍,"('진천군', '덕산읍')"
덕산읍,4375025300,덕산읍,진천군,2022,30126.0,8697.0,6227.0,2537.0,3945.0,28.86875124477196,20.669853282878574,8.421297218349597,13.095000995817566,10.31314386526276,1.691139240506323,-4.878048780487809,240.0,29625.0,29875.5,0.8033338354169803,26.0,1.0,8.0,2.0,284.0,832.524,277.0,446.0,95.0,21.0,1162.0,2356.0,15228.0,7882.0,50.54769966142203,51.75991594431311,0.863041890725619,0.0331939188740622,0.2655513509924981,0.0663878377481245,9.194715528115248,3.1534222930359155,9.427072960233684,0,0,4.000000000000004,0.0,12.145748987854256,-0.531517315837555,진천군,덕산읍,"('진천군', '덕산읍')","('진천군', '덕산읍')",덕산읍,1884.9,29916.7,1419.1,375.8,1843.3,1239.7,338.7,0.0,2.0,2.0,11.0,0.0,1.0,3.0,15.0,2.0,6.0,12.0,49.0,25079.9,26.3,진천군,덕산읍,"('진천군', '덕산읍')"
덕산읍,4375025300,덕산읍,진천군,2023,30079.0,8226.0,6021.0,2690.0,3741.0,27.34798364307324,20.01728780877024,8.943116459988696,12.437248578742643,10.31158253283031,-0.1560114187080907,-5.415660572611247,-160.0,30126.0,30102.5,-0.531517315837555,26.0,1.0,8.0,2.0,284.0,832.524,264.0,415.0,61.0,13.0,1079.0,2500.0,15289.0,7825.0,50.82948236311048,51.18058735038262,0.8643904385119185,0.0332457860966122,0.265966288772898,0.0664915721932245,8.776887529505634,2.0279929518933475,9.44180325143788,0,0,0.0,0.0,-4.693140794223827,3.4540009115176766,진천군,덕산읍,"('진천군', '덕산읍')","('진천군', '덕산읍')",덕산읍,1884.9,29916.7,1419.1,375.8,1843.3,1239.7,338.7,0.0,2.0,2.0,11.0,0.0,1.0,3.0,15.0,2.0,6.0,12.0,49.0,25079.9,26.3,진천군,덕산읍,"('진천군', '덕산읍')"
덕산읍,4375025300,덕산읍,진천군,2024,31357.0,8286.0,6252.0,2887.0,3800.0,26.424721752718693,19.93813183659151,9.206875657747872,12.11850623465255,10.353192806623015,4.24881146314704,0.729394602479938,1061.0,30079.0,30718.0,3.4540009115176766,26.0,1.0,8.0,2.0,284.0,832.524,274.0,477.0,65.0,13.0,1145.0,2588.0,15623.0,8268.0,49.82300602736231,52.92197401267362,0.8291609528972798,0.0318908058806646,0.2551264470453168,0.0637816117613292,8.738080811302103,2.0729023822432,9.056988870108748,0,0,0.0,0.0,3.787878787878785,-1.6315148406949165,진천군,덕산읍,"('진천군', '덕산읍')","('진천군', '덕산읍')",덕산읍,1884.9,29916.7,1419.1,375.8,1843.3,1239.7,338.7,0.0,2.0,2.0,11.0,0.0,1.0,3.0,15.0,2.0,6.0,12.0,49.0,25079.9,26.3,진천군,덕산읍,"('진천군', '덕산읍')"
도안면,4374531000,도안면,증평군,2017,2118.0,296.0,111.0,706.0,124.0,13.975448536355051,5.240793201133145,33.33333333333333,5.854579792256846,7.658227526161352,0.1418439716311947,-5.73248407643312,24.0,2115.0,2116.5,1.1339475549255846,1.0,0.0,1.0,0.0,47.0,223.339,19.0,13.0,0.0,0.0,40.0,155.0,1535.0,1083.0,72.47403210576016,70.55374592833876,0.4721435316336166,0.0,0.4721435316336166,0.0,8.970727101038715,0.0,22.190745986779984,1,1,0.0,,11.764705882352944,-1.4385039558858783,증평군,도안면,"('증평군', '도안면')","('증평군', '도안면')",도안면,5111.0,21674.3,3419.6,693.1,5615.8,2092.6,811.1,0.0,0.0,2.0,6.0,0.0,0.0,4.0,13.0,0.0,1.0,8.0,35.0,20154.8,328.3,증평군,도안면,"('증평군', '도안면')"
도안면,4374531000,도안면,증평군,2018,2053.0,269.0,97.0,720.0,114.0,13.102776424744278,4.72479298587433,35.070628348757914,5.552849488553337,7.627057417018934,-3.0689329556185085,-9.121621621621625,-30.0,2118.0,2085.5,-1.4385039558858783,1.0,0.0,1.0,0.0,47.0,223.339,21.0,16.0,0.0,0.0,48.0,175.0,1919.0,1113.0,93.47296639064784,57.998957790515895,0.4870920603994155,0.0,0.4870920603994155,0.0,10.228933268387726,0.0,22.89332683877253,1,1,0.0,,10.526315789473696,-2.5291346392263825,증평군,도안면,"('증평군', '도안면')","('증평군', '도안면')",도안면,5111.0,21674.3,3419.6,693.1,5615.8,2092.6,811.1,0.0,0.0,2.0,6.0,0.0,0.0,4.0,13.0,0.0,1.0,8.0,35.0,20154.8,328.3,증평군,도안면,"('증평군', '도안면')"
도안면,4374531000,도안면,증평군,2019,1980.0,244.0,83.0,733.0,99.0,12.323232323232324,4.191919191919192,37.02020202020202,5.0,7.590852123688581,-3.555772040915728,-9.293680297397769,-51.0,2053.0,2016.5,-2.5291346392263825,1.0,0.0,1.0,0.0,47.0,223.339,21.0,16.0,0.0,0.0,50.0,204.0,2124.0,1257.0,107.27272727272728,59.18079096045198,0.5050505050505051,0.0,0.5050505050505051,0.0,10.606060606060607,0.0,23.737373737373737,1,1,0.0,,0.0,-3.1524547803617566,증평군,도안면,"('증평군', '도안면')","('증평군', '도안면')",도안면,5111.0,21674.3,3419.6,693.1,5615.8,2092.6,811.1,0.0,0.0,2.0,6.0,0.0,0.0,4.0,13.0,0.0,1.0,8.0,35.0,20154.8,328.3,증평군,도안면,"('증평군', '도안면')"
도안면,4374531000,도안면,증평군,2021,1809.0,206.0,76.0,763.0,82.0,11.387506909894968,4.201216141514649,42.17799889441681,4.532891100055279,7.500529485395295,-4.285714285714281,-8.849557522123897,-54.0,1890.0,1849.5,-2.9197080291970803,1.0,0.0,1.0,0.0,47.0,223.339,23.0,19.0,0.0,0.0,59.0,538.0,3275.0,2005.0,181.0392482034273,61.221374045801525,0.5527915975677169,0.0,0.5527915975677169,0.0,12.71420674405749,0.0,25.9812050856827,1,1,0.0,,-4.166666666666663,0.3351955307262569,증평군,도안면,"('증평군', '도안면')","('증평군', '도안면')",도안면,5111.0,21674.3,3419.6,693.1,5615.8,2092.6,811.1,0.0,0.0,2.0,6.0,0.0,0.0,4.0,13.0,0.0,1.0,8.0,35.0,20154.8,328.3,증평군,도안면,"('증평군', '도안면')"
도안면,4374531000,도안면,증평군,2022,1771.0,205.0,66.0,774.0,79.0,11.575381140598532,3.7267080745341614,43.70412196499153,4.460756634669679,7.479299637782834,-2.100608070757326,-0.4854368932038833,6.0,1809.0,1790.0,0.3351955307262569,1.0,0.0,1.0,0.0,47.0,223.339,24.0,20.0,1.0,0.0,65.0,562.0,3245.0,1611.0,183.22981366459624,49.645608628659474,0.564652738565782,0.0,0.564652738565782,0.0,13.55166572557877,0.564652738565782,26.53867871259176,1,1,0.0,,4.347826086956519,-1.0318142734307825,증평군,도안면,"('증평군', '도안면')","('증평군', '도안면')",도안면,5111.0,21674.3,3419.6,693.1,5615.8,2092.6,811.1,0.0,0.0,2.0,6.0,0.0,0.0,4.0,13.0,0.0,1.0,8.0,35.0,20154.8,328.3,증평군,도안면,"('증평군', '도안면')"
도안면,4374531000,도안면,증평군,2023,1718.0,191.0,58.0,779.0,69.0,11.117578579743888,3.3760186263096625,45.343422584400464,4.016298020954599,7.4489161025442,-2.9926595143986434,-6.829268292682922,-18.0,1771.0,1744.5,-1.0318142734307825,1.0,0.0,1.0,0.0,47.0,223.339,23.0,16.0,1.0,0.0,53.0,651.0,3042.0,1639.0,177.06635622817228,53.87902695595004,0.5820721769499417,0.0,0.5820721769499417,0.0,13.38766006984866,0.5820721769499417,27.357392316647267,1,1,0.0,,-4.166666666666663,-0.3536693191865605,증평군,도안면,"('증평군', '도안면')","('증평군', '도안면')",도안면,5111.0,21674.3,3419.6,693.1,5615.8,2092.6,811.1,0.0,0.0,2.0,6.0,0.0,0.0,4.0,13.0,0.0,1.0,8.0,35.0,20154.8,328.3,증평군,도안면,"('증평군', '도안면')"
도안면,4374531000,도안면,증평군,2024,1675.0,171.0,56.0,789.0,61.0,10.208955223880595,3.343283582089552,47.1044776119403,3.6417910447761193,7.423568444259167,-2.502910360884747,-10.471204188481677,-6.0,1718.0,1696.5,-0.3536693191865605,1.0,0.0,1.0,0.0,47.0,223.339,22.0,15.0,1.0,0.0,51.0,638.0,2849.0,1511.0,170.08955223880596,53.03615303615303,0.5970149253731343,0.0,0.5970149253731343,0.0,13.134328358208956,0.5970149253731343,28.059701492537314,1,1,0.0,,-4.347826086956519,0.1204093919325707,증평군,도안면,"('증평군', '도안면')","('증평군', '도안면')",도안면,5111.0,21674.3,3419.6,693.1,5615.8,2092.6,811.1,0.0,0.0,2.0,6.0,0.0,0.0,4.0,13.0,0.0,1.0,8.0,35.0,20154.8,328.3,증평군,도안면,"('증평군', '도안면')"
동량면,4313040000,동량면,충주시,2017,4020.0,625.0,236.0,1294.0,268.0,15.54726368159204,5.870646766169154,32.18905472636816,6.666666666666667,8.299037181613066,0.4999999999999893,-1.4195583596214534,48.0,4000.0,4010.0,1.1970074812967582,1.0,2.0,3.0,1.0,72.0,602.644,33.0,53.0,1.0,3.0,143.0,332.0,1574.0,475.0,39.1542288557214,30.17789072426938,0.2487562189054726,0.4975124378109452,0.746268656716418,0.2487562189054726,8.208955223880597,0.2487562189054726,17.910447761194032,0,0,0.0,0.0,10.000000000000009,-0.5529722257132085,충주시,동량면,"('충주시', '동량면')","('충주시', '동량면')",동량면,5884.6,10086.9,5522.7,795.7,4424.7,3115.4,698.1,0.0,0.0,1.0,2.0,1.0,1.0,1.0,5.0,1.0,1.0,4.0,16.0,6021.6,1439.5,충주시,동량면,"('충주시', '동량면')"
동량면,4313040000,동량면,충주시,2018,3937.0,564.0,217.0,1317.0,252.0,14.325628651257302,5.511811023622047,33.45186690373381,6.400812801625603,8.278174290943738,-2.0646766169154174,-9.760000000000002,-22.0,4020.0,3978.5,-0.5529722257132085,1.0,2.0,3.0,1.0,72.0,602.644,34.0,60.0,2.0,3.0,155.0,354.0,1769.0,526.0,44.932689865379736,29.73431317128321,0.254000508001016,0.508001016002032,0.762001524003048,0.254000508001016,8.636017272034543,0.508001016002032,18.28803657607316,0,0,0.0,0.0,3.030303030303028,-2.4358642135268203,충주시,동량면,"('충주시', '동량면')","('충주시', '동량면')",동량면,5884.6,10086.9,5522.7,795.7,4424.7,3115.4,698.1,0.0,0.0,1.0,2.0,1.0,1.0,1.0,5.0,1.0,1.0,4.0,16.0,6021.6,1439.5,충주시,동량면,"('충주시', '동량면')"
동량면,4313040000,동량면,충주시,2019,3781.0,482.0,187.0,1353.0,208.0,12.747950277704312,4.945781539275324,35.78418407828617,5.50119016133298,8.237743803890933,-3.9624079248158472,-14.539007092198586,-94.0,3937.0,3859.0,-2.4358642135268203,1.0,2.0,3.0,1.0,72.0,602.644,39.0,62.0,2.0,3.0,162.0,361.0,1765.0,509.0,46.68077228246496,28.8385269121813,0.2644802962179318,0.5289605924358636,0.7934408886537953,0.2644802962179318,10.31473155249934,0.5289605924358636,19.042581327691085,0,0,0.0,0.0,14.705882352941169,-0.6945371978095366,충주시,동량면,"('충주시', '동량면')","('충주시', '동량면')",동량면,5884.6,10086.9,5522.7,795.7,4424.7,3115.4,698.1,0.0,0.0,1.0,2.0,1.0,1.0,1.0,5.0,1.0,1.0,4.0,16.0,6021.6,1439.5,충주시,동량면,"('충주시', '동량면')"
동량면,4313040000,동량면,충주시,2021,3608.0,406.0,167.0,1426.0,172.0,11.252771618625278,4.628603104212861,39.52328159645233,4.767184035476718,8.190908881182514,-2.6443604964921708,-8.764044943820226,-8.0,3706.0,3657.0,-0.218758545255674,1.0,2.0,3.0,1.0,72.0,602.644,41.0,64.0,3.0,3.0,172.0,552.0,1991.0,514.0,55.1829268292683,25.816172777498743,0.2771618625277162,0.5543237250554324,0.8314855875831485,0.2771618625277162,11.363636363636363,0.8314855875831485,19.955654101995563,0,0,0.0,0.0,5.128205128205132,1.3066444259104808,충주시,동량면,"('충주시', '동량면')","('충주시', '동량면')",동량면,5884.6,10086.9,5522.7,795.7,4424.7,3115.4,698.1,0.0,0.0,1.0,2.0,1.0,1.0,1.0,5.0,1.0,1.0,4.0,16.0,6021.6,1439.5,충주시,동량면,"('충주시', '동량면')"
동량면,4313040000,동량면,충주시,2022,3586.0,406.0,155.0,1483.0,178.0,11.3218070273285,4.3223647518126045,41.35527049637479,4.963747908533184,8.184792654165078,-0.6097560975609762,0.0,47.0,3608.0,3597.0,1.3066444259104808,1.0,2.0,3.0,1.0,72.0,602.644,47.0,67.0,3.0,3.0,191.0,539.0,2065.0,521.0,57.58505298382599,25.23002421307506,0.2788622420524261,0.5577244841048522,0.8365867261572784,0.2788622420524261,13.106525376464027,0.8365867261572784,20.07808142777468,0,0,0.0,0.0,14.634146341463406,-1.2773204655123471,충주시,동량면,"('충주시', '동량면')","('충주시', '동량면')",동량면,5884.6,10086.9,5522.7,795.7,4424.7,3115.4,698.1,0.0,0.0,1.0,2.0,1.0,1.0,1.0,5.0,1.0,1.0,4.0,16.0,6021.6,1439.5,충주시,동량면,"('충주시', '동량면')"
동량면,4313040000,동량면,충주시,2023,3460.0,358.0,132.0,1515.0,152.0,10.346820809248555,3.815028901734104,43.786127167630056,4.393063583815029,8.14902386805177,-3.513664249860571,-11.822660098522164,-45.0,3586.0,3523.0,-1.2773204655123471,1.0,2.0,3.0,1.0,72.0,602.644,40.0,59.0,5.0,0.0,174.0,572.0,2027.0,480.0,58.58381502890173,23.680315737543168,0.2890173410404624,0.5780346820809249,0.8670520231213873,0.2890173410404624,11.560693641618496,1.445086705202312,20.80924855491329,0,0,0.0,0.0,-14.893617021276595,-0.2334062727935813,충주시,동량면,"('충주시', '동량면')","('충주시', '동량면')",동량면,5884.6,10086.9,5522.7,795.7,4424.7,3115.4,698.1,0.0,0.0,1.0,2.0,1.0,1.0,1.0,5.0,1.0,1.0,4.0,16.0,6021.6,1439.5,충주시,동량면,"('충주시', '동량면')"
동량면,4313040000,동량면,충주시,2024,3395.0,322.0,138.0,1574.0,131.0,9.484536082474229,4.06480117820324,46.362297496318114,3.858615611192931,8.130059039992796,-1.8786127167630065,-10.05586592178771,-8.0,3460.0,3427.5,-0.2334062727935813,1.0,2.0,3.0,1.0,72.0,602.644,44.0,60.0,5.0,1.0,180.0,595.0,2073.0,508.0,61.06038291605302,24.50554751567776,0.2945508100147275,0.5891016200294551,0.8836524300441827,0.2945508100147275,12.960235640648012,1.4727540500736378,21.207658321060386,0,0,0.0,0.0,10.000000000000009,0.8302446256486287,충주시,동량면,"('충주시', '동량면')","('충주시', '동량면')",동량면,5884.6,10086.9,5522.7,795.7,4424.7,3115.4,698.1,0.0,0.0,1.0,2.0,1.0,1.0,1.0,5.0,1.0,1.0,4.0,16.0,6021.6,1439.5,충주시,동량면,"('충주시', '동량면')"
동이면,4373031000,동이면,옥천군,2017,3336.0,470.0,194.0,1108.0,192.0,14.088729016786573,5.815347721822542,33.21342925659472,5.755395683453238,8.112527763478637,-1.708898055391872,-12.313432835820892,-8.0,3394.0,3365.0,-0.237741456166419,0.0,0.0,2.0,0.0,90.0,467.988,29.0,42.0,0.0,0.0,85.0,251.0,1675.0,1097.0,50.20983213429256,65.49253731343283,0.0,0.0,0.5995203836930455,0.0,8.693045563549159,0.0,26.97841726618705,1,1,,,0.0,-0.7574609907589759,옥천군,동이면,"('옥천군', '동이면')","('옥천군', '동이면')",동이면,7003.0,8029.2,3028.2,663.9,7057.5,2683.7,546.2,0.0,0.0,3.0,5.0,0.0,0.0,4.0,7.0,1.0,1.0,13.0,22.0,4732.5,25.6,옥천군,동이면,"('옥천군', '동이면')"
동이면,4373031000,동이면,옥천군,2018,3265.0,438.0,154.0,1144.0,171.0,13.41500765696784,4.716692189892802,35.03828483920368,5.237366003062787,8.09101504171053,-2.1282973621103096,-6.808510638297872,-25.0,3336.0,3300.5,-0.7574609907589759,0.0,0.0,2.0,0.0,90.0,467.988,30.0,48.0,0.0,0.0,96.0,264.0,1726.0,1097.0,52.863705972434914,63.55735805330244,0.0,0.0,0.6125574272588055,0.0,9.188361408882082,0.0,27.56508422664625,1,1,,,3.4482758620689724,0.3074558032282859,옥천군,동이면,"('옥천군', '동이면')","('옥천군', '동이면')",동이면,7003.0,8029.2,3028.2,663.9,7057.5,2683.7,546.2,0.0,0.0,3.0,5.0,0.0,0.0,4.0,7.0,1.0,1.0,13.0,22.0,4732.5,25.6,옥천군,동이면,"('옥천군', '동이면')"
동이면,4373031000,동이면,옥천군,2019,3240.0,436.0,147.0,1193.0,165.0,13.456790123456791,4.537037037037037,36.82098765432099,5.092592592592593,8.083328608786376,-0.7656967840735107,-0.4566210045662155,10.0,3265.0,3252.5,0.3074558032282859,0.0,0.0,2.0,0.0,90.0,467.988,35.0,49.0,0.0,0.0,104.0,275.0,1633.0,1084.0,50.401234567901234,66.38089406001225,0.0,0.0,0.6172839506172839,0.0,10.802469135802468,0.0,27.77777777777778,1,1,,,16.666666666666675,0.7430340557275541,옥천군,동이면,"('옥천군', '동이면')","('옥천군', '동이면')",동이면,7003.0,8029.2,3028.2,663.9,7057.5,2683.7,546.2,0.0,0.0,3.0,5.0,0.0,0.0,4.0,7.0,1.0,1.0,13.0,22.0,4732.5,25.6,옥천군,동이면,"('옥천군', '동이면')"
동이면,4373031000,동이면,옥천군,2021,3213.0,371.0,138.0,1274.0,152.0,11.546840958605664,4.295051353874883,39.65141612200436,4.730781201369437,8.074960359115858,-0.2173913043478248,-7.250000000000001,41.0,3220.0,3216.5,1.2746774444271725,0.0,0.0,2.0,0.0,90.0,467.988,41.0,57.0,0.0,0.0,126.0,608.0,1966.0,1048.0,61.18892001244942,53.3062054933876,0.0,0.0,0.6224712107065049,0.0,12.76065981948335,0.0,28.01120448179272,1,1,,,7.8947368421052655,1.092555017949118,옥천군,동이면,"('옥천군', '동이면')","('옥천군', '동이면')",동이면,7003.0,8029.2,3028.2,663.9,7057.5,2683.7,546.2,0.0,0.0,3.0,5.0,0.0,0.0,4.0,7.0,1.0,1.0,13.0,22.0,4732.5,25.6,옥천군,동이면,"('옥천군', '동이면')"
동이면,4373031000,동이면,옥천군,2022,3194.0,323.0,129.0,1333.0,122.0,10.112711333750784,4.038822792736381,41.73450219160927,3.819661865998748,8.069029328774958,-0.5913476501711812,-12.938005390835585,35.0,3213.0,3203.5,1.092555017949118,0.0,0.0,2.0,0.0,90.0,467.988,42.0,55.0,1.0,0.0,127.0,626.0,1935.0,1066.0,60.58234189104571,55.09043927648579,0.0,0.0,0.6261740763932373,0.0,13.149655604257983,0.3130870381966186,28.17783343769568,1,1,,,2.4390243902439046,0.5989911727616646,옥천군,동이면,"('옥천군', '동이면')","('옥천군', '동이면')",동이면,7003.0,8029.2,3028.2,663.9,7057.5,2683.7,546.2,0.0,0.0,3.0,5.0,0.0,0.0,4.0,7.0,1.0,1.0,13.0,22.0,4732.5,25.6,옥천군,동이면,"('옥천군', '동이면')"
동이면,4373031000,동이면,옥천군,2023,3150.0,304.0,119.0,1371.0,103.0,9.650793650793652,3.7777777777777777,43.523809523809526,3.2698412698412698,8.055157731819678,-1.3775829680651277,-5.882352941176472,19.0,3194.0,3172.0,0.5989911727616646,0.0,0.0,2.0,0.0,90.0,467.988,30.0,48.0,2.0,0.0,117.0,651.0,1994.0,1091.0,63.3015873015873,54.71414242728184,0.0,0.0,0.6349206349206349,0.0,9.523809523809524,0.6349206349206349,28.571428571428573,1,1,,,-28.57142857142857,-1.0946555054732776,옥천군,동이면,"('옥천군', '동이면')","('옥천군', '동이면')",동이면,7003.0,8029.2,3028.2,663.9,7057.5,2683.7,546.2,0.0,0.0,3.0,5.0,0.0,0.0,4.0,7.0,1.0,1.0,13.0,22.0,4732.5,25.6,옥천군,동이면,"('옥천군', '동이면')"
동이면,4373031000,동이면,옥천군,2024,3062.0,276.0,102.0,1406.0,97.0,9.013716525146965,3.3311561071195297,45.91770084911823,3.1678641410842587,8.026823576217629,-2.7936507936507926,-9.210526315789467,-34.0,3150.0,3106.0,-1.0946555054732776,0.0,0.0,2.0,0.0,90.0,467.988,32.0,54.0,2.0,0.0,126.0,688.0,2028.0,1110.0,66.23122142390594,54.73372781065089,0.0,0.0,0.6531678641410843,0.0,10.450685826257349,0.6531678641410843,29.3925538863488,1,1,,,6.666666666666665,2.184545158134985,옥천군,동이면,"('옥천군', '동이면')","('옥천군', '동이면')",동이면,7003.0,8029.2,3028.2,663.9,7057.5,2683.7,546.2,0.0,0.0,3.0,5.0,0.0,0.0,4.0,7.0,1.0,1.0,13.0,22.0,4732.5,25.6,옥천군,동이면,"('옥천군', '동이면')"
마로면,4372033000,마로면,보은군,2017,2414.0,280.0,121.0,987.0,128.0,11.5990057995029,5.012427506213753,40.886495443247725,5.302402651201326,7.789040401657477,-1.0250102501024982,-6.666666666666665,14.0,2439.0,2426.5,0.576962703482382,1.0,0.0,2.0,0.0,67.0,430.056,31.0,41.0,0.0,2.0,85.0,154.0,434.0,55.0,17.978458989229495,12.672811059907836,0.4142502071251036,0.0,0.8285004142502072,0.0,12.841756420878207,0.0,27.75476387738194,1,1,0.0,,3.333333333333344,-1.3445378151260503,보은군,마로면,"('보은군', '마로면')","('보은군', '마로면')",마로면,14153.2,15119.6,10935.2,545.1,15056.7,2675.8,950.7,0.0,0.0,0.0,4.0,0.0,0.0,0.0,6.0,2.0,3.0,7.0,23.0,11054.5,7345.7,보은군,마로면,"('보은군', '마로면')"
마로면,4372033000,마로면,보은군,2018,2346.0,253.0,119.0,980.0,108.0,10.784313725490197,5.072463768115942,41.77323103154305,4.603580562659847,7.76046702921342,-2.8169014084507005,-9.642857142857142,-32.0,2414.0,2380.0,-1.3445378151260503,1.0,0.0,2.0,0.0,67.0,430.056,30.0,45.0,1.0,2.0,89.0,157.0,375.0,48.0,15.9846547314578,12.8,0.4262574595055413,0.0,0.8525149190110827,0.0,12.78772378516624,0.4262574595055413,28.55924978687128,1,1,0.0,,-3.2258064516129004,-1.864296553219163,보은군,마로면,"('보은군', '마로면')","('보은군', '마로면')",마로면,14153.2,15119.6,10935.2,545.1,15056.7,2675.8,950.7,0.0,0.0,0.0,4.0,0.0,0.0,0.0,6.0,2.0,3.0,7.0,23.0,11054.5,7345.7,보은군,마로면,"('보은군', '마로면')"
마로면,4372033000,마로면,보은군,2019,2267.0,212.0,99.0,995.0,90.0,9.351565946184383,4.3670048522276135,43.890604322893694,3.9700044111160127,7.726212650507529,-3.367433930093777,-16.205533596837938,-43.0,2346.0,2306.5,-1.864296553219163,1.0,0.0,2.0,0.0,67.0,430.056,29.0,43.0,1.0,2.0,86.0,150.0,412.0,52.0,18.17379797088664,12.62135922330097,0.4411116012351124,0.0,0.8822232024702249,0.0,12.792236435818262,0.4411116012351124,29.554477282752533,1,1,0.0,,-3.3333333333333326,-1.3004484304932735,보은군,마로면,"('보은군', '마로면')","('보은군', '마로면')",마로면,14153.2,15119.6,10935.2,545.1,15056.7,2675.8,950.7,0.0,0.0,0.0,4.0,0.0,0.0,0.0,6.0,2.0,3.0,7.0,23.0,11054.5,7345.7,보은군,마로면,"('보은군', '마로면')"
마로면,4372033000,마로면,보은군,2021,2148.0,153.0,86.0,1033.0,66.0,7.12290502793296,4.003724394785848,48.09124767225326,3.072625698324022,7.672292455628756,-2.0519835841313228,-14.525139664804463,-1.0,2193.0,2170.5,-0.046072333563695,1.0,0.0,2.0,0.0,67.0,430.056,30.0,41.0,2.0,2.0,85.0,251.0,511.0,56.0,23.78957169459963,10.95890410958904,0.4655493482309125,0.0,0.931098696461825,0.0,13.966480446927374,0.931098696461825,31.19180633147113,1,1,0.0,,3.4482758620689724,1.314245482281155,보은군,마로면,"('보은군', '마로면')","('보은군', '마로면')",마로면,14153.2,15119.6,10935.2,545.1,15056.7,2675.8,950.7,0.0,0.0,0.0,4.0,0.0,0.0,0.0,6.0,2.0,3.0,7.0,23.0,11054.5,7345.7,보은군,마로면,"('보은군', '마로면')"
마로면,4372033000,마로면,보은군,2022,2113.0,149.0,82.0,1055.0,66.0,7.051585423568387,3.8807382867960247,49.92901088499763,3.123521060104117,7.655864017616056,-1.6294227188081931,-2.614379084967322,28.0,2148.0,2130.5,1.314245482281155,1.0,0.0,2.0,0.0,67.0,430.056,31.0,41.0,2.0,3.0,87.0,234.0,549.0,63.0,25.98201609086607,11.475409836065571,0.473260766682442,0.0,0.946521533364884,0.0,14.671083767155704,0.946521533364884,31.70847136772361,1,1,0.0,,3.333333333333344,1.5191075243294565,보은군,마로면,"('보은군', '마로면')","('보은군', '마로면')",마로면,14153.2,15119.6,10935.2,545.1,15056.7,2675.8,950.7,0.0,0.0,0.0,4.0,0.0,0.0,0.0,6.0,2.0,3.0,7.0,23.0,11054.5,7345.7,보은군,마로면,"('보은군', '마로면')"
마로면,4372033000,마로면,보은군,2023,2100.0,137.0,73.0,1088.0,69.0,6.523809523809524,3.4761904761904763,51.8095238095238,3.2857142857142856,7.649692623711514,-0.615238996687173,-8.053691275167784,32.0,2113.0,2106.5,1.5191075243294565,1.0,0.0,2.0,0.0,67.0,430.056,21.0,40.0,1.0,2.0,73.0,257.0,541.0,56.0,25.761904761904763,10.35120147874307,0.4761904761904761,0.0,0.9523809523809524,0.0,10.0,0.4761904761904761,31.904761904761905,1,1,0.0,,-32.25806451612904,0.1441614608361364,보은군,마로면,"('보은군', '마로면')","('보은군', '마로면')",마로면,14153.2,15119.6,10935.2,545.1,15056.7,2675.8,950.7,0.0,0.0,0.0,4.0,0.0,0.0,0.0,6.0,2.0,3.0,7.0,23.0,11054.5,7345.7,보은군,마로면,"('보은군', '마로면')"
마로면,4372033000,마로면,보은군,2024,2062.0,134.0,66.0,1116.0,60.0,6.498545101842872,3.200775945683802,54.12221144519883,2.909796314258002,7.631431664576906,-1.809523809523805,-2.1897810218978075,3.0,2100.0,2081.0,0.1441614608361364,1.0,0.0,2.0,0.0,67.0,430.056,24.0,34.0,2.0,2.0,71.0,268.0,580.0,49.0,28.12803103782735,8.448275862068966,0.4849660523763337,0.0,0.9699321047526674,0.0,11.639185257032008,0.9699321047526674,32.49272550921436,1,1,0.0,,14.28571428571428,2.609325924136265,보은군,마로면,"('보은군', '마로면')","('보은군', '마로면')",마로면,14153.2,15119.6,10935.2,545.1,15056.7,2675.8,950.7,0.0,0.0,0.0,4.0,0.0,0.0,0.0,6.0,2.0,3.0,7.0,23.0,11054.5,7345.7,보은군,마로면,"('보은군', '마로면')"
매곡면,4374034000,매곡면,영동군,2017,2053.0,260.0,105.0,788.0,98.0,12.664393570384805,5.114466634193863,38.38285435947394,4.773502191914272,7.627057417018934,-1.4402304368698935,-7.473309608540923,12.0,2083.0,2068.0,0.5802707930367506,0.0,0.0,1.0,1.0,49.0,306.367,23.0,10.0,0.0,0.0,41.0,80.0,413.0,122.0,20.11690209449586,29.53995157384988,0.0,0.0,0.4870920603994155,0.4870920603994155,11.203117389186556,0.0,23.86751095957136,0,1,,,-4.166666666666663,-0.245398773006135,영동군,매곡면,"('영동군', '매곡면')","('영동군', '매곡면')",매곡면,21936.9,21936.9,20197.0,695.8,3365.3,3404.3,687.6,0.0,0.0,0.0,0.0,1.0,1.0,1.0,3.0,1.0,1.0,5.0,9.0,18473.9,16733.9,영동군,매곡면,"('영동군', '매곡면')"
매곡면,4374034000,매곡면,영동군,2018,2022.0,231.0,100.0,799.0,103.0,11.42433234421365,4.945598417408506,39.51533135509397,5.093966369930762,7.611842399580417,-1.5099853872381883,-11.15384615384616,-5.0,2053.0,2037.5,-0.245398773006135,0.0,0.0,1.0,1.0,49.0,306.367,24.0,11.0,0.0,0.0,43.0,81.0,438.0,129.0,21.66172106824926,29.45205479452055,0.0,0.0,0.4945598417408506,0.4945598417408506,11.869436201780417,0.0,24.23343224530168,0,1,,,4.347826086956519,-1.1013767209011265,영동군,매곡면,"('영동군', '매곡면')","('영동군', '매곡면')",매곡면,21936.9,21936.9,20197.0,695.8,3365.3,3404.3,687.6,0.0,0.0,0.0,0.0,1.0,1.0,1.0,3.0,1.0,1.0,5.0,9.0,18473.9,16733.9,영동군,매곡면,"('영동군', '매곡면')"
매곡면,4374034000,매곡면,영동군,2019,1973.0,228.0,96.0,806.0,100.0,11.556006082108464,4.86568677141409,40.85149518499747,5.068423720223011,7.587310506022615,-2.4233432245301723,-1.2987012987012991,-22.0,2022.0,1997.5,-1.1013767209011265,0.0,0.0,1.0,1.0,49.0,306.367,25.0,11.0,0.0,0.0,45.0,80.0,493.0,147.0,24.987328940699445,29.81744421906693,0.0,0.0,0.5068423720223011,0.5068423720223011,12.671059300557529,0.0,24.835276229092752,0,1,,,4.166666666666674,-0.2553626149131767,영동군,매곡면,"('영동군', '매곡면')","('영동군', '매곡면')",매곡면,21936.9,21936.9,20197.0,695.8,3365.3,3404.3,687.6,0.0,0.0,0.0,0.0,1.0,1.0,1.0,3.0,1.0,1.0,5.0,9.0,18473.9,16733.9,영동군,매곡면,"('영동군', '매곡면')"
매곡면,4374034000,매곡면,영동군,2021,1893.0,176.0,76.0,833.0,66.0,9.297411516111993,4.014791336502905,44.00422609614369,3.4865293185419968,7.545918151209323,-2.573340195573859,-8.808290155440412,-17.0,1943.0,1918.0,-0.8863399374348279,0.0,0.0,1.0,1.0,49.0,306.367,27.0,14.0,3.0,0.0,52.0,147.0,525.0,152.0,27.733755942947703,28.95238095238096,0.0,0.0,0.5282620179609087,0.5282620179609087,14.263074484944534,1.5847860538827256,25.884838880084523,0,1,,,3.846153846153855,1.645872046721529,영동군,매곡면,"('영동군', '매곡면')","('영동군', '매곡면')",매곡면,21936.9,21936.9,20197.0,695.8,3365.3,3404.3,687.6,0.0,0.0,0.0,0.0,1.0,1.0,1.0,3.0,1.0,1.0,5.0,9.0,18473.9,16733.9,영동군,매곡면,"('영동군', '매곡면')"
매곡면,4374034000,매곡면,영동군,2022,1874.0,169.0,71.0,853.0,70.0,9.018143009605122,3.788687299893277,45.51760939167556,3.735325506937033,7.535830462798367,-1.0036978341257274,-3.977272727272729,31.0,1893.0,1883.5,1.645872046721529,0.0,0.0,1.0,1.0,49.0,306.367,28.0,13.0,3.0,0.0,52.0,159.0,514.0,144.0,27.42796157950907,28.01556420233463,0.0,0.0,0.5336179295624334,0.5336179295624334,14.941302027748131,1.6008537886872998,26.147278548559232,0,1,,,3.703703703703698,-0.6467259498787389,영동군,매곡면,"('영동군', '매곡면')","('영동군', '매곡면')",매곡면,21936.9,21936.9,20197.0,695.8,3365.3,3404.3,687.6,0.0,0.0,0.0,0.0,1.0,1.0,1.0,3.0,1.0,1.0,5.0,9.0,18473.9,16733.9,영동군,매곡면,"('영동군', '매곡면')"
매곡면,4374034000,매곡면,영동군,2023,1837.0,161.0,64.0,866.0,62.0,8.764289602612955,3.483941208492107,47.14207947740882,3.3750680457267284,7.515889085215125,-1.9743863393810068,-4.7337278106508895,-12.0,1874.0,1855.5,-0.6467259498787389,0.0,0.0,1.0,1.0,49.0,306.367,20.0,14.0,3.0,0.0,46.0,168.0,511.0,165.0,27.817093086554163,32.28962818003914,0.0,0.0,0.5443658138268916,0.5443658138268916,10.887316276537833,1.633097441480675,26.67392487751769,0,1,,,-28.57142857142857,-0.2752546105147261,영동군,매곡면,"('영동군', '매곡면')","('영동군', '매곡면')",매곡면,21936.9,21936.9,20197.0,695.8,3365.3,3404.3,687.6,0.0,0.0,0.0,0.0,1.0,1.0,1.0,3.0,1.0,1.0,5.0,9.0,18473.9,16733.9,영동군,매곡면,"('영동군', '매곡면')"
매곡면,4374034000,매곡면,영동군,2024,1796.0,144.0,70.0,894.0,50.0,8.017817371937639,3.897550111358575,49.77728285077951,2.783964365256125,7.493317248862145,-2.2318998366902543,-10.559006211180122,-5.0,1837.0,1816.5,-0.2752546105147261,0.0,0.0,1.0,1.0,49.0,306.367,18.0,13.0,3.0,0.0,44.0,190.0,562.0,150.0,31.29175946547884,26.69039145907473,0.0,0.0,0.5567928730512249,0.5567928730512249,10.022271714922049,1.670378619153675,27.28285077951002,0,1,,,-9.999999999999998,-0.2828054298642534,영동군,매곡면,"('영동군', '매곡면')","('영동군', '매곡면')",매곡면,21936.9,21936.9,20197.0,695.8,3365.3,3404.3,687.6,0.0,0.0,0.0,0.0,1.0,1.0,1.0,3.0,1.0,1.0,5.0,9.0,18473.9,16733.9,영동군,매곡면,"('영동군', '매곡면')"
매포읍,4380025300,매포읍,단양군,2017,6058.0,1232.0,585.0,1490.0,535.0,20.33674480026412,9.656652360515022,24.59557609772202,8.831297457906901,8.709134991587183,-2.838813151563757,-2.9156816390858986,-138.0,6235.0,6146.5,-2.2451801838444645,4.0,0.0,3.0,1.0,108.0,282.907,80.0,114.0,10.0,2.0,279.0,559.0,5000.0,1643.0,82.53549026081215,32.86,0.6602839220864973,0.0,0.4952129415648729,0.1650709805216243,13.205678441729944,1.650709805216243,17.827665896335425,0,1,0.0,,9.589041095890405,-3.1436496595780445,단양군,매포읍,"('단양군', '매포읍')","('단양군', '매포읍')",매포읍,10286.2,16535.8,10248.1,555.5,2232.9,1301.8,498.6,0.0,0.0,0.0,3.0,0.0,2.0,2.0,11.0,0.0,2.0,4.0,26.0,7222.0,4552.3,단양군,매포읍,"('단양군', '매포읍')"
매포읍,4380025300,매포읍,단양군,2018,5839.0,1122.0,542.0,1521.0,502.0,19.21561911286179,9.28241137181024,26.048980989895533,8.597362562082548,8.672314828283538,-3.615054473423573,-8.92857142857143,-187.0,6058.0,5948.5,-3.1436496595780445,4.0,0.0,3.0,1.0,108.0,282.907,78.0,119.0,11.0,2.0,289.0,585.0,5296.0,1637.0,90.70046240794656,30.91012084592145,0.685048809727693,0.0,0.5137866072957699,0.1712622024319232,13.358451789690015,1.883884226751156,18.496317862647714,0,1,0.0,,-2.500000000000002,-3.799352184189793,단양군,매포읍,"('단양군', '매포읍')","('단양군', '매포읍')",매포읍,10286.2,16535.8,10248.1,555.5,2232.9,1301.8,498.6,0.0,0.0,0.0,3.0,0.0,2.0,2.0,11.0,0.0,2.0,4.0,26.0,7222.0,4552.3,단양군,매포읍,"('단양군', '매포읍')"
매포읍,4380025300,매포읍,단양군,2019,5584.0,990.0,494.0,1556.0,421.0,17.729226361031518,8.846704871060172,27.865329512893982,7.539398280802293,8.627660644442209,-4.367186162014047,-11.764705882352944,-217.0,5839.0,5711.5,-3.799352184189793,4.0,0.0,3.0,1.0,108.0,282.907,82.0,123.0,11.0,2.0,303.0,601.0,5263.0,1621.0,94.25143266475644,30.79992399771993,0.7163323782234956,0.0,0.5372492836676218,0.1790830945558739,14.684813753581665,1.969914040114613,19.340974212034386,0,1,0.0,,5.128205128205132,-2.1448695810233573,단양군,매포읍,"('단양군', '매포읍')","('단양군', '매포읍')",매포읍,10286.2,16535.8,10248.1,555.5,2232.9,1301.8,498.6,0.0,0.0,0.0,3.0,0.0,2.0,2.0,11.0,0.0,2.0,4.0,26.0,7222.0,4552.3,단양군,매포읍,"('단양군', '매포읍')"
매포읍,4380025300,매포읍,단양군,2021,5223.0,799.0,419.0,1629.0,326.0,15.297721615929545,8.022209458165804,31.1889718552556,6.241623587976259,8.560827228436299,-3.6169034877283615,-10.526315789473683,-102.0,5419.0,5321.0,-1.9169329073482428,4.0,0.0,3.0,2.0,108.0,282.907,85.0,124.0,9.0,4.0,307.0,1235.0,5975.0,1626.0,114.39785563852192,27.21338912133891,0.7658433850277618,0.0,0.5743825387708213,0.3829216925138809,16.274171931839938,1.7231476163124642,20.67777139574957,0,1,0.0,,1.1904761904761862,-0.8130081300813009,단양군,매포읍,"('단양군', '매포읍')","('단양군', '매포읍')",매포읍,10286.2,16535.8,10248.1,555.5,2232.9,1301.8,498.6,0.0,0.0,0.0,3.0,0.0,2.0,2.0,11.0,0.0,2.0,4.0,26.0,7222.0,4552.3,단양군,매포읍,"('단양군', '매포읍')"
매포읍,4380025300,매포읍,단양군,2022,5109.0,744.0,379.0,1667.0,297.0,14.562536699941282,7.41828146408299,32.62869446075553,5.813270698766882,8.538758969330798,-2.1826536473291247,-6.883604505632035,-42.0,5223.0,5166.0,-0.8130081300813009,4.0,0.0,3.0,2.0,108.0,282.907,86.0,127.0,10.0,4.0,309.0,1227.0,5859.0,1704.0,114.67997651203758,29.08346134152585,0.7829320806420043,0.0,0.5871990604815032,0.3914660403210021,16.83303973380309,1.9573302016050107,21.13916617733412,0,1,0.0,,1.17647058823529,-2.872244938665603,단양군,매포읍,"('단양군', '매포읍')","('단양군', '매포읍')",매포읍,10286.2,16535.8,10248.1,555.5,2232.9,1301.8,498.6,0.0,0.0,0.0,3.0,0.0,2.0,2.0,11.0,0.0,2.0,4.0,26.0,7222.0,4552.3,단양군,매포읍,"('단양군', '매포읍')"
매포읍,4380025300,매포읍,단양군,2023,4918.0,686.0,329.0,1711.0,274.0,13.94875965839772,6.689711264741765,34.79056527043514,5.571370475803173,8.500657222776137,-3.738500685065571,-7.795698924731187,-144.0,5109.0,5013.5,-2.872244938665603,4.0,0.0,3.0,2.0,108.0,282.907,76.0,99.0,2.0,2.0,257.0,1271.0,5841.0,1793.0,118.76779178527856,30.69679849340866,0.8133387555917039,0.0,0.6100040666937779,0.4066693777958519,15.453436356242376,0.4066693777958519,21.960146400976008,0,1,0.0,,-11.627906976744184,-0.1023436700440077,단양군,매포읍,"('단양군', '매포읍')","('단양군', '매포읍')",매포읍,10286.2,16535.8,10248.1,555.5,2232.9,1301.8,498.6,0.0,0.0,0.0,3.0,0.0,2.0,2.0,11.0,0.0,2.0,4.0,26.0,7222.0,4552.3,단양군,매포읍,"('단양군', '매포읍')"
매포읍,4380025300,매포읍,단양군,2024,4853.0,663.0,305.0,1760.0,249.0,13.66165258602926,6.284772305790233,36.26622707603544,5.130846898825469,8.487352349405215,-1.3216754778365147,-3.3527696793002937,-5.0,4918.0,4885.5,-0.1023436700440077,4.0,0.0,3.0,2.0,108.0,282.907,80.0,111.0,3.0,1.0,274.0,1307.0,5810.0,1751.0,119.71976097259429,30.13769363166954,0.8242324335462601,0.0,0.6181743251596951,0.41211621677313,16.484648670925203,0.6181743251596951,22.254275705749023,0,1,0.0,,5.263157894736836,-1.2292947181998126,단양군,매포읍,"('단양군', '매포읍')","('단양군', '매포읍')",매포읍,10286.2,16535.8,10248.1,555.5,2232.9,1301.8,498.6,0.0,0.0,0.0,3.0,0.0,2.0,2.0,11.0,0.0,2.0,4.0,26.0,7222.0,4552.3,단양군,매포읍,"('단양군', '매포읍')"
맹동면,4377033000,맹동면,음성군,2017,12843.0,3874.0,2400.0,1585.0,1872.0,30.164291832126448,18.68722261153936,12.341353266370788,14.576033637000702,9.460554194813056,9.70359613906211,8.30304724629578,1047.0,11707.0,12275.0,8.529531568228107,9.0,1.0,3.0,0.0,135.0,296.698,95.0,213.0,20.0,7.0,479.0,715.0,6781.0,2595.0,52.799190220353495,38.26869193334316,0.7007708479327259,0.0778634275480806,0.2335902826442419,0.0,7.397025617067663,1.557268550961613,10.51156271899089,1,0,0.0,0.0,58.33333333333333,0.5884402462157873,음성군,맹동면,"('음성군', '맹동면')","('음성군', '맹동면')",맹동면,1983.4,32198.0,1564.9,335.6,1776.3,1048.2,406.1,0.0,2.0,2.0,11.0,1.0,1.0,3.0,17.0,2.0,6.0,12.0,49.0,29006.6,45.6,음성군,맹동면,"('음성군', '맹동면')"
맹동면,4377033000,맹동면,음성군,2018,12988.0,3943.0,2319.0,1666.0,1901.0,30.358792731752388,17.85494302433015,12.827225130890051,14.63658761934093,9.471781133222736,1.1290196994471646,1.7811048012390307,76.0,12843.0,12915.5,0.5884402462157873,10.0,1.0,3.0,0.0,135.0,296.698,116.0,264.0,24.0,9.0,603.0,898.0,7730.0,2670.0,59.516476747767165,34.54075032341527,0.769941484447182,0.0769941484447182,0.2309824453341546,0.0,8.93132121958731,1.847859562673237,10.394210040036958,1,0,11.111111111111116,0.0,22.10526315789474,1.312426080653161,음성군,맹동면,"('음성군', '맹동면')","('음성군', '맹동면')",맹동면,1983.4,32198.0,1564.9,335.6,1776.3,1048.2,406.1,0.0,2.0,2.0,11.0,1.0,1.0,3.0,17.0,2.0,6.0,12.0,49.0,29006.6,45.6,음성군,맹동면,"('음성군', '맹동면')"
맹동면,4377033000,맹동면,음성군,2019,13223.0,3947.0,2309.0,1737.0,1864.0,29.84950465098692,17.46199803372911,13.136202072147016,14.09664977690388,9.489713016556824,1.809362488450872,0.1014455997971008,172.0,12988.0,13105.5,1.312426080653161,14.0,1.0,3.0,0.0,135.0,296.698,130.0,311.0,30.0,11.0,701.0,1063.0,8744.0,2722.0,66.12720260152764,31.12991765782251,1.0587612493382743,0.0756258035241624,0.2268774105724873,0.0,9.831354458141115,2.268774105724873,10.209483475761928,1,0,39.99999999999999,0.0,12.06896551724137,-1.1551468632442907,음성군,맹동면,"('음성군', '맹동면')","('음성군', '맹동면')",맹동면,1983.4,32198.0,1564.9,335.6,1776.3,1048.2,406.1,0.0,2.0,2.0,11.0,1.0,1.0,3.0,17.0,2.0,6.0,12.0,49.0,29006.6,45.6,음성군,맹동면,"('음성군', '맹동면')"
맹동면,4377033000,맹동면,음성군,2021,13082.0,3656.0,2158.0,1840.0,1700.0,27.94679712582174,16.49594863170769,14.065127656321664,12.994954899862408,9.478992518521158,-0.0916450282572145,-3.789473684210531,93.0,13094.0,13088.0,0.7105745721271394,14.0,1.0,3.0,1.0,135.0,296.698,159.0,398.0,43.0,14.0,880.0,1566.0,10573.0,3316.0,80.8209753860266,31.36290551404521,1.0701727564592571,0.0764409111756612,0.2293227335269836,0.0764409111756612,12.154104876930134,3.2869591805534326,10.319523008714263,0,0,0.0,0.0,11.9718309859155,1.308880602693859,음성군,맹동면,"('음성군', '맹동면')","('음성군', '맹동면')",맹동면,1983.4,32198.0,1564.9,335.6,1776.3,1048.2,406.1,0.0,2.0,2.0,11.0,1.0,1.0,3.0,17.0,2.0,6.0,12.0,49.0,29006.6,45.6,음성군,맹동면,"('음성군', '맹동면')"
맹동면,4377033000,맹동면,음성군,2022,13200.0,3571.0,2121.0,1926.0,1674.0,27.0530303030303,16.068181818181817,14.59090909090909,12.681818181818183,9.487972108574462,0.9020027518727992,-2.324945295404812,172.0,13082.0,13141.0,1.308880602693859,14.0,1.0,3.0,1.0,135.0,296.698,190.0,425.0,51.0,14.0,1005.0,1869.0,10980.0,3409.0,83.18181818181817,31.047358834244083,1.0606060606060608,0.0757575757575757,0.2272727272727273,0.0757575757575757,14.393939393939394,3.8636363636363633,10.227272727272728,0,0,0.0,0.0,19.496855345911943,0.649105592874934,음성군,맹동면,"('음성군', '맹동면')","('음성군', '맹동면')",맹동면,1983.4,32198.0,1564.9,335.6,1776.3,1048.2,406.1,0.0,2.0,2.0,11.0,1.0,1.0,3.0,17.0,2.0,6.0,12.0,49.0,29006.6,45.6,음성군,맹동면,"('음성군', '맹동면')"
맹동면,4377033000,맹동면,음성군,2023,13298.0,3566.0,2046.0,2004.0,1674.0,26.81606256579937,15.385772296585952,15.069935328620844,12.588359151752144,9.4953689269624,0.7424242424242333,-0.1400168020162406,86.0,13200.0,13249.0,0.649105592874934,13.0,1.0,4.0,1.0,135.0,296.698,159.0,423.0,36.0,6.0,1133.0,2207.0,11416.0,3454.0,85.8474958640397,30.255781359495444,0.9775906151300948,0.0751992780869303,0.3007971123477214,0.0751992780869303,11.956685215821928,2.707174011129493,10.1519025417356,0,0,-7.14285714285714,0.0,-16.315789473684205,-1.8617021276595744,음성군,맹동면,"('음성군', '맹동면')","('음성군', '맹동면')",맹동면,1983.4,32198.0,1564.9,335.6,1776.3,1048.2,406.1,0.0,2.0,2.0,11.0,1.0,1.0,3.0,17.0,2.0,6.0,12.0,49.0,29006.6,45.6,음성군,맹동면,"('음성군', '맹동면')"
맹동면,4377033000,맹동면,음성군,2024,13022.0,3412.0,1862.0,2112.0,1583.0,26.20181231761634,14.298878820457686,16.218706803870372,12.15635079096913,9.474395513796807,-2.075500075199277,-4.318564217610765,-245.0,13298.0,13160.0,-1.8617021276595744,14.0,1.0,4.0,1.0,135.0,296.698,177.0,408.0,40.0,8.0,1127.0,2475.0,11764.0,3337.0,90.33942558746736,28.36620197211833,1.0751036707111044,0.0767931193365074,0.3071724773460298,0.0767931193365074,13.59238212256182,3.071724773460298,10.367071110428505,0,0,7.692307692307687,0.0,11.32075471698113,5.945099209309265,음성군,맹동면,"('음성군', '맹동면')","('음성군', '맹동면')",맹동면,1983.4,32198.0,1564.9,335.6,1776.3,1048.2,406.1,0.0,2.0,2.0,11.0,1.0,1.0,3.0,17.0,2.0,6.0,12.0,49.0,29006.6,45.6,음성군,맹동면,"('음성군', '맹동면')"
모충동,4311254000,모충동,청주시,2017,16817.0,4848.0,1547.0,2623.0,2153.0,28.82797169530832,9.19902479633704,15.59731224356306,12.80252125825058,9.73014555852275,-2.560982675705425,-4.359834286841591,-414.0,17259.0,17038.0,-2.4298626599366124,7.0,1.0,6.0,0.0,18.0,34.442,175.0,251.0,21.0,12.0,697.0,1069.0,3755.0,108.0,22.328596063507167,2.876165113182424,0.4162454658976036,0.0594636379853719,0.3567818279122317,0.0,10.406136647440093,1.2487363976928108,1.0703454837366948,1,0,0.0,0.0,20.68965517241379,-2.940466127279314,청주시,모충동,"('청주시', '모충동')","('청주시', '모충동')",모충동,1350.9,1446.5,815.6,403.0,1291.7,656.4,190.3,1.0,12.0,47.0,58.0,0.0,7.0,19.0,31.0,3.0,17.0,97.0,166.0,1254.5,134.7,청주시,모충동,"('청주시', '모충동')"
모충동,4311254000,모충동,청주시,2018,16307.0,4584.0,1454.0,2699.0,2061.0,28.110627337953023,8.91641626295456,16.551174342306986,12.638744097626786,9.699349742461278,-3.032645537253964,-5.44554455445545,-487.0,16817.0,16562.0,-2.940466127279314,5.0,1.0,6.0,0.0,18.0,34.442,175.0,258.0,29.0,12.0,720.0,1104.0,3700.0,106.0,22.68964248482247,2.864864864864865,0.3066167903354387,0.0613233580670877,0.3679401484025265,0.0,10.731587661740358,1.778377383945545,1.1038204452075795,1,0,-28.57142857142857,0.0,0.0,-4.657009081481947,청주시,모충동,"('청주시', '모충동')","('청주시', '모충동')",모충동,1350.9,1446.5,815.6,403.0,1291.7,656.4,190.3,1.0,12.0,47.0,58.0,0.0,7.0,19.0,31.0,3.0,17.0,97.0,166.0,1254.5,134.7,청주시,모충동,"('청주시', '모충동')"
모충동,4311254000,모충동,청주시,2019,15516.0,4224.0,1300.0,2833.0,1891.0,27.22351121423048,8.378448053622067,18.25857179685486,12.187419437999484,9.649627028559856,-4.850677623106636,-7.853403141361259,-741.0,16307.0,15911.5,-4.657009081481947,5.0,1.0,6.0,0.0,18.0,34.442,178.0,264.0,32.0,12.0,738.0,1069.0,4010.0,103.0,25.844289765403456,2.56857855361596,0.3222480020623872,0.0644496004124774,0.3866976024748647,0.0,11.472028873420983,2.062387213199278,1.160092807424594,1,0,0.0,0.0,1.7142857142857126,-5.0506387767260215,청주시,모충동,"('청주시', '모충동')","('청주시', '모충동')",모충동,1350.9,1446.5,815.6,403.0,1291.7,656.4,190.3,1.0,12.0,47.0,58.0,0.0,7.0,19.0,31.0,3.0,17.0,97.0,166.0,1254.5,134.7,청주시,모충동,"('청주시', '모충동')"
모충동,4311254000,모충동,청주시,2021,15644.0,4266.0,1161.0,3262.0,1905.0,27.26924060342623,7.421375607261569,20.85144464331373,12.177192533878802,9.657842735875406,6.436249829908824,9.30053804765565,1103.0,14698.0,15171.0,7.27045020104146,5.0,2.0,6.0,0.0,18.0,34.442,175.0,272.0,35.0,12.0,755.0,1392.0,4094.0,117.0,26.1697775504986,2.8578407425500734,0.3196113525952442,0.1278445410380977,0.383533623114293,0.0,11.186397340833548,2.2372794681667094,1.150600869342879,1,0,0.0,0.0,-2.777777777777779,11.039530593110124,청주시,모충동,"('청주시', '모충동')","('청주시', '모충동')",모충동,1350.9,1446.5,815.6,403.0,1291.7,656.4,190.3,1.0,12.0,47.0,58.0,0.0,7.0,19.0,31.0,3.0,17.0,97.0,166.0,1254.5,134.7,청주시,모충동,"('청주시', '모충동')"
모충동,4311254000,모충동,청주시,2022,17419.0,5122.0,1399.0,3530.0,2363.0,29.40467305815489,8.031459900109077,20.26522762500717,13.565646707618118,9.765316843477462,11.346203017131163,20.065635255508663,1825.0,15644.0,16531.5,11.039530593110124,5.0,2.0,6.0,0.0,18.0,34.442,176.0,276.0,43.0,13.0,774.0,1441.0,4606.0,107.0,26.44239049313968,2.323056882327399,0.2870428842069005,0.1148171536827601,0.3444514610482806,0.0,10.1039095240829,2.468568804179344,1.0333543831448415,1,0,0.0,0.0,0.5714285714285783,-1.6256870118599942,청주시,모충동,"('청주시', '모충동')","('청주시', '모충동')",모충동,1350.9,1446.5,815.6,403.0,1291.7,656.4,190.3,1.0,12.0,47.0,58.0,0.0,7.0,19.0,31.0,3.0,17.0,97.0,166.0,1254.5,134.7,청주시,모충동,"('청주시', '모충동')"
모충동,4311254000,모충동,청주시,2023,17151.0,5002.0,1376.0,3737.0,2331.0,29.164480205235847,8.022855810156843,21.78881697860183,13.59104425397936,9.74981175993208,-1.538549859348992,-2.34283483014448,-281.0,17419.0,17285.0,-1.6256870118599942,8.0,2.0,6.0,0.0,18.0,34.442,168.0,268.0,21.0,5.0,731.0,1544.0,4857.0,88.0,28.319048451985307,1.8118179946469013,0.4664451052416768,0.1166112763104192,0.3498338289312576,0.0,9.795347210075214,1.2244184012594015,1.049501486793773,1,0,60.00000000000001,0.0,-4.545454545454541,-3.084391557884143,청주시,모충동,"('청주시', '모충동')","('청주시', '모충동')",모충동,1350.9,1446.5,815.6,403.0,1291.7,656.4,190.3,1.0,12.0,47.0,58.0,0.0,7.0,19.0,31.0,3.0,17.0,97.0,166.0,1254.5,134.7,청주시,모충동,"('청주시', '모충동')"
목행용탄동,4313064000,목행.용탄동,충주시,2017,6439.0,1541.0,1089.0,812.0,717.0,23.9322876223016,16.912564062742664,12.610653828234195,11.135269451778226,8.770128527538184,-4.2385484830458005,-7.724550898203597,-299.0,6724.0,6581.5,-4.543037301527007,4.0,0.0,1.0,0.0,31.0,103.689,88.0,114.0,10.0,2.0,286.0,822.0,8587.0,6191.0,133.35921726976238,72.09735646908116,0.6212144742972512,0.0,0.1553036185743128,0.0,13.666718434539526,1.5530361857431276,4.814412175803696,1,1,0.0,,1.1494252873563315,7.309766327142002,충주시,목행용탄동,"('충주시', '목행용탄동')","('충주시', '목행용탄동')",목행·용탄동,3137.5,4069.3,646.1,412.2,3060.9,1023.0,232.9,0.0,0.0,4.0,11.0,0.0,0.0,1.0,13.0,1.0,1.0,7.0,34.0,3055.7,66.5,충주시,목행용탄동,"('충주시', '목행용탄동')"
목행용탄동,4313064000,목행.용탄동,충주시,2018,6913.0,1722.0,1083.0,889.0,777.0,24.90959062635614,15.666136265007957,12.85982930710256,11.2396933314046,8.841158975945264,7.361391520422433,11.745619727449718,488.0,6439.0,6676.0,7.309766327142002,4.0,0.0,1.0,0.0,31.0,103.689,87.0,118.0,10.0,2.0,293.0,823.0,8980.0,6454.0,129.9001880514972,71.87082405345213,0.5786199913207002,0.0,0.144654997830175,0.0,12.584984811225228,1.44654997830175,4.4843049327354265,1,1,0.0,,-1.1363636363636354,-2.5642904242069013,충주시,목행용탄동,"('충주시', '목행용탄동')","('충주시', '목행용탄동')",목행·용탄동,3137.5,4069.3,646.1,412.2,3060.9,1023.0,232.9,0.0,0.0,4.0,11.0,0.0,0.0,1.0,13.0,1.0,1.0,7.0,34.0,3055.7,66.5,충주시,목행용탄동,"('충주시', '목행용탄동')"
목행용탄동,4313064000,목행.용탄동,충주시,2019,6736.0,1643.0,1001.0,922.0,738.0,24.391330166270784,14.860451306413305,13.687648456057008,10.95605700712589,8.815221555922163,-2.560393461594101,-4.587688734030193,-175.0,6913.0,6824.5,-2.5642904242069013,4.0,0.0,1.0,0.0,31.0,103.689,89.0,125.0,12.0,2.0,304.0,860.0,9236.0,6589.0,137.11401425178147,71.34040710264183,0.5938242280285035,0.0,0.1484560570071258,0.0,13.212589073634204,1.7814726840855108,4.602137767220903,1,1,0.0,,2.298850574712641,-0.8645103592189596,충주시,목행용탄동,"('충주시', '목행용탄동')","('충주시', '목행용탄동')",목행·용탄동,3137.5,4069.3,646.1,412.2,3060.9,1023.0,232.9,0.0,0.0,4.0,11.0,0.0,0.0,1.0,13.0,1.0,1.0,7.0,34.0,3055.7,66.5,충주시,목행용탄동,"('충주시', '목행용탄동')"
목행용탄동,4313064000,목행.용탄동,충주시,2021,6557.0,1490.0,916.0,986.0,663.0,22.723806618880584,13.96980326368766,15.037364648467284,10.11133140155559,8.788288460263619,-1.8706973959892288,-6.17128463476071,-97.0,6682.0,6619.5,-1.46536747488481,5.0,0.0,1.0,0.0,31.0,103.689,93.0,134.0,13.0,2.0,321.0,1062.0,10392.0,7535.0,158.48711300899802,72.50769822940724,0.7625438462711607,0.0,0.1525087692542321,0.0,14.183315540643587,1.9826140003050168,4.727771846881196,1,1,25.0,,4.494382022471921,0.7453605111043504,충주시,목행용탄동,"('충주시', '목행용탄동')","('충주시', '목행용탄동')",목행·용탄동,3137.5,4069.3,646.1,412.2,3060.9,1023.0,232.9,0.0,0.0,4.0,11.0,0.0,0.0,1.0,13.0,1.0,1.0,7.0,34.0,3055.7,66.5,충주시,목행용탄동,"('충주시', '목행용탄동')"
목행용탄동,4313064000,목행.용탄동,충주시,2022,6591.0,1478.0,844.0,1036.0,631.0,22.424518282506448,12.805340615991504,15.718403884084358,9.573661052950994,8.79346036105272,0.5185298154643858,-0.8053691275167751,49.0,6557.0,6574.0,0.7453605111043504,4.0,0.0,1.0,0.0,31.0,103.689,98.0,133.0,14.0,1.0,333.0,1064.0,10252.0,7450.0,155.54544075254137,72.66874756145143,0.6068881808526778,0.0,0.1517220452131694,0.0,14.868760430890609,2.124108632984373,4.703383401608254,1,1,-20.0,,5.376344086021501,-2.2264875239923225,충주시,목행용탄동,"('충주시', '목행용탄동')","('충주시', '목행용탄동')",목행·용탄동,3137.5,4069.3,646.1,412.2,3060.9,1023.0,232.9,0.0,0.0,4.0,11.0,0.0,0.0,1.0,13.0,1.0,1.0,7.0,34.0,3055.7,66.5,충주시,목행용탄동,"('충주시', '목행용탄동')"
목행용탄동,4313064000,목행.용탄동,충주시,2023,6434.0,1385.0,765.0,1080.0,585.0,21.52626670811315,11.889959589679826,16.785825303077402,9.092322039166923,8.769351707798972,-2.3820361098467635,-6.292286874154263,-145.0,6591.0,6512.5,-2.2264875239923225,4.0,0.0,1.0,0.0,31.0,103.689,93.0,121.0,3.0,1.0,296.0,1060.0,10697.0,7757.0,166.2573826546472,72.515658595868,0.6216972334473112,0.0,0.1554243083618278,0.0,14.454460677649983,0.4662729250854833,4.818153559216661,1,1,0.0,,-5.102040816326525,-3.065497353243265,충주시,목행용탄동,"('충주시', '목행용탄동')","('충주시', '목행용탄동')",목행·용탄동,3137.5,4069.3,646.1,412.2,3060.9,1023.0,232.9,0.0,0.0,4.0,11.0,0.0,0.0,1.0,13.0,1.0,1.0,7.0,34.0,3055.7,66.5,충주시,목행용탄동,"('충주시', '목행용탄동')"
목행용탄동,4313064000,목행.용탄동,충주시,2024,6223.0,1293.0,682.0,1155.0,535.0,20.777759922866785,10.959344367668328,18.560179977502813,8.59713964325888,8.736007384569218,-3.2794529064345657,-6.642599277978334,-194.0,6434.0,6328.5,-3.065497353243265,4.0,0.0,1.0,0.0,31.0,103.689,86.0,106.0,4.0,1.0,271.0,1041.0,9709.0,6855.0,156.0179977502812,70.60459367597075,0.6427767957576731,0.0,0.1606941989394182,0.0,13.819701108789973,0.6427767957576731,4.981520167121968,1,1,0.0,,-7.526881720430111,-2.311762311762312,충주시,목행용탄동,"('충주시', '목행용탄동')","('충주시', '목행용탄동')",목행·용탄동,3137.5,4069.3,646.1,412.2,3060.9,1023.0,232.9,0.0,0.0,4.0,11.0,0.0,0.0,1.0,13.0,1.0,1.0,7.0,34.0,3055.7,66.5,충주시,목행용탄동,"('충주시', '목행용탄동')"
문광면,4376035000,문광면,괴산군,2017,2187.0,298.0,124.0,798.0,118.0,13.625971650663008,5.6698673982624594,36.48834019204389,5.3955189757658895,7.690286020676768,-0.5004549590536866,1.016949152542379,24.0,2198.0,2192.5,1.0946408209806158,0.0,1.0,1.0,0.0,71.0,355.707,13.0,10.0,2.0,2.0,37.0,69.0,305.0,157.0,13.94604481024234,51.47540983606558,0.0,0.4572473708276177,0.4572473708276177,0.0,5.94421582075903,0.9144947416552354,32.46456332876086,1,0,,0.0,18.181818181818187,2.5431425976385107,괴산군,문광면,"('괴산군', '문광면')","('괴산군', '문광면')",문광면,4469.3,33257.9,6750.7,670.2,5435.3,3460.0,903.9,1.0,1.0,2.0,4.0,2.0,3.0,5.0,5.0,2.0,5.0,6.0,16.0,30956.5,3757.8,괴산군,문광면,"('괴산군', '문광면')"
문광면,4376035000,문광면,괴산군,2018,2217.0,275.0,124.0,797.0,114.0,12.404149751917004,5.593143888137122,35.94948128101038,5.142083897158322,7.703910209616311,1.3717421124828544,-7.718120805369133,56.0,2187.0,2202.0,2.5431425976385107,0.0,1.0,1.0,0.0,71.0,355.707,12.0,10.0,1.0,2.0,35.0,72.0,329.0,144.0,14.839873703202525,43.76899696048632,0.0,0.4510599909788002,0.4510599909788002,0.0,5.412719891745602,0.4510599909788002,32.02525935949482,1,0,,0.0,-7.692307692307687,1.980643709205492,괴산군,문광면,"('괴산군', '문광면')","('괴산군', '문광면')",문광면,4469.3,33257.9,6750.7,670.2,5435.3,3460.0,903.9,1.0,1.0,2.0,4.0,2.0,3.0,5.0,5.0,2.0,5.0,6.0,16.0,30956.5,3757.8,괴산군,문광면,"('괴산군', '문광면')"
문광면,4376035000,문광면,괴산군,2019,2226.0,268.0,99.0,823.0,117.0,12.039532794249777,4.44743935309973,36.97214734950584,5.256064690026954,7.70796153183549,0.4059539918809252,-2.5454545454545507,44.0,2217.0,2221.5,1.980643709205492,0.0,1.0,1.0,0.0,71.0,355.707,14.0,11.0,1.0,2.0,39.0,82.0,368.0,147.0,16.531895777178796,39.94565217391305,0.0,0.4492362982929021,0.4492362982929021,0.0,6.289308176100629,0.4492362982929021,31.895777178796045,1,0,,0.0,16.666666666666675,1.346196993493381,괴산군,문광면,"('괴산군', '문광면')","('괴산군', '문광면')",문광면,4469.3,33257.9,6750.7,670.2,5435.3,3460.0,903.9,1.0,1.0,2.0,4.0,2.0,3.0,5.0,5.0,2.0,5.0,6.0,16.0,30956.5,3757.8,괴산군,문광면,"('괴산군', '문광면')"
문광면,4376035000,문광면,괴산군,2021,2246.0,261.0,100.0,882.0,104.0,11.6206589492431,4.452359750667854,39.26981300089047,4.630454140694568,7.716906135298388,0.6723442402509994,-11.525423728813555,47.0,2231.0,2238.5,2.099620281438463,0.0,1.0,1.0,0.0,71.0,355.707,17.0,13.0,1.0,2.0,47.0,208.0,621.0,151.0,27.64915405164737,24.31561996779388,0.0,0.4452359750667853,0.4452359750667853,0.0,7.569011576135352,0.4452359750667853,31.611754229741766,1,0,,0.0,21.42857142857142,-0.1802613789995493,괴산군,문광면,"('괴산군', '문광면')","('괴산군', '문광면')",문광면,4469.3,33257.9,6750.7,670.2,5435.3,3460.0,903.9,1.0,1.0,2.0,4.0,2.0,3.0,5.0,5.0,2.0,5.0,6.0,16.0,30956.5,3757.8,괴산군,문광면,"('괴산군', '문광면')"
문광면,4376035000,문광면,괴산군,2022,2192.0,234.0,101.0,921.0,92.0,10.675182481751824,4.607664233576642,42.01642335766424,4.197080291970803,7.692569648067906,-2.40427426536064,-10.344827586206897,-4.0,2246.0,2219.0,-0.1802613789995493,0.0,1.0,1.0,0.0,71.0,355.707,19.0,14.0,1.0,1.0,49.0,198.0,567.0,147.0,25.86678832116788,25.925925925925924,0.0,0.4562043795620438,0.4562043795620438,0.0,8.667883211678832,0.4562043795620438,32.39051094890512,1,0,,0.0,11.764705882352944,0.9168003667201466,괴산군,문광면,"('괴산군', '문광면')","('괴산군', '문광면')",문광면,4469.3,33257.9,6750.7,670.2,5435.3,3460.0,903.9,1.0,1.0,2.0,4.0,2.0,3.0,5.0,5.0,2.0,5.0,6.0,16.0,30956.5,3757.8,괴산군,문광면,"('괴산군', '문광면')"
문광면,4376035000,문광면,괴산군,2023,2171.0,221.0,91.0,947.0,89.0,10.179640718562874,4.191616766467066,43.620451404882544,4.099493321050208,7.682943169878292,-0.95802919708029,-5.555555555555558,20.0,2192.0,2181.5,0.9168003667201466,0.0,1.0,1.0,0.0,71.0,355.707,16.0,12.0,2.0,0.0,44.0,229.0,653.0,158.0,30.07830492860433,24.19601837672281,0.0,0.4606172270842929,0.4606172270842929,0.0,7.369875633348687,0.9212344541685858,32.7038231229848,1,0,,0.0,-15.789473684210533,1.1568718186024989,괴산군,문광면,"('괴산군', '문광면')","('괴산군', '문광면')",문광면,4469.3,33257.9,6750.7,670.2,5435.3,3460.0,903.9,1.0,1.0,2.0,4.0,2.0,3.0,5.0,5.0,2.0,5.0,6.0,16.0,30956.5,3757.8,괴산군,문광면,"('괴산군', '문광면')"
문광면,4376035000,문광면,괴산군,2024,2151.0,207.0,85.0,948.0,82.0,9.623430962343097,3.9516503951650392,44.07252440725244,3.812180381218038,7.67368812926773,-0.9212344541685846,-6.334841628959276,25.0,2171.0,2161.0,1.1568718186024989,0.0,1.0,1.0,0.0,71.0,355.707,16.0,16.0,2.0,1.0,52.0,263.0,669.0,172.0,31.101813110181308,25.710014947683103,0.0,0.4649000464900046,0.4649000464900046,0.0,7.438400743840074,0.9298000929800092,33.007903300790325,1,0,,0.0,0.0,7.444168734491314,괴산군,문광면,"('괴산군', '문광면')","('괴산군', '문광면')",문광면,4469.3,33257.9,6750.7,670.2,5435.3,3460.0,903.9,1.0,1.0,2.0,4.0,2.0,3.0,5.0,5.0,2.0,5.0,6.0,16.0,30956.5,3757.8,괴산군,문광면,"('괴산군', '문광면')"
문백면,4375033000,문백면,진천군,2017,3795.0,675.0,265.0,1068.0,275.0,17.786561264822133,6.982872200263504,28.14229249011857,7.246376811594203,8.24143968982973,0.556438791732905,0.2971768202080227,49.0,3774.0,3784.5,1.2947549213898797,3.0,2.0,3.0,0.0,79.0,475.77,36.0,40.0,1.0,1.0,110.0,410.0,5765.0,3487.0,151.91040843214756,60.48568950563747,0.7905138339920948,0.5270092226613966,0.7905138339920948,0.0,9.48616600790514,0.2635046113306983,20.816864295125164,1,0,0.0,0.0,12.5,-1.1990407673860912,진천군,문백면,"('진천군', '문백면')","('진천군', '문백면')",문백면,4033.6,17368.7,3469.9,798.2,4768.6,2259.4,660.3,0.0,0.0,1.0,6.0,0.0,0.0,2.0,11.0,0.0,1.0,7.0,34.0,10202.8,154.4,진천군,문백면,"('진천군', '문백면')"
문백면,4375033000,문백면,진천군,2018,3711.0,642.0,233.0,1097.0,260.0,17.299919159256266,6.278631096739423,29.560765292374025,7.006197790353004,8.219056661060598,-2.213438735177864,-4.888888888888888,-45.0,3795.0,3753.0,-1.1990407673860912,3.0,2.0,3.0,0.0,79.0,475.77,41.0,46.0,1.0,1.0,124.0,416.0,5969.0,3426.0,160.84613311775803,57.39654883565086,0.8084074373484236,0.5389382915656158,0.8084074373484236,0.0,11.048234977095122,0.2694691457828079,21.288062516841823,1,0,0.0,0.0,13.888888888888884,-2.1012416427889207,진천군,문백면,"('진천군', '문백면')","('진천군', '문백면')",문백면,4033.6,17368.7,3469.9,798.2,4768.6,2259.4,660.3,0.0,0.0,1.0,6.0,0.0,0.0,2.0,11.0,0.0,1.0,7.0,34.0,10202.8,154.4,진천군,문백면,"('진천군', '문백면')"
문백면,4375033000,문백면,진천군,2019,3618.0,579.0,211.0,1139.0,241.0,16.003316749585405,5.831951354339414,31.48148148148148,6.66113875069099,8.193676665955241,-2.5060630557801167,-9.813084112149529,-77.0,3711.0,3664.5,-2.1012416427889207,3.0,1.0,3.0,0.0,79.0,475.77,46.0,50.0,1.0,1.0,132.0,436.0,6336.0,3429.0,175.12437810945275,54.11931818181818,0.8291873963515755,0.2763957987838584,0.8291873963515755,0.0,12.71420674405749,0.2763957987838584,21.83526810392482,1,0,0.0,-50.0,12.195121951219525,-1.1481377765331842,진천군,문백면,"('진천군', '문백면')","('진천군', '문백면')",문백면,4033.6,17368.7,3469.9,798.2,4768.6,2259.4,660.3,0.0,0.0,1.0,6.0,0.0,0.0,2.0,11.0,0.0,1.0,7.0,34.0,10202.8,154.4,진천군,문백면,"('진천군', '문백면')"
문백면,4375033000,문백면,진천군,2021,3469.0,477.0,178.0,1208.0,181.0,13.750360334390312,5.131161718074373,34.82271547996541,5.217641971749784,8.15162164696975,-1.560726447219074,-11.00746268656716,-5.0,3524.0,3496.5,-0.143000143000143,3.0,1.0,3.0,0.0,79.0,475.77,48.0,57.0,0.0,1.0,153.0,1631.0,6170.0,3460.0,177.86105505909484,56.07779578606159,0.8648025367541078,0.2882675122513692,0.8648025367541078,0.0,13.836840588065725,0.0,22.773133467858173,1,0,0.0,0.0,14.28571428571428,-0.3773584905660377,진천군,문백면,"('진천군', '문백면')","('진천군', '문백면')",문백면,4033.6,17368.7,3469.9,798.2,4768.6,2259.4,660.3,0.0,0.0,1.0,6.0,0.0,0.0,2.0,11.0,0.0,1.0,7.0,34.0,10202.8,154.4,진천군,문백면,"('진천군', '문백면')"
문백면,4375033000,문백면,진천군,2022,3421.0,438.0,163.0,1274.0,155.0,12.803273896521484,4.7646886875182695,37.24057293189126,4.53083893598363,8.137688184977605,-1.383684058806578,-8.176100628930815,-13.0,3469.0,3445.0,-0.3773584905660377,3.0,1.0,3.0,0.0,79.0,475.77,47.0,56.0,1.0,1.0,153.0,1700.0,6400.0,3518.0,187.0798012277112,54.96875,0.8769365682548962,0.2923121894182987,0.8769365682548962,0.0,13.73867290266004,0.2923121894182987,23.0926629640456,1,0,0.0,0.0,-2.083333333333337,1.5789473684210529,진천군,문백면,"('진천군', '문백면')","('진천군', '문백면')",문백면,4033.6,17368.7,3469.9,798.2,4768.6,2259.4,660.3,0.0,0.0,1.0,6.0,0.0,0.0,2.0,11.0,0.0,1.0,7.0,34.0,10202.8,154.4,진천군,문백면,"('진천군', '문백면')"
문백면,4375033000,문백면,진천군,2023,3419.0,422.0,152.0,1330.0,165.0,12.34279028955835,4.445744369698742,38.900263234864,4.825972506580872,8.137103389639302,-0.0584624378836551,-3.65296803652968,54.0,3421.0,3420.0,1.5789473684210529,3.0,1.0,3.0,0.0,79.0,475.77,42.0,54.0,1.0,0.0,146.0,1732.0,6370.0,3515.0,186.31178707224333,55.18053375196232,0.8774495466510677,0.2924831822170225,0.8774495466510677,0.0,12.284293653114949,0.2924831822170225,23.106171395144777,1,0,0.0,0.0,-10.63829787234043,-0.6812796208530806,진천군,문백면,"('진천군', '문백면')","('진천군', '문백면')",문백면,4033.6,17368.7,3469.9,798.2,4768.6,2259.4,660.3,0.0,0.0,1.0,6.0,0.0,0.0,2.0,11.0,0.0,1.0,7.0,34.0,10202.8,154.4,진천군,문백면,"('진천군', '문백면')"
문백면,4375033000,문백면,진천군,2024,3333.0,401.0,141.0,1379.0,157.0,12.031203120312032,4.23042304230423,41.37413741374137,4.71047104710471,8.11162807830774,-2.5153553670663964,-4.976303317535546,-23.0,3419.0,3376.0,-0.6812796208530806,2.0,1.0,4.0,0.0,79.0,475.77,43.0,55.0,2.0,1.0,148.0,1787.0,6464.0,3448.0,193.939393939394,53.34158415841584,0.6000600060006002,0.3000300030003001,1.2001200120012003,0.0,12.9012901290129,0.6000600060006002,23.7023702370237,1,0,-33.333333333333336,0.0,2.3809523809523725,6.686217008797654,진천군,문백면,"('진천군', '문백면')","('진천군', '문백면')",문백면,4033.6,17368.7,3469.9,798.2,4768.6,2259.4,660.3,0.0,0.0,1.0,6.0,0.0,0.0,2.0,11.0,0.0,1.0,7.0,34.0,10202.8,154.4,진천군,문백면,"('진천군', '문백면')"
문의면,4311135000,문의면,청주시,2017,4446.0,736.0,260.0,1455.0,304.0,16.55420602789024,5.847953216374268,32.72604588394062,6.837606837606838,8.399760094524142,-2.946954813359526,-7.9999999999999964,-83.0,4581.0,4513.5,-1.8389276614600645,1.0,0.0,3.0,1.0,51.0,590.721,48.0,72.0,2.0,0.0,154.0,279.0,1218.0,263.0,27.39541160593792,21.592775041050903,0.2249212775528565,0.0,0.6747638326585694,0.2249212775528565,10.79622132253711,0.449842555105713,11.470985155195685,0,1,0.0,,4.347826086956519,-1.7319963536918872,청주시,문의면,"('청주시', '문의면')","('청주시', '문의면')",문의면,7330.7,13917.6,7315.2,1908.8,4747.5,2887.3,837.4,0.0,0.0,0.0,47.0,0.0,1.0,1.0,27.0,2.0,2.0,3.0,108.0,9772.1,2011.7,청주시,문의면,"('청주시', '문의면')"
문의면,4311135000,문의면,청주시,2018,4330.0,677.0,251.0,1474.0,274.0,15.635103926096996,5.796766743648961,34.04157043879907,6.327944572748267,8.373322820996535,-2.609086819613138,-8.016304347826086,-76.0,4446.0,4388.0,-1.7319963536918872,1.0,0.0,3.0,1.0,51.0,590.721,52.0,75.0,3.0,0.0,167.0,284.0,1192.0,240.0,27.528868360277137,20.13422818791946,0.2309468822170901,0.0,0.6928406466512702,0.2309468822170901,12.009237875288685,0.6928406466512702,11.778290993071591,0,1,0.0,,8.333333333333325,-1.7124091015716632,청주시,문의면,"('청주시', '문의면')","('청주시', '문의면')",문의면,7330.7,13917.6,7315.2,1908.8,4747.5,2887.3,837.4,0.0,0.0,0.0,47.0,0.0,1.0,1.0,27.0,2.0,2.0,3.0,108.0,9772.1,2011.7,청주시,문의면,"('청주시', '문의면')"
문의면,4311135000,문의면,청주시,2019,4196.0,623.0,215.0,1494.0,248.0,14.84747378455672,5.123927550047664,35.60533841754052,5.910390848427073,8.341886969516187,-3.094688221709008,-7.976366322008865,-73.0,4330.0,4263.0,-1.7124091015716632,1.0,0.0,3.0,1.0,51.0,590.721,51.0,83.0,5.0,0.0,179.0,282.0,1178.0,225.0,28.0743565300286,19.10016977928693,0.2383222116301239,0.0,0.7149666348903717,0.2383222116301239,12.15443279313632,1.1916110581506196,12.15443279313632,0,1,0.0,,-1.923076923076928,-2.945472249269718,청주시,문의면,"('청주시', '문의면')","('청주시', '문의면')",문의면,7330.7,13917.6,7315.2,1908.8,4747.5,2887.3,837.4,0.0,0.0,0.0,47.0,0.0,1.0,1.0,27.0,2.0,2.0,3.0,108.0,9772.1,2011.7,청주시,문의면,"('청주시', '문의면')"
문의면,4311135000,문의면,청주시,2021,3891.0,494.0,150.0,1539.0,204.0,12.695965047545618,3.855050115651504,39.55281418658442,5.242868157286044,8.266421472984554,-3.208955223880594,-9.023941068139962,-47.0,4020.0,3955.5,-1.1882189356592088,1.0,0.0,3.0,1.0,51.0,590.721,62.0,85.0,6.0,0.0,193.0,415.0,1565.0,256.0,40.22102287329735,16.357827476038338,0.2570033410434336,0.0,0.7710100231303006,0.2570033410434336,15.934207144692882,1.5420200462606013,13.10717039321511,0,1,0.0,,14.814814814814811,-0.7311659485572529,청주시,문의면,"('청주시', '문의면')","('청주시', '문의면')",문의면,7330.7,13917.6,7315.2,1908.8,4747.5,2887.3,837.4,0.0,0.0,0.0,47.0,0.0,1.0,1.0,27.0,2.0,2.0,3.0,108.0,9772.1,2011.7,청주시,문의면,"('청주시', '문의면')"
문의면,4311135000,문의면,청주시,2022,3768.0,462.0,130.0,1559.0,187.0,12.261146496815286,3.4501061571125264,41.37473460721869,4.962845010615712,8.234299635696253,-3.16114109483423,-6.477732793522262,-28.0,3891.0,3829.5,-0.7311659485572529,1.0,0.0,3.0,1.0,51.0,590.721,69.0,78.0,7.0,0.0,195.0,431.0,1539.0,271.0,40.84394904458598,17.60883690708252,0.2653927813163482,0.0,0.7961783439490446,0.2653927813163482,18.312101910828027,1.8577494692144376,13.53503184713376,0,1,0.0,,11.290322580645151,-1.4274171828709938,청주시,문의면,"('청주시', '문의면')","('청주시', '문의면')",문의면,7330.7,13917.6,7315.2,1908.8,4747.5,2887.3,837.4,0.0,0.0,0.0,47.0,0.0,1.0,1.0,27.0,2.0,2.0,3.0,108.0,9772.1,2011.7,청주시,문의면,"('청주시', '문의면')"
문의면,4311135000,문의면,청주시,2023,3658.0,414.0,124.0,1581.0,165.0,11.31765992345544,3.389830508474576,43.22033898305085,4.510661563696009,8.204671828950811,-2.919320594479835,-10.389610389610391,-53.0,3768.0,3713.0,-1.4274171828709938,1.0,0.0,3.0,1.0,51.0,590.721,56.0,81.0,6.0,0.0,186.0,461.0,1579.0,294.0,43.16566429743029,18.61937935402153,0.2733734281027883,0.0,0.8201202843083653,0.2733734281027883,15.30891197375615,1.6402405686167305,13.942044833242209,0,1,0.0,,-18.84057971014492,-0.4693539480949751,청주시,문의면,"('청주시', '문의면')","('청주시', '문의면')",문의면,7330.7,13917.6,7315.2,1908.8,4747.5,2887.3,837.4,0.0,0.0,0.0,47.0,0.0,1.0,1.0,27.0,2.0,2.0,3.0,108.0,9772.1,2011.7,청주시,문의면,"('청주시', '문의면')"
문의면,4311135000,문의면,청주시,2024,3586.0,387.0,113.0,1635.0,160.0,10.79196876742889,3.151143335192415,45.59397657557167,4.461795872838818,8.184792654165078,-1.9682886823400805,-6.521739130434778,-17.0,3658.0,3622.0,-0.4693539480949751,1.0,0.0,3.0,1.0,51.0,590.721,64.0,80.0,9.0,0.0,198.0,488.0,1502.0,263.0,41.885108756274406,17.509986684420774,0.2788622420524261,0.0,0.8365867261572784,0.2788622420524261,17.84718349135527,2.509760178471834,14.22197434467373,0,1,0.0,,14.28571428571428,-0.4234297812279464,청주시,문의면,"('청주시', '문의면')","('청주시', '문의면')",문의면,7330.7,13917.6,7315.2,1908.8,4747.5,2887.3,837.4,0.0,0.0,0.0,47.0,0.0,1.0,1.0,27.0,2.0,2.0,3.0,108.0,9772.1,2011.7,청주시,문의면,"('청주시', '문의면')"
문화동,4313057100,문화동,충주시,2017,10862.0,2431.0,987.0,2385.0,1128.0,22.38077702080648,9.086724360154667,21.957282268458847,10.384827840176763,9.29302573859479,-2.504263531101336,-4.329004329004327,-207.0,11141.0,11001.5,-1.8815616052356496,8.0,4.0,1.0,0.0,25.0,25.962,245.0,189.0,26.0,16.0,683.0,1128.0,4639.0,93.0,42.708525133492905,2.004742401379608,0.7365126127784938,0.3682563063892469,0.0920640765973117,0.0,22.555698766341376,2.393665991530105,2.3016019149327933,1,0,0.0,0.0,10.859728506787336,-4.256724870221803,충주시,문화동,"('충주시', '문화동')","('충주시', '문화동')",문화동,969.4,1766.2,33.5,126.0,814.5,545.2,138.0,1.0,4.0,9.0,13.0,1.0,3.0,10.0,15.0,1.0,3.0,25.0,41.0,1766.2,33.5,충주시,문화동,"('충주시', '문화동')"
문화동,4313057100,문화동,충주시,2018,10328.0,2177.0,895.0,2443.0,971.0,21.078621223857475,8.665762974438419,23.65414407436096,9.401626646010843,9.242613932526478,-4.916221690296451,-10.448375154257503,-451.0,10862.0,10595.0,-4.256724870221803,8.0,4.0,1.0,0.0,25.0,25.962,247.0,192.0,28.0,17.0,699.0,1104.0,4224.0,88.0,40.89852827265685,2.083333333333333,0.7745933384972891,0.3872966692486445,0.0968241673121611,0.0,23.9155693261038,2.711076684740511,2.420604182804028,1,0,0.0,0.0,0.8163265306122547,-4.48679769704189,충주시,문화동,"('충주시', '문화동')","('충주시', '문화동')",문화동,969.4,1766.2,33.5,126.0,814.5,545.2,138.0,1.0,4.0,9.0,13.0,1.0,3.0,10.0,15.0,1.0,3.0,25.0,41.0,1766.2,33.5,충주시,문화동,"('충주시', '문화동')"
문화동,4313057100,문화동,충주시,2019,9820.0,1969.0,743.0,2520.0,882.0,20.05091649694501,7.566191446028513,25.661914460285136,8.981670061099797,9.192176401348512,-4.91866769945778,-9.554432705558105,-452.0,10328.0,10074.0,-4.48679769704189,6.0,4.0,1.0,0.0,25.0,25.962,242.0,195.0,30.0,17.0,714.0,1131.0,4938.0,96.0,50.28513238289206,1.944106925880924,0.6109979633401222,0.4073319755600815,0.1018329938900203,0.0,24.643584521384927,3.05498981670061,2.545824847250509,1,0,-25.0,0.0,-2.0242914979757054,-1.204571193246165,충주시,문화동,"('충주시', '문화동')","('충주시', '문화동')",문화동,969.4,1766.2,33.5,126.0,814.5,545.2,138.0,1.0,4.0,9.0,13.0,1.0,3.0,10.0,15.0,1.0,3.0,25.0,41.0,1766.2,33.5,충주시,문화동,"('충주시', '문화동')"
문화동,4313057100,문화동,충주시,2021,9388.0,1810.0,607.0,2738.0,812.0,19.27993182786536,6.465700894759268,29.16489135066041,8.649339582445675,9.147187556970914,-2.269414948990212,-5.483028720626637,-126.0,9606.0,9497.0,-1.3267347583447404,4.0,4.0,1.0,0.0,25.0,25.962,252.0,201.0,30.0,19.0,751.0,1359.0,4597.0,105.0,48.966766084363016,2.2840983249945617,0.4260758414997869,0.4260758414997869,0.1065189603749467,0.0,26.84277801448658,3.1955688112484024,2.662974009373668,1,0,-33.333333333333336,0.0,2.857142857142847,-0.429576330344198,충주시,문화동,"('충주시', '문화동')","('충주시', '문화동')",문화동,969.4,1766.2,33.5,126.0,814.5,545.2,138.0,1.0,4.0,9.0,13.0,1.0,3.0,10.0,15.0,1.0,3.0,25.0,41.0,1766.2,33.5,충주시,문화동,"('충주시', '문화동')"
문화동,4313057100,문화동,충주시,2022,9235.0,1673.0,573.0,2844.0,725.0,18.11586356253384,6.204656199242014,30.7958852192745,7.850568489442339,9.13075589263334,-1.6297400937366868,-7.569060773480663,-40.0,9388.0,9311.5,-0.429576330344198,3.0,4.0,1.0,0.0,25.0,25.962,254.0,194.0,32.0,19.0,743.0,1349.0,5098.0,112.0,55.20303194369247,2.196939976461357,0.3248511099079588,0.4331348132106117,0.1082837033026529,0.0,27.50406063887385,3.465078505684894,2.707092582566324,1,0,-25.0,0.0,0.7936507936507908,-1.45993413830955,충주시,문화동,"('충주시', '문화동')","('충주시', '문화동')",문화동,969.4,1766.2,33.5,126.0,814.5,545.2,138.0,1.0,4.0,9.0,13.0,1.0,3.0,10.0,15.0,1.0,3.0,25.0,41.0,1766.2,33.5,충주시,문화동,"('충주시', '문화동')"
문화동,4313057100,문화동,충주시,2023,8985.0,1554.0,516.0,2958.0,690.0,17.295492487479134,5.742904841402337,32.92153589315526,7.6794657762938225,9.10331179921766,-2.7070925825663283,-7.1129707112970735,-133.0,9235.0,9110.0,-1.45993413830955,1.0,4.0,1.0,0.0,25.0,25.962,245.0,173.0,7.0,5.0,666.0,1362.0,5112.0,101.0,56.89482470784641,1.9757433489827856,0.1112966054535336,0.4451864218141346,0.1112966054535336,0.0,27.267668336115747,0.7790762381747357,2.7824151363383414,1,0,-66.66666666666667,0.0,-3.543307086614178,-0.9347373162903316,충주시,문화동,"('충주시', '문화동')","('충주시', '문화동')",문화동,969.4,1766.2,33.5,126.0,814.5,545.2,138.0,1.0,4.0,9.0,13.0,1.0,3.0,10.0,15.0,1.0,3.0,25.0,41.0,1766.2,33.5,충주시,문화동,"('충주시', '문화동')"
문화동,4313057100,문화동,충주시,2024,8774.0,1520.0,474.0,3026.0,691.0,17.323911556872577,5.402325051287896,34.488260770458176,7.875541372236153,9.07954808172616,-2.348358375069559,-2.187902187902191,-83.0,8985.0,8879.5,-0.9347373162903316,1.0,4.0,1.0,0.0,25.0,25.962,222.0,172.0,9.0,8.0,650.0,1281.0,5070.0,95.0,57.78436289035788,1.8737672583826428,0.1139731023478459,0.4558924093913836,0.1139731023478459,0.0,25.302028721221788,1.0257579211306131,2.849327558696148,1,0,0.0,0.0,-9.387755102040815,-1.82680078621806,충주시,문화동,"('충주시', '문화동')","('충주시', '문화동')",문화동,969.4,1766.2,33.5,126.0,814.5,545.2,138.0,1.0,4.0,9.0,13.0,1.0,3.0,10.0,15.0,1.0,3.0,25.0,41.0,1766.2,33.5,충주시,문화동,"('충주시', '문화동')"
미원면,4311132000,미원면,청주시,2017,5330.0,759.0,267.0,1859.0,288.0,14.240150093808632,5.0093808630394,34.8780487804878,5.403377110694184,8.58110651715989,-1.2780144471198351,-6.180469715698389,-10.0,5399.0,5364.5,-0.1864106626899058,2.0,0.0,4.0,1.0,46.0,1089.988,68.0,80.0,6.0,1.0,221.0,415.0,1666.0,216.0,31.25703564727955,12.965186074429772,0.375234521575985,0.0,0.75046904315197,0.1876172607879925,12.75797373358349,1.125703564727955,8.630393996247657,0,1,0.0,,6.25,0.0188857412653446,청주시,미원면,"('청주시', '미원면')","('청주시', '미원면')",미원면,10591.6,19219.6,15923.3,2255.5,5537.4,3588.9,1026.2,0.0,0.0,0.0,2.0,1.0,1.0,1.0,2.0,2.0,3.0,4.0,11.0,13779.7,6375.9,청주시,미원면,"('청주시', '미원면')"
미원면,4311132000,미원면,청주시,2018,5260.0,708.0,251.0,1913.0,278.0,13.460076045627376,4.771863117870723,36.368821292775664,5.285171102661597,8.567886305731756,-1.3133208255159512,-6.719367588932801,1.0,5330.0,5295.0,0.0188857412653446,2.0,0.0,4.0,1.0,46.0,1089.988,76.0,85.0,7.0,1.0,239.0,449.0,1680.0,242.0,31.93916349809886,14.404761904761903,0.3802281368821292,0.0,0.7604562737642585,0.1901140684410646,14.44866920152091,1.3307984790874523,8.745247148288973,0,1,0.0,,11.764705882352944,-0.9989434252233216,청주시,미원면,"('청주시', '미원면')","('청주시', '미원면')",미원면,10591.6,19219.6,15923.3,2255.5,5537.4,3588.9,1026.2,0.0,0.0,0.0,2.0,1.0,1.0,1.0,2.0,2.0,3.0,4.0,11.0,13779.7,6375.9,청주시,미원면,"('청주시', '미원면')"
미원면,4311132000,미원면,청주시,2019,5151.0,664.0,205.0,1998.0,263.0,12.890700834789362,3.97980974568045,38.78858474082703,5.10580469811687,8.546946149565585,-2.072243346007608,-6.214689265536721,-52.0,5260.0,5205.5,-0.9989434252233216,2.0,0.0,4.0,1.0,46.0,1089.988,80.0,88.0,7.0,1.0,259.0,453.0,1748.0,250.0,33.935158221704526,14.302059496567509,0.3882741215298,0.0,0.7765482430596,0.1941370607649,15.530964861192,1.3589594253543,8.9303047951854,0,1,0.0,,5.263157894736836,-0.90364404282487,청주시,미원면,"('청주시', '미원면')","('청주시', '미원면')",미원면,10591.6,19219.6,15923.3,2255.5,5537.4,3588.9,1026.2,0.0,0.0,0.0,2.0,1.0,1.0,1.0,2.0,2.0,3.0,4.0,11.0,13779.7,6375.9,청주시,미원면,"('청주시', '미원면')"
미원면,4311132000,미원면,청주시,2021,4898.0,587.0,168.0,2084.0,230.0,11.984483462637812,3.429971416904859,42.547978766843606,4.695794201714986,8.496582237512113,-2.624254473161036,-3.612479474548436,-5.0,5030.0,4964.0,-0.1007252215954875,1.0,0.0,4.0,1.0,46.0,1089.988,79.0,95.0,6.0,2.0,278.0,826.0,2289.0,251.0,46.73336055532871,10.965487112276104,0.2041649652919558,0.0,0.8166598611678235,0.2041649652919558,16.129032258064516,1.2249897917517356,9.39158840342997,0,1,-50.0,,2.5974025974025983,-0.7254637786299099,청주시,미원면,"('청주시', '미원면')","('청주시', '미원면')",미원면,10591.6,19219.6,15923.3,2255.5,5537.4,3588.9,1026.2,0.0,0.0,0.0,2.0,1.0,1.0,1.0,2.0,2.0,3.0,4.0,11.0,13779.7,6375.9,청주시,미원면,"('청주시', '미원면')"
미원면,4311132000,미원면,청주시,2022,4751.0,515.0,146.0,2129.0,204.0,10.839823195116818,3.0730372553146705,44.81161860660913,4.293832877288992,8.46611040118692,-3.001224989791751,-12.265758091993185,-35.0,4898.0,4824.5,-0.7254637786299099,1.0,0.0,4.0,1.0,46.0,1089.988,76.0,99.0,6.0,1.0,292.0,861.0,2276.0,266.0,47.90570406230268,11.687170474516696,0.210482003788676,0.0,0.8419280151547043,0.210482003788676,15.99663228793938,1.2628920227320564,9.6821721742791,0,1,0.0,,-3.797468354430378,0.9115963536145856,청주시,미원면,"('청주시', '미원면')","('청주시', '미원면')",미원면,10591.6,19219.6,15923.3,2255.5,5537.4,3588.9,1026.2,0.0,0.0,0.0,2.0,1.0,1.0,1.0,2.0,2.0,3.0,4.0,11.0,13779.7,6375.9,청주시,미원면,"('청주시', '미원면')"
미원면,4311132000,미원면,청주시,2023,4683.0,476.0,149.0,2185.0,187.0,10.1644245142003,3.18172111894085,46.65812513346146,3.993166773435832,8.451694209183541,-1.4312776257629944,-7.572815533980581,43.0,4751.0,4717.0,0.9115963536145856,1.0,0.0,4.0,1.0,46.0,1089.988,79.0,98.0,6.0,0.0,299.0,899.0,2270.0,265.0,48.47320093956865,11.674008810572689,0.2135383301302583,0.0,0.8541533205210334,0.2135383301302583,16.86952808029041,1.2812299807815504,9.822763185991883,0,1,0.0,,3.9473684210526327,-0.5404236921746649,청주시,미원면,"('청주시', '미원면')","('청주시', '미원면')",미원면,10591.6,19219.6,15923.3,2255.5,5537.4,3588.9,1026.2,0.0,0.0,0.0,2.0,1.0,1.0,1.0,2.0,2.0,3.0,4.0,11.0,13779.7,6375.9,청주시,미원면,"('청주시', '미원면')"
미원면,4311132000,미원면,청주시,2024,4569.0,458.0,135.0,2242.0,177.0,10.02407528999781,2.954694681549573,49.069818340993656,3.873933026920552,8.427049641563272,-2.434336963484951,-3.781512605042016,-25.0,4683.0,4626.0,-0.5404236921746649,1.0,0.0,4.0,1.0,46.0,1089.988,81.0,99.0,7.0,0.0,302.0,994.0,2461.0,293.0,53.86298971328518,11.905729378301505,0.2188662727073758,0.0,0.8754650908295032,0.2188662727073758,17.72816808929744,1.5320639089516306,10.067848544539286,0,1,0.0,,2.5316455696202445,0.1324795760653566,청주시,미원면,"('청주시', '미원면')","('청주시', '미원면')",미원면,10591.6,19219.6,15923.3,2255.5,5537.4,3588.9,1026.2,0.0,0.0,0.0,2.0,1.0,1.0,1.0,2.0,2.0,3.0,4.0,11.0,13779.7,6375.9,청주시,미원면,"('청주시', '미원면')"
백곡면,4375034000,백곡면,진천군,2017,2181.0,309.0,125.0,802.0,130.0,14.167812929848694,5.731315910132966,36.77212287941311,5.960568546538285,7.687538766201629,0.183739090491497,-8.308605341246288,28.0,2177.0,2179.0,1.2849931161083066,0.0,0.0,1.0,0.0,86.0,464.237,12.0,24.0,3.0,0.0,55.0,98.0,628.0,121.0,28.79413113250802,19.26751592356688,0.0,0.0,0.4585052728106373,0.0,5.502063273727647,1.3755158184319118,39.43145346171481,1,1,,,-7.692307692307687,-0.7402266944251678,진천군,백곡면,"('진천군', '백곡면')","('진천군', '백곡면')",백곡면,11922.3,28776.6,10804.0,848.4,9032.3,4380.0,1016.2,0.0,0.0,0.0,3.0,0.0,0.0,2.0,7.0,1.0,1.0,1.0,16.0,20396.0,5455.5,진천군,백곡면,"('진천군', '백곡면')"
백곡면,4375034000,백곡면,진천군,2018,2142.0,274.0,112.0,828.0,125.0,12.791783380018671,5.228758169934641,38.655462184873954,5.835667600373482,7.669495251007694,-1.7881705639614889,-11.326860841423947,-16.0,2181.0,2161.5,-0.7402266944251678,0.0,0.0,1.0,0.0,86.0,464.237,12.0,24.0,3.0,0.0,57.0,108.0,645.0,87.0,30.11204481792717,13.488372093023257,0.0,0.0,0.4668534080298786,0.0,5.602240896358543,1.4005602240896358,40.14939309056956,1,1,,,0.0,-1.2293144208037825,진천군,백곡면,"('진천군', '백곡면')","('진천군', '백곡면')",백곡면,11922.3,28776.6,10804.0,848.4,9032.3,4380.0,1016.2,0.0,0.0,0.0,3.0,0.0,0.0,2.0,7.0,1.0,1.0,1.0,16.0,20396.0,5455.5,진천군,백곡면,"('진천군', '백곡면')"
백곡면,4375034000,백곡면,진천군,2019,2088.0,240.0,97.0,837.0,103.0,11.494252873563218,4.645593869731801,40.08620689655172,4.932950191570881,7.643961949002529,-2.5210084033613467,-12.408759124087588,-26.0,2142.0,2115.0,-1.2293144208037825,0.0,0.0,1.0,0.0,86.0,464.237,14.0,24.0,2.0,0.0,60.0,120.0,680.0,98.0,32.56704980842912,14.411764705882351,0.0,0.0,0.478927203065134,0.0,6.704980842911877,0.957854406130268,41.18773946360153,1,1,,,16.666666666666675,0.815347721822542,진천군,백곡면,"('진천군', '백곡면')","('진천군', '백곡면')",백곡면,11922.3,28776.6,10804.0,848.4,9032.3,4380.0,1016.2,0.0,0.0,0.0,3.0,0.0,0.0,2.0,7.0,1.0,1.0,1.0,16.0,20396.0,5455.5,진천군,백곡면,"('진천군', '백곡면')"
백곡면,4375034000,백곡면,진천군,2021,2082.0,203.0,83.0,920.0,81.0,9.750240153698368,3.9865513928914496,44.18828049951969,3.890489913544669,7.641084249174914,0.0,-8.144796380090503,41.0,2082.0,2082.0,1.9692603266090296,0.0,0.0,1.0,0.0,86.0,464.237,17.0,24.0,0.0,0.0,62.0,193.0,891.0,100.0,42.79538904899135,11.22334455667789,0.0,0.0,0.4803073967339097,0.0,8.165225744476466,0.0,41.30643611911624,1,1,,,6.25,0.7727602028495533,진천군,백곡면,"('진천군', '백곡면')","('진천군', '백곡면')",백곡면,11922.3,28776.6,10804.0,848.4,9032.3,4380.0,1016.2,0.0,0.0,0.0,3.0,0.0,0.0,2.0,7.0,1.0,1.0,1.0,16.0,20396.0,5455.5,진천군,백곡면,"('진천군', '백곡면')"
백곡면,4375034000,백곡면,진천군,2022,2059.0,185.0,68.0,947.0,78.0,8.984944147644487,3.3025740650801363,45.993200582807184,3.788246721709568,7.629975707027789,-1.1047070124879932,-8.866995073891626,16.0,2082.0,2070.5,0.7727602028495533,0.0,0.0,1.0,0.0,86.0,464.237,18.0,27.0,0.0,0.0,68.0,183.0,989.0,140.0,48.0330257406508,14.155712841253791,0.0,0.0,0.4856726566294317,0.0,8.742107819329771,0.0,41.767848470131135,1,1,,,5.882352941176472,2.377486656962639,진천군,백곡면,"('진천군', '백곡면')","('진천군', '백곡면')",백곡면,11922.3,28776.6,10804.0,848.4,9032.3,4380.0,1016.2,0.0,0.0,0.0,3.0,0.0,0.0,2.0,7.0,1.0,1.0,1.0,16.0,20396.0,5455.5,진천군,백곡면,"('진천군', '백곡면')"
백곡면,4375034000,백곡면,진천군,2023,2063.0,185.0,65.0,988.0,74.0,8.967523024721281,3.1507513330101795,47.891420261754725,3.587009209888512,7.631916513071252,0.194269062651764,0.0,49.0,2059.0,2061.0,2.377486656962639,0.0,0.0,1.0,0.0,86.0,464.237,20.0,26.0,0.0,0.0,70.0,220.0,1691.0,148.0,81.9680077556956,8.752217622708457,0.0,0.0,0.4847309743092584,0.0,9.694619486185166,0.0,41.68686379059622,1,1,,,11.111111111111116,0.6806028196402528,진천군,백곡면,"('진천군', '백곡면')","('진천군', '백곡면')",백곡면,11922.3,28776.6,10804.0,848.4,9032.3,4380.0,1016.2,0.0,0.0,0.0,3.0,0.0,0.0,2.0,7.0,1.0,1.0,1.0,16.0,20396.0,5455.5,진천군,백곡면,"('진천군', '백곡면')"
백곡면,4375034000,백곡면,진천군,2024,2051.0,167.0,67.0,1030.0,73.0,8.142369575816675,3.266699171136031,50.21940516821063,3.5592393954168697,7.62608275807238,-0.5816771691711131,-9.72972972972973,14.0,2063.0,2057.0,0.6806028196402528,0.0,0.0,1.0,0.0,86.0,464.237,19.0,27.0,0.0,0.0,73.0,229.0,1532.0,127.0,74.69527059970747,8.28981723237598,0.0,0.0,0.4875670404680643,0.0,9.263773768893223,0.0,41.930765480253534,1,1,,,-5.000000000000004,2.770352369380316,진천군,백곡면,"('진천군', '백곡면')","('진천군', '백곡면')",백곡면,11922.3,28776.6,10804.0,848.4,9032.3,4380.0,1016.2,0.0,0.0,0.0,3.0,0.0,0.0,2.0,7.0,1.0,1.0,1.0,16.0,20396.0,5455.5,진천군,백곡면,"('진천군', '백곡면')"
백운면,4315036000,백운면,제천시,2017,3357.0,389.0,181.0,1196.0,165.0,11.587727137324991,5.391718796544534,35.62704795948764,4.915102770330653,8.118802996980035,1.2364294330518666,-3.9506172839506193,81.0,3316.0,3336.5,2.427693690993556,1.0,0.0,3.0,0.0,99.0,742.794,54.0,56.0,4.0,0.0,150.0,278.0,856.0,70.0,25.498957402442656,8.177570093457943,0.2978850163836759,0.0,0.8936550491510277,0.0,16.0857908847185,1.1915400655347037,29.49061662198391,1,1,0.0,,17.391304347826097,1.6632016632016633,제천시,백운면,"('제천시', '백운면')","('제천시', '백운면')",백운면,18146.2,21318.6,17357.7,830.0,13225.0,3036.4,841.4,0.0,0.0,0.0,3.0,0.0,0.0,1.0,7.0,2.0,2.0,5.0,22.0,15436.1,11531.1,제천시,백운면,"('제천시', '백운면')"
백운면,4315036000,백운면,제천시,2018,3377.0,365.0,180.0,1256.0,154.0,10.808409831211137,5.330174711282203,37.19277465205804,4.5602605863192185,8.124743020385568,0.5957700327673621,-6.169665809768643,56.0,3357.0,3367.0,1.6632016632016633,1.0,0.0,3.0,0.0,99.0,742.794,59.0,59.0,5.0,0.0,163.0,279.0,855.0,66.0,25.31832987859047,7.719298245614035,0.2961208172934557,0.0,0.8883624518803672,0.0,17.471128220313886,1.4806040864672787,29.31596091205212,1,1,0.0,,9.259259259259256,0.35698348951361,제천시,백운면,"('제천시', '백운면')","('제천시', '백운면')",백운면,18146.2,21318.6,17357.7,830.0,13225.0,3036.4,841.4,0.0,0.0,0.0,3.0,0.0,0.0,1.0,7.0,2.0,2.0,5.0,22.0,15436.1,11531.1,제천시,백운면,"('제천시', '백운면')"
백운면,4315036000,백운면,제천시,2019,3346.0,343.0,171.0,1311.0,141.0,10.251046025104603,5.1105797967722655,39.18111177525404,4.213986849970114,8.11552088154677,-0.9179745336097112,-6.02739726027397,12.0,3377.0,3361.5,0.35698348951361,1.0,0.0,3.0,0.0,99.0,742.794,64.0,60.0,7.0,0.0,177.0,285.0,859.0,59.0,25.67244471010161,6.868451688009314,0.2988643156007172,0.0,0.8965929468021518,0.0,19.127316198445904,2.092050209205021,29.58756724447101,1,1,0.0,,8.47457627118644,-1.0894235133908308,제천시,백운면,"('제천시', '백운면')","('제천시', '백운면')",백운면,18146.2,21318.6,17357.7,830.0,13225.0,3036.4,841.4,0.0,0.0,0.0,3.0,0.0,0.0,1.0,7.0,2.0,2.0,5.0,22.0,15436.1,11531.1,제천시,백운면,"('제천시', '백운면')"
백운면,4315036000,백운면,제천시,2021,3325.0,295.0,161.0,1451.0,119.0,8.87218045112782,4.842105263157895,43.639097744360896,3.578947368421052,8.109224953089955,1.9000919399325689,1.724137931034475,118.0,3263.0,3294.0,3.5822707953855497,1.0,0.0,3.0,0.0,99.0,742.794,67.0,68.0,7.0,0.0,199.0,431.0,986.0,60.0,29.654135338345867,6.085192697768763,0.3007518796992481,0.0,0.9022556390977444,0.0,20.150375939849624,2.1052631578947367,29.774436090225564,1,1,0.0,,1.5151515151515138,1.0559662090813091,제천시,백운면,"('제천시', '백운면')","('제천시', '백운면')",백운면,18146.2,21318.6,17357.7,830.0,13225.0,3036.4,841.4,0.0,0.0,0.0,3.0,0.0,0.0,1.0,7.0,2.0,2.0,5.0,22.0,15436.1,11531.1,제천시,백운면,"('제천시', '백운면')"
백운면,4315036000,백운면,제천시,2022,3304.0,272.0,151.0,1516.0,110.0,8.232445520581114,4.570217917675545,45.883777239709445,3.3292978208232444,8.102889134640868,-0.6315789473684164,-7.796610169491524,35.0,3325.0,3314.5,1.0559662090813091,1.0,0.0,3.0,0.0,99.0,742.794,67.0,70.0,6.0,1.0,211.0,446.0,1115.0,58.0,33.74697336561744,5.201793721973094,0.3026634382566586,0.0,0.9079903147699758,0.0,20.27845036319613,1.815980629539952,29.9636803874092,1,1,0.0,,0.0,2.4397590361445785,제천시,백운면,"('제천시', '백운면')","('제천시', '백운면')",백운면,18146.2,21318.6,17357.7,830.0,13225.0,3036.4,841.4,0.0,0.0,0.0,3.0,0.0,0.0,1.0,7.0,2.0,2.0,5.0,22.0,15436.1,11531.1,제천시,백운면,"('제천시', '백운면')"
백운면,4315036000,백운면,제천시,2023,3336.0,277.0,138.0,1574.0,108.0,8.30335731414868,4.136690647482014,47.18225419664269,3.237410071942446,8.112527763478637,0.9685230024213176,1.8382352941176403,81.0,3304.0,3320.0,2.4397590361445785,1.0,0.0,3.0,0.0,99.0,742.794,60.0,73.0,6.0,1.0,210.0,469.0,1250.0,61.0,37.47002398081535,4.88,0.2997601918465227,0.0,0.8992805755395684,0.0,17.985611510791365,1.7985611510791368,29.67625899280576,1,1,0.0,,-10.447761194029848,1.383874849578821,제천시,백운면,"('제천시', '백운면')","('제천시', '백운면')",백운면,18146.2,21318.6,17357.7,830.0,13225.0,3036.4,841.4,0.0,0.0,0.0,3.0,0.0,0.0,1.0,7.0,2.0,2.0,5.0,22.0,15436.1,11531.1,제천시,백운면,"('제천시', '백운면')"
백운면,4315036000,백운면,제천시,2024,3312.0,282.0,122.0,1626.0,112.0,8.51449275362319,3.683574879227053,49.094202898550726,3.3816425120772946,8.10530751550515,-0.7194244604316502,1.805054151624552,46.0,3336.0,3324.0,1.383874849578821,1.0,0.0,3.0,0.0,99.0,742.794,63.0,76.0,6.0,1.0,221.0,486.0,1245.0,71.0,37.59057971014493,5.70281124497992,0.3019323671497584,0.0,0.9057971014492754,0.0,19.021739130434785,1.8115942028985508,29.89130434782609,1,1,0.0,,5.000000000000004,0.3944773175542406,제천시,백운면,"('제천시', '백운면')","('제천시', '백운면')",백운면,18146.2,21318.6,17357.7,830.0,13225.0,3036.4,841.4,0.0,0.0,0.0,3.0,0.0,0.0,1.0,7.0,2.0,2.0,5.0,22.0,15436.1,11531.1,제천시,백운면,"('제천시', '백운면')"
보은읍,4372025000,보은읍,보은군,2017,15276.0,3051.0,1793.0,3382.0,1418.0,19.972505891594658,11.737365802566115,22.139303482587064,9.28253469494632,9.634038248345409,-0.1372818199646963,-0.5541069100391094,18.0,15297.0,15286.5,0.1177509567265234,7.0,3.0,8.0,3.0,130.0,612.735,344.0,310.0,26.0,23.0,972.0,1752.0,6673.0,785.0,43.68290128305839,11.763824366851493,0.4582351400890285,0.1963864886095837,0.5236973029588898,0.1963864886095837,22.51898402723226,1.7020162346163916,8.510081173081959,0,0,0.0,0.0,9.206349206349197,-0.5126856842382016,보은군,보은읍,"('보은군', '보은읍')","('보은군', '보은읍')",보은읍,1604.7,1835.5,1920.6,446.0,1588.7,1238.2,456.7,1.0,2.0,3.0,4.0,1.0,3.0,4.0,8.0,1.0,5.0,9.0,21.0,468.1,58.1,보은군,보은읍,"('보은군', '보은읍')"
보은읍,4372025000,보은읍,보은군,2018,15152.0,2982.0,1726.0,3497.0,1384.0,19.680570221752905,11.391235480464625,23.079461457233368,9.134107708553326,9.62588781542586,-0.811730819586276,-2.26155358898722,-78.0,15276.0,15214.0,-0.5126856842382016,7.0,3.0,8.0,3.0,130.0,612.735,352.0,339.0,29.0,23.0,1032.0,1801.0,7141.0,753.0,47.12909186906019,10.544741632824534,0.4619852164730728,0.1979936642027455,0.5279831045406547,0.1979936642027455,23.231256599788807,1.913938753959873,8.57972544878564,0,0,0.0,0.0,2.3255813953488413,-0.6973963868225292,보은군,보은읍,"('보은군', '보은읍')","('보은군', '보은읍')",보은읍,1604.7,1835.5,1920.6,446.0,1588.7,1238.2,456.7,1.0,2.0,3.0,4.0,1.0,3.0,4.0,8.0,1.0,5.0,9.0,21.0,468.1,58.1,보은군,보은읍,"('보은군', '보은읍')"
보은읍,4372025000,보은읍,보은군,2019,14960.0,2838.0,1636.0,3649.0,1335.0,18.97058823529412,10.935828877005347,24.391711229946527,8.92379679144385,9.613135251528467,-1.2671594508975703,-4.828973843058348,-105.0,15152.0,15056.0,-0.6973963868225292,7.0,3.0,8.0,3.0,130.0,612.735,359.0,352.0,34.0,24.0,1067.0,1780.0,7844.0,798.0,52.4331550802139,10.17338092809791,0.4679144385026738,0.2005347593582887,0.5347593582887701,0.2005347593582887,23.99732620320856,2.2727272727272725,8.689839572192513,0,0,0.0,0.0,1.988636363636353,0.5083952103819653,보은군,보은읍,"('보은군', '보은읍')","('보은군', '보은읍')",보은읍,1604.7,1835.5,1920.6,446.0,1588.7,1238.2,456.7,1.0,2.0,3.0,4.0,1.0,3.0,4.0,8.0,1.0,5.0,9.0,21.0,468.1,58.1,보은군,보은읍,"('보은군', '보은읍')"
보은읍,4372025000,보은읍,보은군,2021,14757.0,2548.0,1573.0,3923.0,1177.0,17.266382055973438,10.659348105983602,26.58399403672833,7.975875855526191,9.59947282546345,-1.211674923015127,-6.0125414976023634,-46.0,14938.0,14847.5,-0.3098164674187574,6.0,3.0,8.0,4.0,130.0,612.735,371.0,366.0,46.0,24.0,1124.0,2406.0,8604.0,730.0,58.304533441756455,8.484425848442585,0.4065867046147591,0.2032933523073795,0.5421156061530121,0.271057803076506,25.140611235345936,3.11716473537982,8.809378599986447,0,0,-14.28571428571429,0.0,1.923076923076916,-0.1843003412969283,보은군,보은읍,"('보은군', '보은읍')","('보은군', '보은읍')",보은읍,1604.7,1835.5,1920.6,446.0,1588.7,1238.2,456.7,1.0,2.0,3.0,4.0,1.0,3.0,4.0,8.0,1.0,5.0,9.0,21.0,468.1,58.1,보은군,보은읍,"('보은군', '보은읍')"
보은읍,4372025000,보은읍,보은군,2022,14543.0,2423.0,1494.0,4043.0,1096.0,16.66093653303995,10.27298356597676,27.800316303376192,7.536271745857113,9.58486505717771,-1.4501592464593038,-4.90580847723705,-27.0,14757.0,14650.0,-0.1843003412969283,6.0,3.0,8.0,4.0,130.0,612.735,369.0,377.0,49.0,26.0,1144.0,2370.0,8985.0,750.0,61.782300763253794,8.347245409015025,0.4125696211235646,0.2062848105617823,0.5500928281647528,0.2750464140823764,25.373031699099226,3.3693185725091106,8.939008457677232,0,0,0.0,0.0,-0.5390835579514808,-0.595176303678328,보은군,보은읍,"('보은군', '보은읍')","('보은군', '보은읍')",보은읍,1604.7,1835.5,1920.6,446.0,1588.7,1238.2,456.7,1.0,2.0,3.0,4.0,1.0,3.0,4.0,8.0,1.0,5.0,9.0,21.0,468.1,58.1,보은군,보은읍,"('보은군', '보은읍')"
보은읍,4372025000,보은읍,보은군,2023,14356.0,2311.0,1414.0,4217.0,1037.0,16.097798829757593,9.849540261911397,29.374477570353857,7.2234605739760385,9.571923252267498,-1.2858419858351122,-4.622368964094104,-86.0,14543.0,14449.5,-0.595176303678328,6.0,3.0,8.0,4.0,130.0,612.735,315.0,342.0,28.0,3.0,1003.0,2412.0,9881.0,712.0,68.82836444692116,7.205748406031779,0.4179437169127891,0.2089718584563945,0.5572582892170521,0.278629144608526,21.942045137921426,1.9504040122596824,9.055447199777095,0,0,0.0,0.0,-14.634146341463415,-0.2241602745963363,보은군,보은읍,"('보은군', '보은읍')","('보은군', '보은읍')",보은읍,1604.7,1835.5,1920.6,446.0,1588.7,1238.2,456.7,1.0,2.0,3.0,4.0,1.0,3.0,4.0,8.0,1.0,5.0,9.0,21.0,468.1,58.1,보은군,보은읍,"('보은군', '보은읍')"
보은읍,4372025000,보은읍,보은군,2024,14195.0,2194.0,1335.0,4375.0,984.0,15.456146530468477,9.404719971821065,30.8207115181402,6.932018316308559,9.560645068907071,-1.1214823070493152,-5.062743401125058,-32.0,14356.0,14275.5,-0.2241602745963363,6.0,3.0,8.0,4.0,130.0,612.735,317.0,365.0,33.0,5.0,1042.0,2447.0,10352.0,713.0,72.92708700246565,6.887557959814529,0.4226840436773511,0.2113420218386755,0.563578724903135,0.2817893624515675,22.33180697428672,2.324762240225432,9.158154279675944,0,0,0.0,0.0,0.6349206349206327,0.7121954659239149,보은군,보은읍,"('보은군', '보은읍')","('보은군', '보은읍')",보은읍,1604.7,1835.5,1920.6,446.0,1588.7,1238.2,456.7,1.0,2.0,3.0,4.0,1.0,3.0,4.0,8.0,1.0,5.0,9.0,21.0,468.1,58.1,보은군,보은읍,"('보은군', '보은읍')"
복대1동,4311374100,복대1동,청주시,2017,53514.0,16861.0,10687.0,2958.0,8321.0,31.507642859812385,19.970475015883693,5.527525507343873,15.549202077960908,10.887698580894265,0.0635751682872109,-1.5013436149082793,-451.0,53480.0,53497.0,-0.8430379273604127,64.0,8.0,12.0,2.0,44.0,48.849,622.0,764.0,152.0,61.0,2262.0,3295.0,14496.0,1000.0,27.08823859177038,6.898454746136866,1.1959487236984714,0.1494935904623089,0.2242403856934634,0.0373733976155772,11.623126658444518,2.840378218783869,0.8222147475426991,0,0,1.5873015873015817,0.0,21.01167315175097,-3.692535275375512,청주시,복대1동,"('청주시', '복대1동')","('청주시', '복대1동')",복대1동,600.1,1018.6,76.0,271.9,984.7,435.0,73.1,10.0,16.0,47.0,59.0,2.0,8.0,22.0,34.0,7.0,24.0,94.0,172.0,193.6,18.1,청주시,복대1동,"('청주시', '복대1동')"
복대1동,4311374100,복대1동,청주시,2018,51942.0,16086.0,9987.0,3043.0,7779.0,30.96915790689616,19.22721497054407,5.858457510299949,14.976319741249856,10.857882990443828,-2.937549052584365,-4.596405907122946,-1947.0,53514.0,52728.0,-3.692535275375512,64.0,10.0,12.0,2.0,44.0,48.849,691.0,789.0,176.0,65.0,2438.0,3232.0,14620.0,953.0,28.146779099765123,6.5184678522571815,1.2321435447229605,0.1925224288629625,0.231026914635555,0.0385044857725925,13.30329983443071,3.3883947479881407,0.8470986869970352,0,0,0.0,25.0,11.093247588424424,-1.421443490368995,청주시,복대1동,"('청주시', '복대1동')","('청주시', '복대1동')",복대1동,600.1,1018.6,76.0,271.9,984.7,435.0,73.1,10.0,16.0,47.0,59.0,2.0,8.0,22.0,34.0,7.0,24.0,94.0,172.0,193.6,18.1,청주시,복대1동,"('청주시', '복대1동')"
복대1동,4311374100,복대1동,청주시,2019,51474.0,15984.0,9567.0,3204.0,7616.0,31.052570229630494,18.586082293973657,6.22450169017368,14.795819248552666,10.84883210480102,-0.9010049670786668,-0.6340917568071647,-735.0,51942.0,51708.0,-1.421443490368995,62.0,10.0,12.0,2.0,44.0,48.849,702.0,817.0,197.0,72.0,2542.0,3338.0,15076.0,1217.0,29.288572871741074,8.072433006102415,1.2044915879861675,0.1942728367719625,0.233127404126355,0.0388545673543925,13.637953141391773,3.827174884407662,0.8548004817966353,0,0,-3.125,0.0,1.591895803183796,-0.596678425313159,청주시,복대1동,"('청주시', '복대1동')","('청주시', '복대1동')",복대1동,600.1,1018.6,76.0,271.9,984.7,435.0,73.1,10.0,16.0,47.0,59.0,2.0,8.0,22.0,34.0,7.0,24.0,94.0,172.0,193.6,18.1,청주시,복대1동,"('청주시', '복대1동')"
복대1동,4311374100,복대1동,청주시,2021,50588.0,15383.0,8958.0,3649.0,7254.0,30.408397248359293,17.707756780264095,7.213173084525974,14.339369020321024,10.831469672999868,-1.6352641505765209,-3.591125595387312,-1080.0,51429.0,51008.5,-2.117294176460786,58.0,10.0,12.0,2.0,44.0,48.849,713.0,845.0,245.0,79.0,2683.0,4530.0,15722.0,1378.0,31.07851664426346,8.764788194886147,1.1465169605440029,0.197675338024828,0.2372104056297936,0.0395350676049656,14.09425160117024,4.843045781608287,0.8697714873092433,0,0,-3.3333333333333326,0.0,1.7118402282453538,-1.6052513799791135,청주시,복대1동,"('청주시', '복대1동')","('청주시', '복대1동')",복대1동,600.1,1018.6,76.0,271.9,984.7,435.0,73.1,10.0,16.0,47.0,59.0,2.0,8.0,22.0,34.0,7.0,24.0,94.0,172.0,193.6,18.1,청주시,복대1동,"('청주시', '복대1동')"
복대1동,4311374100,복대1동,청주시,2022,49957.0,14494.0,8483.0,3925.0,6712.0,29.01295113797866,16.980603318854214,7.856756810857338,13.435554576936164,10.818917914398128,-1.2473313829366672,-5.779106806214651,-807.0,50588.0,50272.5,-1.6052513799791135,54.0,8.0,12.0,2.0,44.0,48.849,766.0,865.0,272.0,84.0,2814.0,4479.0,15654.0,1188.0,31.334948055327583,7.589114603296282,1.0809295994555317,0.1601377184378565,0.2402065776567848,0.0400344296094641,15.333186540424766,5.444682426887123,0.880757451408211,0,0,-6.896551724137934,-20.0,7.433380084151464,-0.5129284004047325,청주시,복대1동,"('청주시', '복대1동')","('청주시', '복대1동')",복대1동,600.1,1018.6,76.0,271.9,984.7,435.0,73.1,10.0,16.0,47.0,59.0,2.0,8.0,22.0,34.0,7.0,24.0,94.0,172.0,193.6,18.1,청주시,복대1동,"('청주시', '복대1동')"
복대1동,4311374100,복대1동,청주시,2023,49862.0,14271.0,8282.0,4184.0,6583.0,28.620993943283462,16.60984316714131,8.391159600497373,13.202438730897276,10.817014468587551,-0.1901635406449497,-1.5385676831792483,-256.0,49957.0,49909.5,-0.5129284004047325,48.0,8.0,12.0,2.0,44.0,48.849,708.0,791.0,120.0,36.0,2438.0,4579.0,15043.0,1113.0,30.16926717740965,7.398790134946487,0.962656933135454,0.1604428221892423,0.2406642332838634,0.0401107055473105,14.199189763747944,2.4066423328386346,0.8824355220408326,0,0,-11.111111111111116,0.0,-7.571801566579639,2.138635035990456,청주시,복대1동,"('청주시', '복대1동')","('청주시', '복대1동')",복대1동,600.1,1018.6,76.0,271.9,984.7,435.0,73.1,10.0,16.0,47.0,59.0,2.0,8.0,22.0,34.0,7.0,24.0,94.0,172.0,193.6,18.1,청주시,복대1동,"('청주시', '복대1동')"
복대1동,4311374100,복대1동,청주시,2024,51137.0,14466.0,8280.0,4523.0,6597.0,28.28871462932906,16.191798502063083,8.844867708312963,12.90063945870896,10.842263584629356,2.557057478641056,1.3664073996216164,1080.0,49862.0,50499.5,2.138635035990456,44.0,8.0,12.0,2.0,44.0,48.849,666.0,814.0,131.0,38.0,2398.0,4693.0,14652.0,1063.0,28.65244343625946,7.254982254982255,0.8604337368246084,0.1564424976044742,0.2346637464067114,0.0391106244011185,13.02383792557248,2.561745898273266,0.8604337368246084,0,0,-8.333333333333337,0.0,-5.932203389830503,-1.8037709840988527,청주시,복대1동,"('청주시', '복대1동')","('청주시', '복대1동')",복대1동,600.1,1018.6,76.0,271.9,984.7,435.0,73.1,10.0,16.0,47.0,59.0,2.0,8.0,22.0,34.0,7.0,24.0,94.0,172.0,193.6,18.1,청주시,복대1동,"('청주시', '복대1동')"
복대2동,4311374200,복대2동,청주시,2017,18000.0,5919.0,1578.0,2365.0,2594.0,32.88333333333333,8.766666666666667,13.13888888888889,14.411111111111111,9.798127036878302,-0.1996007984031989,1.99896605204204,-37.0,18036.0,18018.0,-0.2053502053502053,6.0,0.0,0.0,0.0,17.0,31.989,378.0,345.0,23.0,38.0,1116.0,1546.0,4356.0,161.0,24.2,3.696051423324151,0.3333333333333333,0.0,0.0,0.0,21.0,1.277777777777778,0.9444444444444444,1,1,0.0,,13.173652694610771,-1.917900403768506,청주시,복대2동,"('청주시', '복대2동')","('청주시', '복대2동')",복대2동,1058.4,1092.3,26.1,43.9,916.3,484.5,43.0,0.0,9.0,42.0,58.0,1.0,1.0,18.0,33.0,4.0,15.0,77.0,167.0,1092.3,26.1,청주시,복대2동,"('청주시', '복대2동')"
복대2동,4311374200,복대2동,청주시,2018,17664.0,5800.0,1482.0,2497.0,2505.0,32.835144927536234,8.389945652173914,14.136096014492756,14.181385869565217,9.779283949076822,-1.866666666666672,-2.0104747423551284,-342.0,18000.0,17832.0,-1.917900403768506,5.0,0.0,0.0,0.0,17.0,31.989,388.0,370.0,25.0,41.0,1175.0,1595.0,4486.0,188.0,25.39628623188406,4.190815871600536,0.2830615942028985,0.0,0.0,0.0,21.96557971014493,1.415307971014493,0.9624094202898552,1,1,-16.666666666666664,,2.645502645502651,-5.406034507841369,청주시,복대2동,"('청주시', '복대2동')","('청주시', '복대2동')",복대2동,1058.4,1092.3,26.1,43.9,916.3,484.5,43.0,0.0,9.0,42.0,58.0,1.0,1.0,18.0,33.0,4.0,15.0,77.0,167.0,1092.3,26.1,청주시,복대2동,"('청주시', '복대2동')"
복대2동,4311374200,복대2동,청주시,2019,16705.0,5380.0,1286.0,2627.0,2278.0,32.20592636935049,7.698293923974858,15.725830589643818,13.636635737803052,9.723463354790857,-5.4291213768115965,-7.241379310344831,-929.0,17664.0,17184.5,-5.406034507841369,4.0,0.0,0.0,0.0,17.0,31.989,397.0,400.0,27.0,43.0,1241.0,1565.0,4714.0,161.0,28.219096079018257,3.4153585065761565,0.2394492666866207,0.0,0.0,0.0,23.765339718647112,1.61628255013469,1.0176593834181384,1,1,-20.0,,2.319587628865971,-2.900754074434444,청주시,복대2동,"('청주시', '복대2동')","('청주시', '복대2동')",복대2동,1058.4,1092.3,26.1,43.9,916.3,484.5,43.0,0.0,9.0,42.0,58.0,1.0,1.0,18.0,33.0,4.0,15.0,77.0,167.0,1092.3,26.1,청주시,복대2동,"('청주시', '복대2동')"
복대2동,4311374200,복대2동,청주시,2021,15840.0,5172.0,1051.0,2871.0,2174.0,32.65151515151516,6.63510101010101,18.125,13.724747474747476,9.670293665368416,-2.1195081258110315,-2.433503112620261,-279.0,16183.0,16011.5,-1.7424975798644726,1.0,0.0,0.0,0.0,17.0,31.989,394.0,434.0,39.0,43.0,1307.0,1889.0,4616.0,148.0,29.141414141414145,3.2062391681109186,0.0631313131313131,0.0,0.0,0.0,24.873737373737374,2.462121212121212,1.073232323232323,1,1,-66.66666666666667,,1.8087855297157729,1.5205303006503097,청주시,복대2동,"('청주시', '복대2동')","('청주시', '복대2동')",복대2동,1058.4,1092.3,26.1,43.9,916.3,484.5,43.0,0.0,9.0,42.0,58.0,1.0,1.0,18.0,33.0,4.0,15.0,77.0,167.0,1092.3,26.1,청주시,복대2동,"('청주시', '복대2동')"
복대2동,4311374200,복대2동,청주시,2022,15991.0,5376.0,963.0,3037.0,2206.0,33.61891063723345,6.022137452316928,18.991932962291287,13.79525983365643,9.679781342959442,0.9532828282828198,3.944315545243615,242.0,15840.0,15915.5,1.5205303006503097,1.0,0.0,0.0,0.0,17.0,31.989,393.0,458.0,45.0,46.0,1353.0,1861.0,4812.0,157.0,30.091926708773688,3.2626766417290107,0.0625351760365205,0.0,0.0,0.0,24.57632418235257,2.8140829216434247,1.0630979926208493,1,1,0.0,,-0.25380710659898,-3.495232324520841,청주시,복대2동,"('청주시', '복대2동')","('청주시', '복대2동')",복대2동,1058.4,1092.3,26.1,43.9,916.3,484.5,43.0,0.0,9.0,42.0,58.0,1.0,1.0,18.0,33.0,4.0,15.0,77.0,167.0,1092.3,26.1,청주시,복대2동,"('청주시', '복대2동')"
복대2동,4311374200,복대2동,청주시,2023,15366.0,5120.0,833.0,3161.0,2087.0,33.32031758427698,5.421059481973187,20.571391383574124,13.581934140309777,9.63991255542758,-3.908448502282536,-4.761904761904767,-548.0,15991.0,15678.5,-3.495232324520841,1.0,0.0,0.0,0.0,17.0,31.989,365.0,421.0,21.0,16.0,1212.0,1870.0,4935.0,150.0,32.11636079656384,3.0395136778115504,0.0650787452817909,0.0,0.0,0.0,23.7537420278537,1.3666536509176104,1.1063386697904465,1,1,0.0,,-7.124681933842236,-1.4852298491768805,청주시,복대2동,"('청주시', '복대2동')","('청주시', '복대2동')",복대2동,1058.4,1092.3,26.1,43.9,916.3,484.5,43.0,0.0,9.0,42.0,58.0,1.0,1.0,18.0,33.0,4.0,15.0,77.0,167.0,1092.3,26.1,청주시,복대2동,"('청주시', '복대2동')"
복대2동,4311374200,복대2동,청주시,2024,15067.0,4986.0,766.0,3311.0,2033.0,33.092188225924204,5.0839583195062055,21.975177540319905,13.493064312736443,9.620262200801289,-1.9458544839255465,-2.617187499999996,-226.0,15366.0,15216.5,-1.4852298491768805,1.0,0.0,0.0,0.0,17.0,31.989,337.0,402.0,28.0,17.0,1163.0,1868.0,4818.0,154.0,31.977168646711355,3.1963470319634704,0.0663702130483838,0.0,0.0,0.0,22.36676179730537,1.8583659653547488,1.128293621822526,1,1,0.0,,-7.671232876712331,0.3982609272841923,청주시,복대2동,"('청주시', '복대2동')","('청주시', '복대2동')",복대2동,1058.4,1092.3,26.1,43.9,916.3,484.5,43.0,0.0,9.0,42.0,58.0,1.0,1.0,18.0,33.0,4.0,15.0,77.0,167.0,1092.3,26.1,청주시,복대2동,"('청주시', '복대2동')"
봉명2송정동,4311375600,봉명2.송정동,청주시,2017,27264.0,9508.0,4011.0,2130.0,4225.0,34.873826291079816,14.711707746478872,7.8125,15.49662558685446,10.21332242962904,-0.4163927240850351,-2.2011931701296006,-337.0,27378.0,27321.0,-1.233483401046814,6.0,0.0,0.0,0.0,51.0,63.488,352.0,587.0,61.0,24.0,1545.0,2715.0,26429.0,14598.0,96.93735328638498,55.23477997654093,0.2200704225352112,0.0,0.0,0.0,12.910798122065728,2.237382629107981,1.8705985915492955,1,1,0.0,,14.28571428571428,-5.864639012271324,청주시,봉명2송정동,"('청주시', '봉명2송정동')","('청주시', '봉명2송정동')",봉명2·송정동,1552.8,2187.0,107.9,247.7,1479.6,687.8,154.5,0.0,8.0,39.0,56.0,1.0,5.0,18.0,31.0,4.0,8.0,77.0,162.0,1635.2,65.2,청주시,봉명2송정동,"('청주시', '봉명2송정동')"
봉명2송정동,4311375600,봉명2.송정동,청주시,2018,25868.0,8830.0,3540.0,2230.0,3884.0,34.13483841039122,13.684861605071903,8.620689655172415,15.014689964434824,10.160761962566484,-5.12030516431925,-7.130837189734962,-1558.0,27264.0,26566.0,-5.864639012271324,6.0,0.0,0.0,0.0,51.0,63.488,355.0,575.0,65.0,24.0,1563.0,2687.0,26907.0,15340.0,104.01654553888974,57.01118668004609,0.2319468068656255,0.0,0.0,0.0,13.723519406216177,2.512757074377609,1.9715478583578163,1,1,0.0,,0.8522727272727293,-3.457613814756672,청주시,봉명2송정동,"('청주시', '봉명2송정동')","('청주시', '봉명2송정동')",봉명2·송정동,1552.8,2187.0,107.9,247.7,1479.6,687.8,154.5,0.0,8.0,39.0,56.0,1.0,5.0,18.0,31.0,4.0,8.0,77.0,162.0,1635.2,65.2,청주시,봉명2송정동,"('청주시', '봉명2송정동')"
봉명2송정동,4311375600,봉명2.송정동,청주시,2019,25092.0,8493.0,3156.0,2364.0,3663.0,33.84744141559063,12.57771401243424,9.42132950741272,14.598278335724537,10.130304349216631,-2.9998453687954174,-3.8165345413363583,-881.0,25868.0,25480.0,-3.457613814756672,6.0,0.0,0.0,0.0,51.0,63.488,359.0,586.0,68.0,24.0,1602.0,2705.0,26855.0,14383.0,107.02614379084967,53.557996648668784,0.2391200382592061,0.0,0.0,0.0,14.3073489558425,2.7100271002710024,2.032520325203252,1,1,0.0,,1.1267605633802802,-3.248644712355368,청주시,봉명2송정동,"('청주시', '봉명2송정동')","('청주시', '봉명2송정동')",봉명2·송정동,1552.8,2187.0,107.9,247.7,1479.6,687.8,154.5,0.0,8.0,39.0,56.0,1.0,5.0,18.0,31.0,4.0,8.0,77.0,162.0,1635.2,65.2,청주시,봉명2송정동,"('청주시', '봉명2송정동')"
봉명2송정동,4311375600,봉명2.송정동,청주시,2021,24028.0,8171.0,2694.0,2598.0,3427.0,34.00615948060596,11.211919427334776,10.812385550191443,14.26252705177293,10.086975095970052,-1.2980611238908923,-0.5598150176463479,-303.0,24344.0,24186.0,-1.2527908707516746,6.0,1.0,0.0,0.0,51.0,63.488,385.0,592.0,89.0,27.0,1710.0,3616.0,27426.0,14169.0,114.14183452638588,51.662655873988186,0.2497086732145829,0.0416181122024305,0.0,0.0,16.02297319793574,3.7040119860163134,2.122523722323955,1,0,0.0,inf,5.769230769230771,-2.67853376639811,청주시,봉명2송정동,"('청주시', '봉명2송정동')","('청주시', '봉명2송정동')",봉명2·송정동,1552.8,2187.0,107.9,247.7,1479.6,687.8,154.5,0.0,8.0,39.0,56.0,1.0,5.0,18.0,31.0,4.0,8.0,77.0,162.0,1635.2,65.2,청주시,봉명2송정동,"('청주시', '봉명2송정동')"
봉명2송정동,4311375600,봉명2.송정동,청주시,2022,23386.0,7718.0,2476.0,2760.0,3170.0,33.00265115881296,10.58753100145386,11.801932780295903,13.555118446934063,10.059892831700264,-2.671882803396042,-5.543997062783013,-635.0,24028.0,23707.0,-2.67853376639811,6.0,1.0,0.0,0.0,51.0,63.488,407.0,596.0,96.0,30.0,1770.0,3626.0,27212.0,14090.0,116.3602155135551,51.77862707628987,0.2565637560933891,0.0427606260155648,0.0,0.0,17.4035747883349,4.105020097494227,2.1807919267938085,1,0,0.0,0.0,5.714285714285716,1.9786491914173976,청주시,봉명2송정동,"('청주시', '봉명2송정동')","('청주시', '봉명2송정동')",봉명2·송정동,1552.8,2187.0,107.9,247.7,1479.6,687.8,154.5,0.0,8.0,39.0,56.0,1.0,5.0,18.0,31.0,4.0,8.0,77.0,162.0,1635.2,65.2,청주시,봉명2송정동,"('청주시', '봉명2송정동')"
봉명2송정동,4311375600,봉명2.송정동,청주시,2023,23919.0,7936.0,2334.0,3023.0,3263.0,33.17864459216523,9.75793302395585,12.63848823111334,13.641874660311888,10.082428401170604,2.279141366629611,2.8245659497279085,468.0,23386.0,23652.5,1.9786491914173976,5.0,1.0,0.0,0.0,51.0,63.488,358.0,565.0,58.0,9.0,1632.0,3639.0,27012.0,14313.0,112.93114260629623,52.98756108396269,0.2090388394163635,0.0418077678832727,0.0,0.0,14.96718090221163,2.424850537229817,2.1321961620469083,1,0,-16.666666666666664,0.0,-12.039312039312044,-2.642388312513233,청주시,봉명2송정동,"('청주시', '봉명2송정동')","('청주시', '봉명2송정동')",봉명2·송정동,1552.8,2187.0,107.9,247.7,1479.6,687.8,154.5,0.0,8.0,39.0,56.0,1.0,5.0,18.0,31.0,4.0,8.0,77.0,162.0,1635.2,65.2,청주시,봉명2송정동,"('청주시', '봉명2송정동')"
봉명2송정동,4311375600,봉명2.송정동,청주시,2024,23311.0,7651.0,2100.0,3200.0,3135.0,32.8214147827206,9.008622538715628,13.727424820900003,13.448586504225474,10.056680631152522,-2.541912287302983,-3.591229838709676,-624.0,23919.0,23615.0,-2.642388312513233,5.0,1.0,0.0,0.0,51.0,63.488,348.0,533.0,66.0,11.0,1606.0,3694.0,25534.0,13810.0,109.53627043026896,54.084749745437456,0.2144910128265625,0.0428982025653125,0.0,0.0,14.928574492728757,2.831281369310626,2.1878083308309377,1,0,0.0,0.0,-2.793296089385477,-1.0514295563742917,청주시,봉명2송정동,"('청주시', '봉명2송정동')","('청주시', '봉명2송정동')",봉명2·송정동,1552.8,2187.0,107.9,247.7,1479.6,687.8,154.5,0.0,8.0,39.0,56.0,1.0,5.0,18.0,31.0,4.0,8.0,77.0,162.0,1635.2,65.2,청주시,봉명2송정동,"('청주시', '봉명2송정동')"
봉방동,4313061000,봉방동,충주시,2017,10540.0,2685.0,1210.0,1707.0,1213.0,25.474383301707785,11.480075901328274,16.195445920303605,11.50853889943074,9.262932822095353,-1.1720581340834535,-3.2780979827089385,-117.0,10665.0,10602.5,-1.1035133223296392,5.0,4.0,2.0,0.0,25.0,55.616,195.0,193.0,12.0,7.0,652.0,1257.0,4709.0,290.0,44.67741935483871,6.158420046719049,0.4743833017077798,0.3795066413662239,0.1897533206831119,0.0,18.50094876660341,1.1385199240986716,2.3719165085389,1,0,0.0,0.0,6.557377049180335,-4.396777637581287,충주시,봉방동,"('충주시', '봉방동')","('충주시', '봉방동')",봉방동,719.4,1429.5,50.7,212.1,1503.9,659.4,106.8,3.0,6.0,10.0,13.0,0.0,3.0,9.0,16.0,3.0,11.0,27.0,47.0,1084.0,22.1,충주시,봉방동,"('충주시', '봉방동')"
봉방동,4313061000,봉방동,충주시,2018,10066.0,2449.0,1099.0,1758.0,1092.0,24.329425789787404,10.917941585535466,17.464732763759187,10.848400556328231,9.216918687336303,-4.497153700189749,-8.78957169459963,-453.0,10540.0,10303.0,-4.396777637581287,5.0,4.0,2.0,0.0,25.0,55.616,199.0,205.0,13.0,8.0,671.0,1199.0,4547.0,285.0,45.1718656864693,6.267868924565648,0.4967216371945162,0.397377309755613,0.1986886548778065,0.0,19.769521160341743,1.2914762567057425,2.483608185972581,1,0,0.0,0.0,2.051282051282044,-4.903659904169641,충주시,봉방동,"('충주시', '봉방동')","('충주시', '봉방동')",봉방동,719.4,1429.5,50.7,212.1,1503.9,659.4,106.8,3.0,6.0,10.0,13.0,0.0,3.0,9.0,16.0,3.0,11.0,27.0,47.0,1084.0,22.1,충주시,봉방동,"('충주시', '봉방동')"
봉방동,4313061000,봉방동,충주시,2019,9552.0,2262.0,940.0,1832.0,982.0,23.680904522613066,9.840871021775545,19.179229480737018,10.280569514237856,9.164505835632385,-5.106298430359624,-7.635769701919148,-481.0,10066.0,9809.0,-4.903659904169641,5.0,4.0,2.0,0.0,25.0,55.616,196.0,198.0,10.0,8.0,662.0,1177.0,4621.0,225.0,48.37730318257956,4.869075957584938,0.5234505862646566,0.4187604690117253,0.2093802345058626,0.0,20.519262981574546,1.0469011725293131,2.6172529313232835,1,0,0.0,0.0,-1.5075376884422065,-1.1383999156740805,충주시,봉방동,"('충주시', '봉방동')","('충주시', '봉방동')",봉방동,719.4,1429.5,50.7,212.1,1503.9,659.4,106.8,3.0,6.0,10.0,13.0,0.0,3.0,9.0,16.0,3.0,11.0,27.0,47.0,1084.0,22.1,충주시,봉방동,"('충주시', '봉방동')"
봉방동,4313061000,봉방동,충주시,2021,9237.0,2046.0,839.0,2011.0,880.0,22.150048717115947,9.08303561762477,21.771137815308,9.526902674028364,9.13097243659261,-1.9634897049458755,-4.92565055762082,-82.0,9422.0,9329.5,-0.8789324186719546,3.0,4.0,2.0,0.0,25.0,55.616,209.0,209.0,17.0,7.0,704.0,1770.0,5387.0,298.0,58.31980080112591,5.531835901243735,0.3247807729782397,0.4330410306376528,0.2165205153188264,0.0,22.62639385081737,1.8404243802100249,2.7065064414853306,1,0,-25.0,0.0,8.854166666666675,-1.942280258970701,충주시,봉방동,"('충주시', '봉방동')","('충주시', '봉방동')",봉방동,719.4,1429.5,50.7,212.1,1503.9,659.4,106.8,3.0,6.0,10.0,13.0,0.0,3.0,9.0,16.0,3.0,11.0,27.0,47.0,1084.0,22.1,충주시,봉방동,"('충주시', '봉방동')"
봉방동,4313061000,봉방동,충주시,2022,8989.0,1914.0,737.0,2104.0,801.0,21.292691066859497,8.198909778618312,23.406385582378466,8.91089108910891,9.103756886573398,-2.6848543899534505,-6.451612903225811,-177.0,9237.0,9113.0,-1.942280258970701,3.0,4.0,2.0,0.0,25.0,55.616,208.0,213.0,19.0,7.0,709.0,1743.0,4967.0,254.0,55.25642451885639,5.1137507549828864,0.3337412392924685,0.4449883190566248,0.2224941595283124,0.0,23.139392590944485,2.113694515518968,2.781176994103905,1,0,0.0,0.0,-0.4784688995215336,-0.7958302975956958,충주시,봉방동,"('충주시', '봉방동')","('충주시', '봉방동')",봉방동,719.4,1429.5,50.7,212.1,1503.9,659.4,106.8,3.0,6.0,10.0,13.0,0.0,3.0,9.0,16.0,3.0,11.0,27.0,47.0,1084.0,22.1,충주시,봉방동,"('충주시', '봉방동')"
봉방동,4313061000,봉방동,충주시,2023,8854.0,1804.0,677.0,2186.0,751.0,20.374971764174383,7.646261576688502,24.68940591822905,8.482042014908515,9.088624613292088,-1.501835576816113,-5.747126436781613,-71.0,8989.0,8921.5,-0.7958302975956958,3.0,4.0,2.0,0.0,25.0,55.616,159.0,198.0,15.0,3.0,619.0,1699.0,4933.0,207.0,55.714931104585496,4.196229474964524,0.338829907386492,0.451773209848656,0.225886604924328,0.0,17.957985091484076,1.69414953693246,2.8235825615541,1,0,0.0,0.0,-23.55769230769232,4.368070953436807,충주시,봉방동,"('충주시', '봉방동')","('충주시', '봉방동')",봉방동,719.4,1429.5,50.7,212.1,1503.9,659.4,106.8,3.0,6.0,10.0,13.0,0.0,3.0,9.0,16.0,3.0,11.0,27.0,47.0,1084.0,22.1,충주시,봉방동,"('충주시', '봉방동')"
봉방동,4313061000,봉방동,충주시,2024,9186.0,1994.0,683.0,2304.0,830.0,21.70694535162204,7.4352275201393425,25.08164598301764,9.035488787285,9.12543586488574,3.749717641743855,10.532150776053207,394.0,8854.0,9020.0,4.368070953436807,3.0,4.0,2.0,0.0,25.0,55.616,162.0,198.0,15.0,3.0,619.0,1745.0,5347.0,212.0,58.20814282603962,3.964840097250795,0.3265839320705421,0.4354452427607228,0.2177226213803614,0.0,17.635532331809273,1.6329196603527107,2.721532767254517,1,0,0.0,0.0,1.8867924528301885,-1.704139409598153,충주시,봉방동,"('충주시', '봉방동')","('충주시', '봉방동')",봉방동,719.4,1429.5,50.7,212.1,1503.9,659.4,106.8,3.0,6.0,10.0,13.0,0.0,3.0,9.0,16.0,3.0,11.0,27.0,47.0,1084.0,22.1,충주시,봉방동,"('충주시', '봉방동')"
봉양읍,4315025000,봉양읍,제천시,2017,7147.0,1158.0,556.0,2110.0,512.0,16.202602490555478,7.779487897019728,29.52287673149573,7.163844969917448,8.874447967219979,-1.038493492107451,-5.392156862745101,-8.0,7222.0,7184.5,-0.1113508246920453,1.0,2.0,4.0,3.0,268.0,783.862,58.0,100.0,3.0,1.0,222.0,496.0,2533.0,856.0,35.44144396250175,33.79392025266482,0.1399188470687001,0.2798376941374003,0.5596753882748006,0.4197565412061004,8.11529312998461,0.4197565412061004,37.49825101441164,0,0,0.0,0.0,13.725490196078429,-0.8054829364798982,제천시,봉양읍,"('제천시', '봉양읍')","('제천시', '봉양읍')",봉양읍,7796.9,9156.3,4972.4,539.4,3966.6,3113.8,575.9,0.0,0.0,0.0,8.0,0.0,0.0,1.0,11.0,1.0,1.0,1.0,30.0,4645.1,1108.2,제천시,봉양읍,"('제천시', '봉양읍')"
봉양읍,4315025000,봉양읍,제천시,2018,7006.0,1097.0,505.0,2170.0,485.0,15.658007422209536,7.208107336568656,30.973451327433622,6.922637739080788,8.854522203757432,-1.972855743668667,-5.267702936096718,-57.0,7147.0,7076.5,-0.8054829364798982,1.0,2.0,4.0,3.0,268.0,783.862,65.0,103.0,3.0,1.0,237.0,497.0,2540.0,846.0,36.25463888095918,33.30708661417322,0.1427347987439337,0.2854695974878675,0.5709391949757351,0.4282043962318013,9.277761918355695,0.4282043962318013,38.25292606337425,0,0,0.0,0.0,12.06896551724137,-1.0694414336295974,제천시,봉양읍,"('제천시', '봉양읍')","('제천시', '봉양읍')",봉양읍,7796.9,9156.3,4972.4,539.4,3966.6,3113.8,575.9,0.0,0.0,0.0,8.0,0.0,0.0,1.0,11.0,1.0,1.0,1.0,30.0,4645.1,1108.2,제천시,봉양읍,"('제천시', '봉양읍')"
봉양읍,4315025000,봉양읍,제천시,2019,6833.0,975.0,468.0,2232.0,434.0,14.268988731157616,6.849114590955656,32.66500804917313,6.351529342894775,8.829519094780778,-2.4693120182700534,-11.121239744758428,-74.0,7006.0,6919.5,-1.0694414336295974,1.0,0.0,4.0,3.0,268.0,783.862,70.0,105.0,5.0,1.0,263.0,502.0,2573.0,792.0,37.65549539001902,30.78118927322192,0.1463486023708473,0.0,0.5853944094833894,0.439045807112542,10.244402165959317,0.7317430118542367,39.22142543538709,0,1,0.0,-100.0,7.692307692307687,0.308710033076075,제천시,봉양읍,"('제천시', '봉양읍')","('제천시', '봉양읍')",봉양읍,7796.9,9156.3,4972.4,539.4,3966.6,3113.8,575.9,0.0,0.0,0.0,8.0,0.0,0.0,1.0,11.0,1.0,1.0,1.0,30.0,4645.1,1108.2,제천시,봉양읍,"('제천시', '봉양읍')"
봉양읍,4315025000,봉양읍,제천시,2021,6712.0,846.0,395.0,2416.0,372.0,12.604290822407629,5.884982121573302,35.99523241954708,5.542312276519666,8.811652248147043,-0.8860011813349056,-5.895439377085654,59.0,6772.0,6742.0,0.8751112429546128,1.0,0.0,4.0,3.0,268.0,783.862,63.0,113.0,7.0,2.0,279.0,985.0,3162.0,805.0,47.10965435041716,25.458570524984182,0.1489868891537544,0.0,0.5959475566150179,0.4469606674612634,9.386174016686532,1.0429082240762813,39.9284862932062,0,1,0.0,,1.6129032258064502,1.6389778737987035,제천시,봉양읍,"('제천시', '봉양읍')","('제천시', '봉양읍')",봉양읍,7796.9,9156.3,4972.4,539.4,3966.6,3113.8,575.9,0.0,0.0,0.0,8.0,0.0,0.0,1.0,11.0,1.0,1.0,1.0,30.0,4645.1,1108.2,제천시,봉양읍,"('제천시', '봉양읍')"
봉양읍,4315025000,봉양읍,제천시,2022,6711.0,849.0,374.0,2555.0,367.0,12.650871703173896,5.572939949336909,38.07182238116525,5.468633586648785,8.811503250158239,-0.0148986889153768,0.3546099290780091,110.0,6712.0,6711.5,1.6389778737987035,1.0,0.0,4.0,3.0,268.0,783.862,63.0,114.0,9.0,1.0,291.0,1015.0,3173.0,796.0,47.28058411563105,25.086668767727705,0.1490090895544628,0.0,0.5960363582178513,0.4470272686633885,9.387572641931158,1.3410818059901657,39.93443600059604,0,1,0.0,,0.0,0.821938279907345,제천시,봉양읍,"('제천시', '봉양읍')","('제천시', '봉양읍')",봉양읍,7796.9,9156.3,4972.4,539.4,3966.6,3113.8,575.9,0.0,0.0,0.0,8.0,0.0,0.0,1.0,11.0,1.0,1.0,1.0,30.0,4645.1,1108.2,제천시,봉양읍,"('제천시', '봉양읍')"
봉양읍,4315025000,봉양읍,제천시,2023,6672.0,811.0,349.0,2659.0,359.0,12.1552757793765,5.230815347721823,39.85311750599521,5.380695443645084,8.805674944038582,-0.5811354492624043,-4.475853945818608,55.0,6711.0,6691.5,0.821938279907345,1.0,0.0,4.0,3.0,268.0,783.862,64.0,109.0,6.0,0.0,286.0,1058.0,3046.0,770.0,45.65347721822542,25.279054497701903,0.1498800959232613,0.0,0.5995203836930455,0.4496402877697842,9.592326139088728,0.8992805755395684,40.16786570743405,0,1,0.0,,1.5873015873015817,-0.1811184061580258,제천시,봉양읍,"('제천시', '봉양읍')","('제천시', '봉양읍')",봉양읍,7796.9,9156.3,4972.4,539.4,3966.6,3113.8,575.9,0.0,0.0,0.0,8.0,0.0,0.0,1.0,11.0,1.0,1.0,1.0,30.0,4645.1,1108.2,제천시,봉양읍,"('제천시', '봉양읍')"
봉양읍,4315025000,봉양읍,제천시,2024,6579.0,768.0,308.0,2768.0,325.0,11.673506611947104,4.68156254749962,42.07326341389269,4.939960480316157,8.791638037085997,-1.3938848920863278,-5.302096177558568,-12.0,6672.0,6625.5,-0.1811184061580258,1.0,0.0,4.0,3.0,268.0,783.862,66.0,114.0,6.0,1.0,298.0,1143.0,3062.0,681.0,46.54202766377869,22.24036577400392,0.1519987840097279,0.0,0.6079951360389116,0.4559963520291837,10.031919744642044,0.9119927040583676,40.73567411460708,0,1,0.0,,3.125,-0.984994228549442,제천시,봉양읍,"('제천시', '봉양읍')","('제천시', '봉양읍')",봉양읍,7796.9,9156.3,4972.4,539.4,3966.6,3113.8,575.9,0.0,0.0,0.0,8.0,0.0,0.0,1.0,11.0,1.0,1.0,1.0,30.0,4645.1,1108.2,제천시,봉양읍,"('제천시', '봉양읍')"
북이면,4311431000,북이면,청주시,2017,4960.0,817.0,242.0,1619.0,322.0,16.471774193548384,4.879032258064516,32.641129032258064,6.491935483870968,8.509161019718974,-1.879327398615227,-5.875576036866359,-38.0,5055.0,5007.5,-0.7588617074388417,2.0,0.0,3.0,0.0,48.0,598.744,47.0,28.0,0.0,0.0,109.0,631.0,5836.0,4170.0,117.66129032258064,71.45305003427005,0.4032258064516129,0.0,0.6048387096774194,0.0,9.475806451612902,0.0,9.67741935483871,1,1,0.0,,4.444444444444451,-0.345388053636733,청주시,북이면,"('청주시', '북이면')","('청주시', '북이면')",북이면,4424.9,11102.0,1728.9,1137.8,4138.2,1834.5,562.8,0.0,0.0,1.0,39.0,0.0,0.0,1.0,25.0,0.0,0.0,6.0,87.0,6915.6,14.4,청주시,북이면,"('청주시', '북이면')"
북이면,4311431000,북이면,청주시,2018,4884.0,771.0,229.0,1660.0,284.0,15.786240786240786,4.688779688779689,33.98853398853399,5.814905814905815,8.493719835230594,-1.5322580645161343,-5.630354957160344,-17.0,4960.0,4922.0,-0.345388053636733,2.0,0.0,3.0,0.0,48.0,598.744,55.0,28.0,0.0,0.0,119.0,700.0,6134.0,4279.0,125.5937755937756,69.75872187805673,0.4095004095004095,0.0,0.6142506142506142,0.0,11.26126126126126,0.0,9.828009828009828,1,1,0.0,,17.021276595744684,-1.497971496931239,청주시,북이면,"('청주시', '북이면')","('청주시', '북이면')",북이면,4424.9,11102.0,1728.9,1137.8,4138.2,1834.5,562.8,0.0,0.0,1.0,39.0,0.0,0.0,1.0,25.0,0.0,0.0,6.0,87.0,6915.6,14.4,청주시,북이면,"('청주시', '북이면')"
북이면,4311431000,북이면,청주시,2019,4729.0,694.0,195.0,1692.0,255.0,14.675407062803975,4.123493338972298,35.779234510467326,5.392260520194545,8.461469042643875,-3.173628173628173,-9.987029831387806,-72.0,4884.0,4806.5,-1.497971496931239,2.0,0.0,3.0,0.0,48.0,598.744,51.0,29.0,0.0,0.0,122.0,741.0,6327.0,4423.0,133.7914992598858,69.90674885411727,0.4229223937407486,0.0,0.6343835906111228,0.0,10.784521040389087,0.0,10.150137449777963,1,1,0.0,,-7.272727272727275,-0.6187986770511043,청주시,북이면,"('청주시', '북이면')","('청주시', '북이면')",북이면,4424.9,11102.0,1728.9,1137.8,4138.2,1834.5,562.8,0.0,0.0,1.0,39.0,0.0,0.0,1.0,25.0,0.0,0.0,6.0,87.0,6915.6,14.4,청주시,북이면,"('청주시', '북이면')"
북이면,4311431000,북이면,청주시,2021,4534.0,621.0,144.0,1769.0,216.0,13.69651521835024,3.1760035288928097,39.0163211292457,4.764005293339215,8.419359831067474,-2.3686477174849285,-4.461538461538462,-10.0,4644.0,4589.0,-0.2179123992155153,2.0,0.0,3.0,0.0,48.0,598.744,57.0,28.0,1.0,0.0,137.0,1321.0,6977.0,4487.0,153.88178209086897,64.31130858535187,0.4411116012351124,0.0,0.6616674018526687,0.0,12.571680635200709,0.2205558006175562,10.5866784296427,1,1,0.0,,7.547169811320753,-0.5803571428571429,청주시,북이면,"('청주시', '북이면')","('청주시', '북이면')",북이면,4424.9,11102.0,1728.9,1137.8,4138.2,1834.5,562.8,0.0,0.0,1.0,39.0,0.0,0.0,1.0,25.0,0.0,0.0,6.0,87.0,6915.6,14.4,청주시,북이면,"('청주시', '북이면')"
북이면,4311431000,북이면,청주시,2022,4426.0,586.0,139.0,1819.0,203.0,13.239945774966108,3.140533212833258,41.09805693628559,4.586534116583823,8.395251520610994,-2.382002646669612,-5.636070853462161,-26.0,4534.0,4480.0,-0.5803571428571429,2.0,0.0,3.0,0.0,48.0,598.744,55.0,28.0,1.0,0.0,134.0,1355.0,7097.0,4686.0,160.347943967465,66.02789911230097,0.4518752824220515,0.0,0.6778129236330774,0.0,12.42657026660642,0.2259376412110257,10.84500677812924,1,1,0.0,,-3.508771929824561,-0.5715592135345221,청주시,북이면,"('청주시', '북이면')","('청주시', '북이면')",북이면,4424.9,11102.0,1728.9,1137.8,4138.2,1834.5,562.8,0.0,0.0,1.0,39.0,0.0,0.0,1.0,25.0,0.0,0.0,6.0,87.0,6915.6,14.4,청주시,북이면,"('청주시', '북이면')"
북이면,4311431000,북이면,청주시,2023,4322.0,536.0,119.0,1884.0,189.0,12.401665895418787,2.753354928273948,43.59093012494216,4.372975474317445,8.371473537066832,-2.349751468594663,-8.532423208191132,-25.0,4426.0,4374.0,-0.5715592135345221,2.0,0.0,3.0,0.0,48.0,598.744,57.0,25.0,3.0,0.0,130.0,1361.0,7023.0,4675.0,162.494215640907,66.56699416203902,0.4627487274409996,0.0,0.6941230911614993,0.0,13.188338732068488,0.6941230911614993,11.105969458583989,1,1,0.0,,3.6363636363636376,-1.9072286319755123,청주시,북이면,"('청주시', '북이면')","('청주시', '북이면')",북이면,4424.9,11102.0,1728.9,1137.8,4138.2,1834.5,562.8,0.0,0.0,1.0,39.0,0.0,0.0,1.0,25.0,0.0,0.0,6.0,87.0,6915.6,14.4,청주시,북이면,"('청주시', '북이면')"
북이면,4311431000,북이면,청주시,2024,4172.0,485.0,118.0,1932.0,168.0,11.625119846596355,2.828379674017258,46.30872483221477,4.026845637583892,8.336150816120663,-3.470615455807502,-9.51492537313433,-81.0,4322.0,4247.0,-1.9072286319755123,2.0,0.0,3.0,0.0,48.0,598.744,60.0,28.0,2.0,0.0,137.0,1563.0,7097.0,4591.0,170.11025886864812,64.68930534028463,0.4793863854266538,0.0,0.7190795781399808,0.0,14.381591562799615,0.4793863854266538,11.505273250239693,1,1,0.0,,5.263157894736836,-2.550269740068661,청주시,북이면,"('청주시', '북이면')","('청주시', '북이면')",북이면,4424.9,11102.0,1728.9,1137.8,4138.2,1834.5,562.8,0.0,0.0,1.0,39.0,0.0,0.0,1.0,25.0,0.0,0.0,6.0,87.0,6915.6,14.4,청주시,북이면,"('청주시', '북이면')"
분평동,4311256000,분평동,청주시,2017,34560.0,9177.0,5996.0,2704.0,4587.0,26.553819444444443,17.349537037037038,7.8240740740740735,13.272569444444445,10.450452222917992,-0.8776458440887924,-0.7999135228623944,-472.0,34866.0,34713.0,-1.359721141935298,53.0,9.0,10.0,1.0,40.0,79.817,309.0,286.0,110.0,42.0,1028.0,1894.0,9644.0,358.0,27.905092592592595,3.712152633761925,1.5335648148148149,0.2604166666666667,0.2893518518518518,0.0289351851851851,8.940972222222221,3.1828703703703702,1.1574074074074072,0,0,0.0,50.0,14.022140221402225,-5.2435789130467,청주시,분평동,"('청주시', '분평동')","('청주시', '분평동')",분평동,792.9,2253.3,146.2,373.3,717.8,386.1,126.4,1.0,4.0,27.0,55.0,1.0,1.0,14.0,30.0,5.0,10.0,57.0,149.0,2124.1,24.1,청주시,분평동,"('청주시', '분평동')"
분평동,4311256000,분평동,청주시,2018,32913.0,8839.0,5325.0,2815.0,4376.0,26.85564974326254,16.17901740953423,8.552851456871146,13.2956582505393,10.4016229954856,-4.765624999999996,-3.683120845592236,-1769.0,34560.0,33736.5,-5.2435789130467,52.0,9.0,10.0,1.0,40.0,79.817,337.0,295.0,118.0,45.0,1090.0,1921.0,9501.0,339.0,28.86701303436332,3.5680454688980108,1.5799228268465346,0.2734481815695925,0.3038313128551028,0.0303831312855102,10.239115243216965,3.5852094916902133,1.2153252514204114,0,0,-1.8867924528301885,0.0,9.061488673139165,-1.6864851629095696,청주시,분평동,"('청주시', '분평동')","('청주시', '분평동')",분평동,792.9,2253.3,146.2,373.3,717.8,386.1,126.4,1.0,4.0,27.0,55.0,1.0,1.0,14.0,30.0,5.0,10.0,57.0,149.0,2124.1,24.1,청주시,분평동,"('청주시', '분평동')"
분평동,4311256000,분평동,청주시,2019,32430.0,8624.0,5057.0,2974.0,4228.0,26.592661116250387,15.59358618563059,9.170521122417515,13.037311131668208,10.386839199301363,-1.46750524109015,-2.432401855413513,-551.0,32913.0,32671.5,-1.6864851629095696,47.0,8.0,10.0,1.0,40.0,79.817,337.0,302.0,133.0,47.0,1107.0,1918.0,9327.0,320.0,28.76040703052729,3.4308995389728745,1.4492753623188406,0.2466851680542707,0.3083564600678384,0.0308356460067838,10.391612704286157,4.101140918902251,1.2334258402713536,0,0,-9.615384615384617,-11.111111111111116,0.0,-5.178709748810446,청주시,분평동,"('청주시', '분평동')","('청주시', '분평동')",분평동,792.9,2253.3,146.2,373.3,717.8,386.1,126.4,1.0,4.0,27.0,55.0,1.0,1.0,14.0,30.0,5.0,10.0,57.0,149.0,2124.1,24.1,청주시,분평동,"('청주시', '분평동')"
분평동,4311256000,분평동,청주시,2021,30172.0,7587.0,4239.0,3486.0,3603.0,25.145830571390693,14.049449821026116,11.553758451544478,11.941535198197004,10.314669620973522,-2.131110318206886,-4.709871891484552,-652.0,30829.0,30500.5,-2.1376698742643563,40.0,8.0,10.0,1.0,40.0,79.817,338.0,324.0,154.0,52.0,1180.0,2473.0,9676.0,324.0,32.06946838128066,3.3484911120297647,1.3257324671881212,0.2651464934376242,0.3314331167970303,0.033143311679703,11.202439347739627,5.104069998674268,1.3257324671881212,0,0,-9.090909090909092,0.0,0.8955223880596996,-2.0336030286279043,청주시,분평동,"('청주시', '분평동')","('청주시', '분평동')",분평동,792.9,2253.3,146.2,373.3,717.8,386.1,126.4,1.0,4.0,27.0,55.0,1.0,1.0,14.0,30.0,5.0,10.0,57.0,149.0,2124.1,24.1,청주시,분평동,"('청주시', '분평동')"
분평동,4311256000,분평동,청주시,2022,29525.0,7234.0,3839.0,3761.0,3438.0,24.50127011007621,13.002540220152415,12.738357324301438,11.644369178662153,10.292992641065563,-2.144372265676786,-4.652695400026364,-607.0,30172.0,29848.5,-2.0336030286279043,37.0,8.0,10.0,1.0,40.0,79.817,354.0,329.0,171.0,51.0,1223.0,2488.0,10132.0,342.0,34.31668077900085,3.3754441373864985,1.2531752751905163,0.270956816257409,0.3386960203217612,0.0338696020321761,11.989839119390346,5.791701947502117,1.3547840812870449,0,0,-7.499999999999996,0.0,4.7337278106508895,-2.331002331002331,청주시,분평동,"('청주시', '분평동')","('청주시', '분평동')",분평동,792.9,2253.3,146.2,373.3,717.8,386.1,126.4,1.0,4.0,27.0,55.0,1.0,1.0,14.0,30.0,5.0,10.0,57.0,149.0,2124.1,24.1,청주시,분평동,"('청주시', '분평동')"
분평동,4311256000,분평동,청주시,2023,28819.0,6877.0,3454.0,4073.0,3253.0,23.86272944932163,11.985148686630348,14.133037232381415,11.287692147541552,10.268790170825218,-2.3911939034716334,-4.935029029582527,-680.0,29525.0,29172.0,-2.331002331002331,27.0,8.0,10.0,1.0,40.0,79.817,315.0,326.0,74.0,8.0,1033.0,2590.0,10362.0,373.0,35.955446059891045,3.5996911793090134,0.936881918178979,0.2775946424234012,0.3469933030292515,0.0346993303029251,10.93028904542142,2.567750442416461,1.387973212117006,0,0,-27.027027027027028,0.0,-11.016949152542376,-2.079898986356143,청주시,분평동,"('청주시', '분평동')","('청주시', '분평동')",분평동,792.9,2253.3,146.2,373.3,717.8,386.1,126.4,1.0,4.0,27.0,55.0,1.0,1.0,14.0,30.0,5.0,10.0,57.0,149.0,2124.1,24.1,청주시,분평동,"('청주시', '분평동')"
분평동,4311256000,분평동,청주시,2024,28203.0,6585.0,3175.0,4404.0,3054.0,23.34857993830444,11.25766762401163,15.615360068077862,10.828635251568985,10.24718363424666,-2.137478746660193,-4.24603751635888,-593.0,28819.0,28511.0,-2.079898986356143,24.0,8.0,10.0,1.0,40.0,79.817,303.0,343.0,83.0,11.0,1026.0,2528.0,10309.0,351.0,36.55284898769634,3.4047919293820934,0.8509733007126901,0.28365776690423,0.3545722086302876,0.0354572208630287,10.743537921497712,2.9429493316313864,1.4182888345211504,0,0,-11.111111111111116,0.0,-3.809523809523807,-2.7814760174157103,청주시,분평동,"('청주시', '분평동')","('청주시', '분평동')",분평동,792.9,2253.3,146.2,373.3,717.8,386.1,126.4,1.0,4.0,27.0,55.0,1.0,1.0,14.0,30.0,5.0,10.0,57.0,149.0,2124.1,24.1,청주시,분평동,"('청주시', '분평동')"
불정면,4376041000,불정면,괴산군,2017,2924.0,387.0,147.0,1065.0,166.0,13.23529411764706,5.027359781121751,36.42270861833105,5.677154582763338,7.980707820869669,-3.942181340341655,-10.416666666666664,-76.0,3044.0,2984.0,-2.546916890080429,1.0,0.0,1.0,0.0,112.0,462.682,21.0,37.0,0.0,0.0,73.0,190.0,515.0,86.0,17.612859097127224,16.699029126213592,0.3419972640218878,0.0,0.3419972640218878,0.0,7.181942544459644,0.0,38.30369357045144,1,1,0.0,,5.000000000000004,0.0344293337923911,괴산군,불정면,"('괴산군', '불정면')","('괴산군', '불정면')",불정면,10827.4,18156.0,9463.1,574.7,9875.7,4176.1,774.3,0.0,0.0,0.0,2.0,0.0,0.0,0.0,10.0,1.0,1.0,3.0,21.0,12358.9,5018.0,괴산군,불정면,"('괴산군', '불정면')"
불정면,4376041000,불정면,괴산군,2018,2885.0,360.0,140.0,1079.0,146.0,12.478336221837088,4.852686308492201,37.400346620450605,5.060658578856152,7.9672801789422,-1.3337893296853642,-6.976744186046513,1.0,2924.0,2904.5,0.0344293337923911,1.0,0.0,1.0,0.0,112.0,462.682,21.0,39.0,0.0,0.0,76.0,166.0,475.0,86.0,16.464471403812826,18.10526315789474,0.3466204506065857,0.0,0.3466204506065857,0.0,7.279029462738302,0.0,38.82149046793761,1,1,0.0,,0.0,2.7133779838571184,괴산군,불정면,"('괴산군', '불정면')","('괴산군', '불정면')",불정면,10827.4,18156.0,9463.1,574.7,9875.7,4176.1,774.3,0.0,0.0,0.0,2.0,0.0,0.0,0.0,10.0,1.0,1.0,3.0,21.0,12358.9,5018.0,괴산군,불정면,"('괴산군', '불정면')"
불정면,4376041000,불정면,괴산군,2019,2938.0,360.0,134.0,1127.0,154.0,12.253233492171544,4.560925799863853,38.35942818243704,5.241660993873383,7.9854843567338225,1.8370883882149025,0.0,79.0,2885.0,2911.5,2.7133779838571184,1.0,0.0,1.0,0.0,112.0,462.682,23.0,36.0,0.0,0.0,76.0,168.0,558.0,84.0,18.992511912865893,15.053763440860216,0.3403675970047651,0.0,0.3403675970047651,0.0,7.828454731109598,0.0,38.121170864533696,1,1,0.0,,9.523809523809534,1.5994555045091032,괴산군,불정면,"('괴산군', '불정면')","('괴산군', '불정면')",불정면,10827.4,18156.0,9463.1,574.7,9875.7,4176.1,774.3,0.0,0.0,0.0,2.0,0.0,0.0,0.0,10.0,1.0,1.0,3.0,21.0,12358.9,5018.0,괴산군,불정면,"('괴산군', '불정면')"
불정면,4376041000,불정면,괴산군,2021,2810.0,275.0,103.0,1176.0,99.0,9.786476868327403,3.665480427046263,41.85053380782918,3.523131672597865,7.940939762327791,-4.38924804355223,-19.354838709677423,-65.0,2939.0,2874.5,-2.2612628283179683,1.0,0.0,1.0,0.0,112.0,462.682,29.0,36.0,0.0,0.0,85.0,266.0,625.0,116.0,22.24199288256228,18.56,0.3558718861209964,0.0,0.3558718861209964,0.0,10.320284697508896,0.0,39.8576512455516,1,1,0.0,,26.086956521739136,-2.4372499090578392,괴산군,불정면,"('괴산군', '불정면')","('괴산군', '불정면')",불정면,10827.4,18156.0,9463.1,574.7,9875.7,4176.1,774.3,0.0,0.0,0.0,2.0,0.0,0.0,0.0,10.0,1.0,1.0,3.0,21.0,12358.9,5018.0,괴산군,불정면,"('괴산군', '불정면')"
불정면,4376041000,불정면,괴산군,2022,2688.0,223.0,112.0,1213.0,79.0,8.296130952380953,4.166666666666666,45.126488095238095,2.938988095238096,7.89655270164304,-4.341637010676158,-18.90909090909091,-67.0,2810.0,2749.0,-2.4372499090578392,1.0,0.0,1.0,0.0,112.0,462.682,29.0,33.0,1.0,0.0,83.0,276.0,678.0,138.0,25.223214285714285,20.35398230088496,0.3720238095238095,0.0,0.3720238095238095,0.0,10.788690476190476,0.3720238095238095,41.66666666666666,1,1,0.0,,0.0,-0.0374882849109653,괴산군,불정면,"('괴산군', '불정면')","('괴산군', '불정면')",불정면,10827.4,18156.0,9463.1,574.7,9875.7,4176.1,774.3,0.0,0.0,0.0,2.0,0.0,0.0,0.0,10.0,1.0,1.0,3.0,21.0,12358.9,5018.0,괴산군,불정면,"('괴산군', '불정면')"
불정면,4376041000,불정면,괴산군,2023,2647.0,205.0,97.0,1253.0,71.0,7.744616547034379,3.664525878352852,47.33660748016623,2.682281828485077,7.881182202227102,-1.5252976190476164,-8.071748878923767,-1.0,2688.0,2667.5,-0.0374882849109653,1.0,0.0,1.0,0.0,112.0,462.682,30.0,30.0,0.0,0.0,83.0,311.0,741.0,128.0,27.993955421231583,17.27395411605938,0.3777861730260672,0.0,0.3777861730260672,0.0,11.333585190782015,0.0,42.312051378919534,1,1,0.0,,3.4482758620689724,1.5108593012275733,괴산군,불정면,"('괴산군', '불정면')","('괴산군', '불정면')",불정면,10827.4,18156.0,9463.1,574.7,9875.7,4176.1,774.3,0.0,0.0,0.0,2.0,0.0,0.0,0.0,10.0,1.0,1.0,3.0,21.0,12358.9,5018.0,괴산군,불정면,"('괴산군', '불정면')"
불정면,4376041000,불정면,괴산군,2024,2648.0,209.0,87.0,1307.0,70.0,7.8927492447129906,3.285498489425981,49.35800604229607,2.643504531722054,7.881559917056899,0.0377786173026084,1.951219512195124,40.0,2647.0,2647.5,1.5108593012275733,1.0,0.0,1.0,0.0,112.0,462.682,32.0,30.0,0.0,0.0,86.0,327.0,750.0,105.0,28.32326283987916,14.000000000000002,0.377643504531722,0.0,0.377643504531722,0.0,12.084592145015105,0.0,42.29607250755287,1,1,0.0,,6.666666666666665,5.372360133382735,괴산군,불정면,"('괴산군', '불정면')","('괴산군', '불정면')",불정면,10827.4,18156.0,9463.1,574.7,9875.7,4176.1,774.3,0.0,0.0,0.0,2.0,0.0,0.0,0.0,10.0,1.0,1.0,3.0,21.0,12358.9,5018.0,괴산군,불정면,"('괴산군', '불정면')"
사리면,4376039000,사리면,괴산군,2017,2862.0,419.0,139.0,999.0,180.0,14.640111809923132,4.8567435359888185,34.90566037735849,6.289308176100629,7.959275960116396,-4.980079681274896,-14.489795918367342,-111.0,3012.0,2937.0,-3.7793667007150153,1.0,0.0,1.0,0.0,75.0,365.731,22.0,19.0,1.0,0.0,53.0,158.0,1916.0,1527.0,66.94619147449336,79.69728601252609,0.3494060097833682,0.0,0.3494060097833682,0.0,7.686932215234101,0.3494060097833682,26.205450733752617,1,1,0.0,,15.789473684210533,1.7773131207527444,괴산군,사리면,"('괴산군', '사리면')","('괴산군', '사리면')",사리면,7985.0,25787.2,7826.0,590.0,7810.9,3153.1,834.2,0.0,0.0,0.0,5.0,0.0,0.0,1.0,12.0,1.0,1.0,1.0,25.0,22462.9,5601.7,괴산군,사리면,"('괴산군', '사리면')"
사리면,4376039000,사리면,괴산군,2018,2877.0,444.0,133.0,1004.0,186.0,15.43274244004171,4.622871046228711,34.897462634688914,6.465067778936392,7.964503363551548,0.524109014675056,5.96658711217184,51.0,2862.0,2869.5,1.7773131207527444,1.0,0.0,1.0,0.0,75.0,365.731,22.0,25.0,1.0,0.0,61.0,168.0,1739.0,1330.0,60.44490789016337,76.48073605520413,0.3475842891901286,0.0,0.3475842891901286,0.0,7.64685436218283,0.3475842891901286,26.068821689259643,1,1,0.0,,0.0,1.7013888888888888,괴산군,사리면,"('괴산군', '사리면')","('괴산군', '사리면')",사리면,7985.0,25787.2,7826.0,590.0,7810.9,3153.1,834.2,0.0,0.0,0.0,5.0,0.0,0.0,1.0,12.0,1.0,1.0,1.0,25.0,22462.9,5601.7,괴산군,사리면,"('괴산군', '사리면')"
사리면,4376039000,사리면,괴산군,2019,2883.0,434.0,145.0,1019.0,188.0,15.053763440860216,5.029483177245924,35.3451266042317,6.520985084980922,7.966586697638402,0.2085505735140769,-2.2522522522522515,49.0,2877.0,2880.0,1.7013888888888888,1.0,0.0,1.0,0.0,75.0,365.731,18.0,23.0,1.0,0.0,60.0,182.0,1854.0,1388.0,64.30801248699271,74.86515641855448,0.3468609087755809,0.0,0.3468609087755809,0.0,6.243496357960457,0.3468609087755809,26.01456815816857,1,1,0.0,,-18.181818181818176,2.6206896551724137,괴산군,사리면,"('괴산군', '사리면')","('괴산군', '사리면')",사리면,7985.0,25787.2,7826.0,590.0,7810.9,3153.1,834.2,0.0,0.0,0.0,5.0,0.0,0.0,1.0,12.0,1.0,1.0,1.0,25.0,22462.9,5601.7,괴산군,사리면,"('괴산군', '사리면')"
사리면,4376039000,사리면,괴산군,2021,2805.0,360.0,129.0,1097.0,153.0,12.834224598930485,4.598930481283422,39.10873440285205,5.454545454545454,7.9391588179567965,-3.839561193006513,-14.28571428571429,-64.0,2917.0,2861.0,-2.23698007689619,1.0,0.0,1.0,0.0,75.0,365.731,24.0,25.0,2.0,0.0,70.0,557.0,2330.0,1281.0,83.06595365418895,54.97854077253219,0.35650623885918,0.0,0.35650623885918,0.0,8.556149732620321,0.7130124777183601,26.737967914438503,1,1,0.0,,9.090909090909085,-4.444444444444445,괴산군,사리면,"('괴산군', '사리면')","('괴산군', '사리면')",사리면,7985.0,25787.2,7826.0,590.0,7810.9,3153.1,834.2,0.0,0.0,0.0,5.0,0.0,0.0,1.0,12.0,1.0,1.0,1.0,25.0,22462.9,5601.7,괴산군,사리면,"('괴산군', '사리면')"
사리면,4376039000,사리면,괴산군,2022,2640.0,299.0,107.0,1095.0,122.0,11.325757575757574,4.053030303030303,41.47727272727273,4.621212121212121,7.878534196140362,-5.882352941176472,-16.94444444444444,-121.0,2805.0,2722.5,-4.444444444444445,1.0,0.0,1.0,0.0,75.0,365.731,24.0,25.0,2.0,0.0,70.0,553.0,2200.0,1210.0,83.33333333333334,55.00000000000001,0.3787878787878788,0.0,0.3787878787878788,0.0,9.09090909090909,0.7575757575757576,28.409090909090907,1,1,0.0,,0.0,-1.6175621028307337,괴산군,사리면,"('괴산군', '사리면')","('괴산군', '사리면')",사리면,7985.0,25787.2,7826.0,590.0,7810.9,3153.1,834.2,0.0,0.0,0.0,5.0,0.0,0.0,1.0,12.0,1.0,1.0,1.0,25.0,22462.9,5601.7,괴산군,사리면,"('괴산군', '사리면')"
사리면,4376039000,사리면,괴산군,2023,2553.0,267.0,88.0,1120.0,105.0,10.45828437132785,3.446925186055621,43.869956913435175,4.112808460634548,7.845024417241484,-3.295454545454546,-10.70234113712375,-42.0,2640.0,2596.5,-1.6175621028307337,1.0,0.0,1.0,0.0,75.0,365.731,20.0,22.0,2.0,0.0,61.0,586.0,2460.0,1335.0,96.3572267920094,54.268292682926834,0.3916960438699569,0.0,0.3916960438699569,0.0,7.833920877399139,0.7833920877399138,29.37720329024677,1,1,0.0,,-16.666666666666664,1.448707909162099,괴산군,사리면,"('괴산군', '사리면')","('괴산군', '사리면')",사리면,7985.0,25787.2,7826.0,590.0,7810.9,3153.1,834.2,0.0,0.0,0.0,5.0,0.0,0.0,1.0,12.0,1.0,1.0,1.0,25.0,22462.9,5601.7,괴산군,사리면,"('괴산군', '사리면')"
사리면,4376039000,사리면,괴산군,2024,2555.0,263.0,83.0,1174.0,102.0,10.293542074363993,3.24853228962818,45.94911937377691,3.9921722113502938,7.845807502637805,0.0783392087739809,-1.4981273408239737,37.0,2553.0,2554.0,1.448707909162099,1.0,0.0,1.0,0.0,75.0,365.731,20.0,19.0,2.0,0.0,59.0,581.0,2404.0,1338.0,94.09001956947162,55.65723793677204,0.3913894324853229,0.0,0.3913894324853229,0.0,7.8277886497064575,0.7827788649706457,29.35420743639921,1,1,0.0,,0.0,6.633625619519634,괴산군,사리면,"('괴산군', '사리면')","('괴산군', '사리면')",사리면,7985.0,25787.2,7826.0,590.0,7810.9,3153.1,834.2,0.0,0.0,0.0,5.0,0.0,0.0,1.0,12.0,1.0,1.0,1.0,25.0,22462.9,5601.7,괴산군,사리면,"('괴산군', '사리면')"
사직1동,4311251000,사직1동,청주시,2017,9170.0,2219.0,757.0,1768.0,1009.0,24.198473282442748,8.255179934569247,19.28026172300981,11.003271537622684,9.123692565250511,-3.5041565821319565,-5.73491928632116,-345.0,9503.0,9336.5,-3.695174851389707,41.0,3.0,3.0,5.0,13.0,28.761,158.0,105.0,6.0,12.0,469.0,911.0,4604.0,168.0,50.2071973827699,3.6490008688097295,4.471101417666303,0.3271537622682661,0.3271537622682661,0.5452562704471102,17.230098146128682,0.6543075245365322,1.4176663031624863,0,0,0.0,0.0,7.48299319727892,-3.1147813556503907,청주시,사직1동,"('청주시', '사직1동')","('청주시', '사직1동')",사직1동,914.9,1012.5,31.3,565.8,832.9,596.1,240.5,5.0,20.0,46.0,57.0,5.0,11.0,19.0,32.0,6.0,26.0,99.0,165.0,1012.5,31.3,청주시,사직1동,"('청주시', '사직1동')"
사직1동,4311251000,사직1동,청주시,2018,8873.0,2127.0,703.0,1803.0,969.0,23.97159923363012,7.922912205567452,20.320072128930462,10.920770877944326,9.090768236835338,-3.2388222464558303,-4.146011716989639,-281.0,9170.0,9021.5,-3.1147813556503907,39.0,3.0,3.0,5.0,13.0,28.761,161.0,105.0,6.0,12.0,482.0,956.0,4860.0,203.0,54.77290657049476,4.176954732510288,4.395356700101432,0.3381043615462639,0.3381043615462639,0.5635072692437733,18.14493406964949,0.6762087230925279,1.4651189000338103,0,0,-4.878048780487809,0.0,1.8987341772152,-5.564914318907929,청주시,사직1동,"('청주시', '사직1동')","('청주시', '사직1동')",사직1동,914.9,1012.5,31.3,565.8,832.9,596.1,240.5,5.0,20.0,46.0,57.0,5.0,11.0,19.0,32.0,6.0,26.0,99.0,165.0,1012.5,31.3,청주시,사직1동,"('청주시', '사직1동')"
사직1동,4311251000,사직1동,청주시,2019,8342.0,1914.0,605.0,1845.0,879.0,22.944138096379767,7.2524574442579715,22.116998321745385,10.53704147686406,9.02905827475689,-5.984447199368869,-10.014104372355426,-479.0,8873.0,8607.5,-5.564914318907929,37.0,3.0,3.0,5.0,13.0,28.761,162.0,112.0,8.0,13.0,500.0,934.0,5009.0,204.0,60.045552625269714,4.072669195448193,4.4353871973147925,0.3596259889714697,0.3596259889714697,0.5993766482857827,19.41980340445936,0.9590026372572524,1.5583792855430354,0,0,-5.128205128205132,0.0,0.6211180124223503,-6.966473844622753,청주시,사직1동,"('청주시', '사직1동')","('청주시', '사직1동')",사직1동,914.9,1012.5,31.3,565.8,832.9,596.1,240.5,5.0,20.0,46.0,57.0,5.0,11.0,19.0,32.0,6.0,26.0,99.0,165.0,1012.5,31.3,청주시,사직1동,"('청주시', '사직1동')"
사직1동,4311251000,사직1동,청주시,2021,6515.0,1436.0,452.0,1596.0,631.0,22.041442824251728,6.93783576362241,24.497313891020724,9.685341519570224,8.781862489558945,-15.77246283128636,-15.628672150411283,-1117.0,7735.0,7125.0,-15.67719298245614,26.0,3.0,3.0,5.0,13.0,28.761,160.0,109.0,9.0,13.0,513.0,1006.0,4592.0,147.0,70.48349961627015,3.201219512195122,3.990790483499617,0.4604758250191865,0.4604758250191865,0.7674597083653107,24.558710667689944,1.3814274750575597,1.9953952417498084,0,0,-13.33333333333333,0.0,1.9108280254777064,-14.101717305151915,청주시,사직1동,"('청주시', '사직1동')","('청주시', '사직1동')",사직1동,914.9,1012.5,31.3,565.8,832.9,596.1,240.5,5.0,20.0,46.0,57.0,5.0,11.0,19.0,32.0,6.0,26.0,99.0,165.0,1012.5,31.3,청주시,사직1동,"('청주시', '사직1동')"
사직1동,4311251000,사직1동,청주시,2023,4373.0,905.0,313.0,1143.0,392.0,20.695174937114107,7.157557740681455,26.137662931625886,8.964097873313515,8.38320455141292,-21.86885831695551,-23.949579831932777,-1192.0,5597.0,4985.0,-23.91173520561685,21.0,3.0,3.0,5.0,13.0,28.761,136.0,94.0,7.0,1.0,456.0,782.0,4158.0,134.0,95.08346672764692,3.222703222703223,4.802195289275097,0.6860278984678712,0.6860278984678712,1.143379830779785,31.09993139721016,1.6007317630916988,2.972787560027441,0,0,-4.545454545454541,0.0,-14.465408805031444,-5.859421145894861,청주시,사직1동,"('청주시', '사직1동')","('청주시', '사직1동')",사직1동,914.9,1012.5,31.3,565.8,832.9,596.1,240.5,5.0,20.0,46.0,57.0,5.0,11.0,19.0,32.0,6.0,26.0,99.0,165.0,1012.5,31.3,청주시,사직1동,"('청주시', '사직1동')"
사직1동,4311251000,사직1동,청주시,2024,4092.0,796.0,268.0,1159.0,348.0,19.45259042033236,6.549364613880742,28.323558162267844,8.504398826979472,8.316789127071518,-6.4257946489823965,-12.044198895027623,-248.0,4373.0,4232.5,-5.859421145894861,17.0,3.0,3.0,5.0,13.0,28.761,127.0,84.0,8.0,2.0,420.0,765.0,4175.0,118.0,102.02834799608992,2.8263473053892216,4.1544477028348,0.7331378299120235,0.7331378299120235,1.2218963831867058,31.03616813294233,1.9550342130987293,3.176930596285435,0,0,-19.047619047619047,0.0,-6.617647058823528,-2.862476664592408,청주시,사직1동,"('청주시', '사직1동')","('청주시', '사직1동')",사직1동,914.9,1012.5,31.3,565.8,832.9,596.1,240.5,5.0,20.0,46.0,57.0,5.0,11.0,19.0,32.0,6.0,26.0,99.0,165.0,1012.5,31.3,청주시,사직1동,"('청주시', '사직1동')"
사직2동,4311252000,사직2동,청주시,2017,15791.0,4412.0,2500.0,1869.0,2197.0,27.93996580330568,15.83180292571718,11.835855867266163,13.912988411120258,9.667195436466644,-1.7850478915288015,-4.626026805015126,-335.0,16078.0,15934.5,-2.1023565220119864,1.0,0.0,0.0,0.0,6.0,30.107,128.0,87.0,28.0,12.0,371.0,659.0,2558.0,51.0,16.19910075359382,1.99374511336982,0.0633272117028687,0.0,0.0,0.0,8.105883097967196,1.7731619276803243,0.3799632702172123,1,1,0.0,,13.27433628318584,-4.326767839845011,청주시,사직2동,"('청주시', '사직2동')","('청주시', '사직2동')",사직2동,707.5,707.5,32.0,442.1,680.5,716.8,245.6,6.0,18.0,48.0,59.0,6.0,12.0,19.0,32.0,5.0,24.0,104.0,170.0,473.1,7.2,청주시,사직2동,"('청주시', '사직2동')"
사직2동,4311252000,사직2동,청주시,2018,15179.0,4164.0,2316.0,1969.0,2086.0,27.432637196126223,15.257922129257526,12.97186902958034,13.742670795177547,9.627668172626858,-3.875625356215562,-5.621033544877607,-670.0,15791.0,15485.0,-4.326767839845011,1.0,0.0,0.0,0.0,6.0,30.107,125.0,82.0,29.0,12.0,365.0,653.0,2694.0,51.0,17.748204756571578,1.893095768374165,0.065880492786086,0.0,0.0,0.0,8.235061598260756,1.910534290796495,0.3952829567165162,1,1,0.0,,-2.34375,-2.001995344196874,청주시,사직2동,"('청주시', '사직2동')","('청주시', '사직2동')",사직2동,707.5,707.5,32.0,442.1,680.5,716.8,245.6,6.0,18.0,48.0,59.0,6.0,12.0,19.0,32.0,5.0,24.0,104.0,170.0,473.1,7.2,청주시,사직2동,"('청주시', '사직2동')"
사직2동,4311252000,사직2동,청주시,2019,14891.0,3982.0,2230.0,2090.0,1997.0,26.7409844872742,14.975488550130953,14.0353233496743,13.410785037942382,9.608512282590205,-1.8973581922392733,-4.370797310278574,-301.0,15179.0,15035.0,-2.001995344196874,1.0,0.0,0.0,0.0,6.0,30.107,117.0,87.0,32.0,12.0,366.0,644.0,2646.0,59.0,17.76912228863072,2.229780801209373,0.0671546571754751,0.0,0.0,0.0,7.857094889530588,2.148949029615204,0.4029279430528507,1,1,0.0,,-6.399999999999995,-3.8416843256545214,청주시,사직2동,"('청주시', '사직2동')","('청주시', '사직2동')",사직2동,707.5,707.5,32.0,442.1,680.5,716.8,245.6,6.0,18.0,48.0,59.0,6.0,12.0,19.0,32.0,5.0,24.0,104.0,170.0,473.1,7.2,청주시,사직2동,"('청주시', '사직2동')"
사직2동,4311252000,사직2동,청주시,2021,13728.0,3327.0,2048.0,2271.0,1656.0,24.23513986013986,14.918414918414918,16.542832167832167,12.062937062937063,9.527192821727745,-4.447692628941324,-8.548653106102256,-650.0,14367.0,14047.5,-4.627157857269977,0.0,0.0,0.0,0.0,6.0,30.107,120.0,89.0,37.0,12.0,392.0,798.0,2664.0,44.0,19.405594405594407,1.6516516516516515,0.0,0.0,0.0,0.0,8.741258741258742,2.695221445221445,0.437062937062937,1,1,,,1.6949152542372836,-4.700089525514771,청주시,사직2동,"('청주시', '사직2동')","('청주시', '사직2동')",사직2동,707.5,707.5,32.0,442.1,680.5,716.8,245.6,6.0,18.0,48.0,59.0,6.0,12.0,19.0,32.0,5.0,24.0,104.0,170.0,473.1,7.2,청주시,사직2동,"('청주시', '사직2동')"
사직2동,4311252000,사직2동,청주시,2022,13080.0,2974.0,1927.0,2307.0,1468.0,22.737003058103973,14.732415902140673,17.637614678899084,11.223241590214068,9.47883962501119,-4.720279720279718,-10.610159302675084,-630.0,13728.0,13404.0,-4.700089525514771,0.0,0.0,0.0,0.0,6.0,30.107,117.0,82.0,41.0,12.0,396.0,784.0,2644.0,53.0,20.214067278287462,2.004538577912254,0.0,0.0,0.0,0.0,8.944954128440369,3.134556574923547,0.4587155963302752,1,1,,,-2.500000000000002,-2.9207824907999225,청주시,사직2동,"('청주시', '사직2동')","('청주시', '사직2동')",사직2동,707.5,707.5,32.0,442.1,680.5,716.8,245.6,6.0,18.0,48.0,59.0,6.0,12.0,19.0,32.0,5.0,24.0,104.0,170.0,473.1,7.2,청주시,사직2동,"('청주시', '사직2동')"
사직2동,4311252000,사직2동,청주시,2023,12735.0,2790.0,1825.0,2394.0,1331.0,21.908127208480565,14.330585001963096,18.79858657243816,10.451511582253632,9.452109387413556,-2.6376146788990806,-6.186953597848022,-377.0,13080.0,12907.5,-2.9207824907999225,0.0,0.0,0.0,0.0,6.0,30.107,108.0,75.0,11.0,0.0,331.0,775.0,2373.0,58.0,18.63368669022379,2.444163506110409,0.0,0.0,0.0,0.0,8.480565371024735,0.8637612877895563,0.4711425206124853,1,1,,,-7.692307692307687,-9.623379296151471,청주시,사직2동,"('청주시', '사직2동')","('청주시', '사직2동')",사직2동,707.5,707.5,32.0,442.1,680.5,716.8,245.6,6.0,18.0,48.0,59.0,6.0,12.0,19.0,32.0,5.0,24.0,104.0,170.0,473.1,7.2,청주시,사직2동,"('청주시', '사직2동')"
사직2동,4311252000,사직2동,청주시,2024,11560.0,2493.0,1650.0,2292.0,1191.0,21.56574394463668,14.273356401384085,19.82698961937716,10.302768166089963,9.355306142226368,-9.226541028661172,-10.64516129032258,-1169.0,12735.0,12147.5,-9.623379296151471,0.0,0.0,0.0,0.0,6.0,30.107,99.0,76.0,14.0,0.0,321.0,584.0,2070.0,40.0,17.906574394463668,1.932367149758454,0.0,0.0,0.0,0.0,8.564013840830448,1.2110726643598615,0.5190311418685122,1,1,,,-8.333333333333337,-7.629476707656405,청주시,사직2동,"('청주시', '사직2동')","('청주시', '사직2동')",사직2동,707.5,707.5,32.0,442.1,680.5,716.8,245.6,6.0,18.0,48.0,59.0,6.0,12.0,19.0,32.0,5.0,24.0,104.0,170.0,473.1,7.2,청주시,사직2동,"('청주시', '사직2동')"
사창동,4311253000,사창동,청주시,2017,16175.0,5810.0,1542.0,2279.0,2704.0,35.91962905718702,9.53323029366306,14.08964451313756,16.717156105100464,9.6912221193691,-1.2274059599413745,-1.358234295415961,-213.0,16376.0,16275.5,-1.308715554053639,9.0,3.0,2.0,0.0,14.0,13.449,334.0,500.0,63.0,38.0,1356.0,1796.0,6992.0,155.0,43.22720247295209,2.216819221967964,0.5564142194744977,0.1854714064914992,0.1236476043276661,0.0,20.649149922720245,3.8948995363214833,0.865533230293663,1,0,0.0,0.0,9.508196721311467,-2.144554207827935,청주시,사창동,"('청주시', '사창동')","('청주시', '사창동')",사창동,465.5,1108.4,16.0,99.9,991.7,826.8,22.5,7.0,26.0,48.0,59.0,7.0,12.0,21.0,33.0,8.0,30.0,104.0,172.0,1108.4,16.0,청주시,사창동,"('청주시', '사창동')"
사창동,4311253000,사창동,청주시,2018,15813.0,5692.0,1404.0,2365.0,2637.0,35.99569974071966,8.87877063175868,14.956048820590654,16.67615253272624,9.668587665523315,-2.238021638330756,-2.030981067125648,-343.0,16175.0,15994.0,-2.144554207827935,9.0,1.0,2.0,0.0,14.0,13.449,349.0,534.0,74.0,38.0,1425.0,1824.0,7125.0,145.0,45.05786378296339,2.0350877192982457,0.5691519635742743,0.0632391070638082,0.1264782141276165,0.0,22.07044836526908,4.679693922721811,0.8853474988933157,1,0,0.0,-66.66666666666667,4.491017964071853,-3.072078151611556,청주시,사창동,"('청주시', '사창동')","('청주시', '사창동')",사창동,465.5,1108.4,16.0,99.9,991.7,826.8,22.5,7.0,26.0,48.0,59.0,7.0,12.0,21.0,33.0,8.0,30.0,104.0,172.0,1108.4,16.0,청주시,사창동,"('청주시', '사창동')"
사창동,4311253000,사창동,청주시,2019,15306.0,5545.0,1264.0,2472.0,2599.0,36.227623154318565,8.258199398928525,16.150529204233635,16.980269175486736,9.636000187369866,-3.206222728135077,-2.582572030920593,-478.0,15813.0,15559.5,-3.072078151611556,9.0,3.0,2.0,0.0,14.0,13.449,358.0,543.0,83.0,39.0,1451.0,1812.0,7137.0,168.0,46.62877303018424,2.3539302227826817,0.5880047040376323,0.1960015680125441,0.1306677120083627,0.0,23.389520449496928,5.422710048347054,0.9146739840585392,1,0,0.0,200.0,2.57879656160458,-2.6716165600450794,청주시,사창동,"('청주시', '사창동')","('청주시', '사창동')",사창동,465.5,1108.4,16.0,99.9,991.7,826.8,22.5,7.0,26.0,48.0,59.0,7.0,12.0,21.0,33.0,8.0,30.0,104.0,172.0,1108.4,16.0,청주시,사창동,"('청주시', '사창동')"
사창동,4311253000,사창동,청주시,2021,14622.0,5402.0,996.0,2697.0,2457.0,36.94433046094925,6.811653672548215,18.44480919162905,16.803446860894542,9.59028252285326,-1.62147614882594,-0.7897153351698827,-193.0,14863.0,14742.5,-1.309140240800407,9.0,1.0,2.0,0.0,14.0,13.449,369.0,591.0,112.0,41.0,1574.0,2240.0,6920.0,123.0,47.32594720284503,1.777456647398844,0.6155108740254411,0.0683900971139379,0.1367801942278758,0.0,25.235945835043086,7.659690876761045,0.9574613595951308,1,0,0.0,-66.66666666666667,3.9436619718309807,0.3699517007501798,청주시,사창동,"('청주시', '사창동')","('청주시', '사창동')",사창동,465.5,1108.4,16.0,99.9,991.7,826.8,22.5,7.0,26.0,48.0,59.0,7.0,12.0,21.0,33.0,8.0,30.0,104.0,172.0,1108.4,16.0,청주시,사창동,"('청주시', '사창동')"
사창동,4311253000,사창동,청주시,2022,14571.0,5434.0,942.0,2825.0,2413.0,37.29325372314872,6.464896026353717,19.38782513211173,16.560290988950655,9.586788531013854,-0.3487894952810877,0.5923731951129163,54.0,14622.0,14596.5,0.3699517007501798,7.0,1.0,2.0,0.0,14.0,13.449,386.0,615.0,120.0,42.0,1668.0,2249.0,7330.0,136.0,50.3054011392492,1.8553888130968623,0.4804062864594056,0.0686294694942008,0.1372589389884016,0.0,26.49097522476151,8.235536339304097,0.9608125729188112,1,0,-22.22222222222222,0.0,4.607046070460696,-1.4969852380622355,청주시,사창동,"('청주시', '사창동')","('청주시', '사창동')",사창동,465.5,1108.4,16.0,99.9,991.7,826.8,22.5,7.0,26.0,48.0,59.0,7.0,12.0,21.0,33.0,8.0,30.0,104.0,172.0,1108.4,16.0,청주시,사창동,"('청주시', '사창동')"
사창동,4311253000,사창동,청주시,2023,14287.0,5414.0,856.0,2864.0,2430.0,37.894589486946174,5.991460768530833,20.046195842374186,17.0084692377686,9.567105311865156,-1.9490769336353075,-0.3680529996319515,-216.0,14571.0,14429.0,-1.4969852380622355,7.0,1.0,2.0,0.0,14.0,13.449,345.0,599.0,62.0,15.0,1506.0,2219.0,7145.0,106.0,50.01049905508504,1.4835549335199438,0.4899559039686428,0.0699937005669489,0.1399874011338979,0.0,24.1478266955974,4.3396094351508365,0.9799118079372856,1,0,0.0,0.0,-10.621761658031092,-0.8727477477477477,청주시,사창동,"('청주시', '사창동')","('청주시', '사창동')",사창동,465.5,1108.4,16.0,99.9,991.7,826.8,22.5,7.0,26.0,48.0,59.0,7.0,12.0,21.0,33.0,8.0,30.0,104.0,172.0,1108.4,16.0,청주시,사창동,"('청주시', '사창동')"
사창동,4311253000,사창동,청주시,2024,14129.0,5323.0,782.0,2969.0,2368.0,37.67428692759572,5.534715832684549,21.01351829570387,16.759855616108712,9.555984701765809,-1.105900468957799,-1.6808274842999626,-124.0,14287.0,14208.0,-0.8727477477477477,7.0,1.0,2.0,0.0,14.0,13.449,338.0,578.0,58.0,16.0,1469.0,2216.0,6905.0,102.0,48.87111614410078,1.4771904417089066,0.4954349210842946,0.0707764172977563,0.1415528345955127,0.0,23.922429046641657,4.105032203269871,0.9908698421685892,1,0,0.0,0.0,-2.0289855072463725,-0.7405824966175318,청주시,사창동,"('청주시', '사창동')","('청주시', '사창동')",사창동,465.5,1108.4,16.0,99.9,991.7,826.8,22.5,7.0,26.0,48.0,59.0,7.0,12.0,21.0,33.0,8.0,30.0,104.0,172.0,1108.4,16.0,청주시,사창동,"('청주시', '사창동')"
산남동,4311255000,산남동,청주시,2017,29476.0,7816.0,5602.0,2137.0,3886.0,26.516487990229336,19.005292441308185,7.249966074094178,13.183607002306964,10.29133165188689,-1.0141715360333148,-1.6731664360296938,-460.0,29778.0,29627.0,-1.552637796604449,25.0,0.0,4.0,0.0,39.0,55.314,323.0,523.0,97.0,25.0,1501.0,1935.0,10451.0,235.0,35.455964174243455,2.248588651803656,0.848147645542136,0.0,0.1357036232867417,0.0,10.958067580404396,3.290812864703488,1.323110327045732,1,1,0.0,,16.18705035971224,-3.7854998447151385,청주시,산남동,"('청주시', '산남동')","('청주시', '산남동')",산남동,936.5,3238.4,1370.3,368.2,2471.2,642.8,256.6,1.0,5.0,26.0,57.0,0.0,0.0,11.0,32.0,2.0,7.0,46.0,155.0,2884.1,1333.4,청주시,산남동,"('청주시', '산남동')"
산남동,4311255000,산남동,청주시,2018,28482.0,7501.0,5061.0,2216.0,3657.0,26.33593146548697,17.76911733726564,7.78035250333544,12.839688224141565,10.257027587779373,-3.37223503867553,-4.030194472876147,-1097.0,29476.0,28979.0,-3.7854998447151385,25.0,2.0,4.0,0.0,39.0,55.314,328.0,539.0,110.0,27.0,1576.0,2015.0,11479.0,247.0,40.3026472860052,2.1517553793884483,0.8777473492030053,0.0702197879362404,0.1404395758724808,0.0,11.516045221543427,3.862088336493224,1.3692858647566883,1,0,0.0,inf,1.5479876160990669,-2.82807441926648,청주시,산남동,"('청주시', '산남동')","('청주시', '산남동')",산남동,936.5,3238.4,1370.3,368.2,2471.2,642.8,256.6,1.0,5.0,26.0,57.0,0.0,0.0,11.0,32.0,2.0,7.0,46.0,155.0,2884.1,1333.4,청주시,산남동,"('청주시', '산남동')"
산남동,4311255000,산남동,청주시,2019,27740.0,7141.0,4662.0,2322.0,3418.0,25.742609949531364,16.806056236481616,8.370583994232156,12.321557317952417,10.230630693868823,-2.6051541324345173,-4.799360085321958,-795.0,28482.0,28111.0,-2.82807441926648,25.0,2.0,4.0,0.0,39.0,55.314,327.0,544.0,116.0,28.0,1591.0,2040.0,10520.0,255.0,37.92357606344628,2.423954372623574,0.9012256669069936,0.0720980533525594,0.1441961067051189,0.0,11.788031723143476,4.181687094448449,1.40591204037491,1,0,0.0,0.0,-0.3048780487804881,-3.697589963684384,청주시,산남동,"('청주시', '산남동')","('청주시', '산남동')",산남동,936.5,3238.4,1370.3,368.2,2471.2,642.8,256.6,1.0,5.0,26.0,57.0,0.0,0.0,11.0,32.0,2.0,7.0,46.0,155.0,2884.1,1333.4,청주시,산남동,"('청주시', '산남동')"
산남동,4311255000,산남동,청주시,2021,26382.0,6735.0,4070.0,2540.0,3203.0,25.52876961564704,15.427185202031689,9.627776514290046,12.140853612311425,10.180437238408864,-1.4935404376073436,-1.2752858399296407,-423.0,26782.0,26582.0,-1.5913023850726054,20.0,2.0,4.0,0.0,39.0,55.314,330.0,529.0,150.0,29.0,1638.0,2934.0,11518.0,333.0,43.658555075430215,2.8911269317589863,0.7580926389204762,0.0758092638920476,0.1516185277840952,0.0,12.508528542187856,5.68569479190357,1.4782806458949282,1,0,-9.090909090909092,0.0,2.1671826625387025,-1.366412213740458,청주시,산남동,"('청주시', '산남동')","('청주시', '산남동')",산남동,936.5,3238.4,1370.3,368.2,2471.2,642.8,256.6,1.0,5.0,26.0,57.0,0.0,0.0,11.0,32.0,2.0,7.0,46.0,155.0,2884.1,1333.4,청주시,산남동,"('청주시', '산남동')"
산남동,4311255000,산남동,청주시,2022,26018.0,6508.0,3803.0,2710.0,3010.0,25.013452225382427,14.616803751249137,10.41586593896533,11.568913828887691,10.166543885161504,-1.3797286028352618,-3.37045285820341,-358.0,26382.0,26200.0,-1.366412213740458,19.0,2.0,4.0,0.0,39.0,55.314,350.0,541.0,168.0,31.0,1719.0,2942.0,11223.0,332.0,43.135521561995546,2.958210817072084,0.7302636636174955,0.0768698593281574,0.1537397186563148,0.0,13.45222538242755,6.457068183565225,1.49896225689907,1,0,-5.000000000000004,0.0,6.060606060606055,-2.025336101034008,청주시,산남동,"('청주시', '산남동')","('청주시', '산남동')",산남동,936.5,3238.4,1370.3,368.2,2471.2,642.8,256.6,1.0,5.0,26.0,57.0,0.0,0.0,11.0,32.0,2.0,7.0,46.0,155.0,2884.1,1333.4,청주시,산남동,"('청주시', '산남동')"
산남동,4311255000,산남동,청주시,2023,25529.0,6216.0,3513.0,2872.0,2895.0,24.34877981902934,13.760821027067257,11.249951036076618,11.340044655098124,10.147570339863991,-1.8794680605734528,-4.486785494775658,-522.0,26018.0,25773.5,-2.025336101034008,17.0,2.0,4.0,0.0,39.0,55.314,307.0,502.0,78.0,11.0,1548.0,2989.0,11832.0,294.0,46.34729131575855,2.4847870182555782,0.6659093579850366,0.0783422774100043,0.1566845548200086,0.0,12.025539582435664,3.055348818990168,1.5276744094950838,1,0,-10.526315789473683,0.0,-12.285714285714288,-1.826700670185636,청주시,산남동,"('청주시', '산남동')","('청주시', '산남동')",산남동,936.5,3238.4,1370.3,368.2,2471.2,642.8,256.6,1.0,5.0,26.0,57.0,0.0,0.0,11.0,32.0,2.0,7.0,46.0,155.0,2884.1,1333.4,청주시,산남동,"('청주시', '산남동')"
산남동,4311255000,산남동,청주시,2024,25054.0,5985.0,3250.0,3065.0,2760.0,23.88840105372396,12.971980522072323,12.233575476969746,11.016204997206035,10.128788774404136,-1.8606290884875976,-3.716216216216217,-462.0,25529.0,25291.5,-1.826700670185636,16.0,2.0,4.0,0.0,39.0,55.314,301.0,484.0,79.0,12.0,1524.0,2979.0,13690.0,298.0,54.6419733375908,2.176771365960555,0.638620579548176,0.079827572443522,0.159655144887044,0.0,12.014049652750058,3.153189111519119,1.5566376626486789,1,0,-5.882352941176472,0.0,-1.954397394136809,-1.4521027332515437,청주시,산남동,"('청주시', '산남동')","('청주시', '산남동')",산남동,936.5,3238.4,1370.3,368.2,2471.2,642.8,256.6,1.0,5.0,26.0,57.0,0.0,0.0,11.0,32.0,2.0,7.0,46.0,155.0,2884.1,1333.4,청주시,산남동,"('청주시', '산남동')"
산외면,4372040000,산외면,보은군,2017,1873.0,250.0,91.0,680.0,107.0,13.347570742124931,4.858515750133476,36.30539241857982,5.712760277629472,7.535296702444088,0.1068947087119243,0.4016064257028162,11.0,1871.0,1872.0,0.5876068376068376,0.0,0.0,0.0,0.0,80.0,410.033,12.0,8.0,1.0,0.0,27.0,66.0,223.0,62.0,11.90603310197544,27.802690582959645,0.0,0.0,0.0,0.0,6.406833956219967,0.5339028296849972,42.71222637479979,1,1,,,9.090909090909085,0.429876410531972,보은군,산외면,"('보은군', '산외면')","('보은군', '산외면')",산외면,9200.5,11956.2,12344.9,703.1,10039.5,7470.7,976.0,0.0,0.0,1.0,5.0,0.0,0.0,3.0,7.0,0.0,0.0,5.0,24.0,7478.4,7867.2,보은군,산외면,"('보은군', '산외면')"
산외면,4372040000,산외면,보은군,2018,1849.0,234.0,85.0,682.0,98.0,12.65548945375879,4.597079502433748,36.88480259599783,5.300162249864792,7.522400231387125,-1.2813667912439983,-6.399999999999995,8.0,1873.0,1861.0,0.429876410531972,0.0,0.0,0.0,0.0,80.0,410.033,17.0,7.0,1.0,0.0,37.0,70.0,241.0,65.0,13.034072471606272,26.97095435684648,0.0,0.0,0.0,0.0,9.194159004867496,0.5408328826392645,43.26663061114115,1,1,,,41.66666666666667,-0.2175095160413268,보은군,산외면,"('보은군', '산외면')","('보은군', '산외면')",산외면,9200.5,11956.2,12344.9,703.1,10039.5,7470.7,976.0,0.0,0.0,1.0,5.0,0.0,0.0,3.0,7.0,0.0,0.0,5.0,24.0,7478.4,7867.2,보은군,산외면,"('보은군', '산외면')"
산외면,4372040000,산외면,보은군,2019,1829.0,205.0,86.0,706.0,78.0,11.208310552214323,4.702022963367961,38.60032804811373,4.264625478403499,7.511524648390866,-1.0816657652785278,-12.393162393162394,-4.0,1849.0,1839.0,-0.2175095160413268,0.0,0.0,0.0,0.0,80.0,410.033,17.0,7.0,1.0,0.0,39.0,58.0,215.0,62.0,11.7550574084199,28.837209302325583,0.0,0.0,0.0,0.0,9.294696555494806,0.5467468562055767,43.73974849644615,1,1,,,0.0,-0.5534034311012728,보은군,산외면,"('보은군', '산외면')","('보은군', '산외면')",산외면,9200.5,11956.2,12344.9,703.1,10039.5,7470.7,976.0,0.0,0.0,1.0,5.0,0.0,0.0,3.0,7.0,0.0,0.0,5.0,24.0,7478.4,7867.2,보은군,산외면,"('보은군', '산외면')"
산외면,4372040000,산외면,보은군,2021,1736.0,161.0,57.0,747.0,61.0,9.274193548387096,3.2834101382488474,43.02995391705069,3.513824884792627,7.459338895220296,-2.745098039215688,-12.5,-6.0,1785.0,1760.5,-0.3408122692416927,0.0,0.0,0.0,0.0,80.0,410.033,15.0,7.0,1.0,0.0,37.0,153.0,326.0,63.0,18.77880184331797,19.32515337423313,0.0,0.0,0.0,0.0,8.640552995391706,0.5760368663594471,46.082949308755765,1,1,,,-6.25,2.413793103448276,보은군,산외면,"('보은군', '산외면')","('보은군', '산외면')",산외면,9200.5,11956.2,12344.9,703.1,10039.5,7470.7,976.0,0.0,0.0,1.0,5.0,0.0,0.0,3.0,7.0,0.0,0.0,5.0,24.0,7478.4,7867.2,보은군,산외면,"('보은군', '산외면')"
산외면,4372040000,산외면,보은군,2022,1744.0,148.0,55.0,787.0,51.0,8.486238532110093,3.153669724770642,45.12614678899082,2.9243119266055047,7.463936604468925,0.4608294930875667,-8.074534161490687,42.0,1736.0,1740.0,2.413793103448276,0.0,0.0,0.0,0.0,80.0,410.033,14.0,8.0,1.0,0.0,38.0,139.0,321.0,62.0,18.40596330275229,19.31464174454829,0.0,0.0,0.0,0.0,8.027522935779817,0.573394495412844,45.87155963302752,1,1,,,-6.666666666666665,-1.1607661056297156,보은군,산외면,"('보은군', '산외면')","('보은군', '산외면')",산외면,9200.5,11956.2,12344.9,703.1,10039.5,7470.7,976.0,0.0,0.0,1.0,5.0,0.0,0.0,3.0,7.0,0.0,0.0,5.0,24.0,7478.4,7867.2,보은군,산외면,"('보은군', '산외면')"
산외면,4372040000,산외면,보은군,2023,1702.0,139.0,40.0,809.0,48.0,8.166862514688601,2.3501762632197414,47.53231492361928,2.82021151586369,7.43955930913332,-2.40825688073395,-6.081081081081086,-20.0,1744.0,1723.0,-1.1607661056297156,0.0,0.0,0.0,0.0,80.0,410.033,12.0,8.0,1.0,0.0,37.0,188.0,360.0,64.0,21.151586368977675,17.77777777777778,0.0,0.0,0.0,0.0,7.050528789659225,0.5875440658049353,47.00352526439482,1,1,,,-14.28571428571429,0.5322294500295683,보은군,산외면,"('보은군', '산외면')","('보은군', '산외면')",산외면,9200.5,11956.2,12344.9,703.1,10039.5,7470.7,976.0,0.0,0.0,1.0,5.0,0.0,0.0,3.0,7.0,0.0,0.0,5.0,24.0,7478.4,7867.2,보은군,산외면,"('보은군', '산외면')"
산외면,4372040000,산외면,보은군,2024,1680.0,132.0,43.0,821.0,46.0,7.857142857142857,2.5595238095238093,48.86904761904762,2.738095238095238,7.426549072397305,-1.292596944770863,-5.035971223021585,9.0,1702.0,1691.0,0.5322294500295683,0.0,0.0,0.0,0.0,80.0,410.033,14.0,8.0,1.0,0.0,41.0,205.0,360.0,43.0,21.428571428571427,11.944444444444445,0.0,0.0,0.0,0.0,8.333333333333334,0.5952380952380952,47.61904761904762,1,1,,,16.666666666666675,3.4900916888494526,보은군,산외면,"('보은군', '산외면')","('보은군', '산외면')",산외면,9200.5,11956.2,12344.9,703.1,10039.5,7470.7,976.0,0.0,0.0,1.0,5.0,0.0,0.0,3.0,7.0,0.0,0.0,5.0,24.0,7478.4,7867.2,보은군,산외면,"('보은군', '산외면')"
산척면,4313041000,산척면,충주시,2017,2519.0,380.0,113.0,893.0,169.0,15.085351329892816,4.485907105994443,35.45057562524811,6.709011512504963,7.831617276352611,-0.7094994087504913,2.42587601078168,15.0,2537.0,2528.0,0.5933544303797469,1.0,0.0,2.0,0.0,44.0,509.111,48.0,67.0,1.0,0.0,137.0,260.0,1769.0,566.0,70.22628026994839,31.995477671000565,0.3969829297340214,0.0,0.7939658594680428,0.0,19.055180627233028,0.3969829297340214,17.46724890829694,1,1,0.0,,6.666666666666665,-1.93158953722334,충주시,산척면,"('충주시', '산척면')","('충주시', '산척면')",산척면,8660.7,16402.5,11326.3,879.9,7391.3,3531.1,778.4,0.0,0.0,1.0,3.0,0.0,0.0,2.0,9.0,1.0,1.0,6.0,27.0,11796.0,5960.9,충주시,산척면,"('충주시', '산척면')"
산척면,4313041000,산척면,충주시,2018,2451.0,351.0,113.0,901.0,151.0,14.320685434516523,4.610363117095064,36.76050591595267,6.160750713994288,7.804251383528112,-2.699483922191348,-7.631578947368423,-48.0,2519.0,2485.0,-1.93158953722334,1.0,0.0,2.0,0.0,44.0,509.111,48.0,70.0,1.0,1.0,141.0,283.0,1896.0,557.0,77.3561811505508,29.377637130801688,0.4079967360261117,0.0,0.8159934720522235,0.0,19.58384332925336,0.4079967360261117,17.95185638514892,1,1,0.0,,0.0,-2.243456584960532,충주시,산척면,"('충주시', '산척면')","('충주시', '산척면')",산척면,8660.7,16402.5,11326.3,879.9,7391.3,3531.1,778.4,0.0,0.0,1.0,3.0,0.0,0.0,2.0,9.0,1.0,1.0,6.0,27.0,11796.0,5960.9,충주시,산척면,"('충주시', '산척면')"
산척면,4313041000,산척면,충주시,2019,2363.0,308.0,94.0,911.0,133.0,13.034278459585272,3.977994075327973,38.55268726195514,5.628438425730004,7.767687277186908,-3.59037127702978,-12.250712250712247,-54.0,2451.0,2407.0,-2.243456584960532,1.0,0.0,2.0,0.0,44.0,509.111,47.0,81.0,1.0,1.0,154.0,287.0,1912.0,551.0,80.91409225560729,28.81799163179916,0.4231908590774439,0.0,0.8463817181548878,0.0,19.889970376639862,0.4231908590774439,18.62039779940753,1,1,0.0,,-2.083333333333337,-1.6738197424892705,충주시,산척면,"('충주시', '산척면')","('충주시', '산척면')",산척면,8660.7,16402.5,11326.3,879.9,7391.3,3531.1,778.4,0.0,0.0,1.0,3.0,0.0,0.0,2.0,9.0,1.0,1.0,6.0,27.0,11796.0,5960.9,충주시,산척면,"('충주시', '산척면')"
산척면,4313041000,산척면,충주시,2021,2247.0,233.0,82.0,956.0,84.0,10.36938139741878,3.6493101913662658,42.54561637739208,3.738317757009345,7.717351272185329,-2.1767522855899,-10.38461538461538,-2.0,2297.0,2272.0,-0.0880281690140845,1.0,0.0,2.0,0.0,44.0,509.111,46.0,85.0,2.0,2.0,160.0,404.0,1972.0,521.0,87.76145972407654,26.41987829614604,0.4450378282153983,0.0,0.8900756564307966,0.0,20.471740097908324,0.8900756564307966,19.58166444147753,1,1,0.0,,-7.9999999999999964,0.6273806856374636,충주시,산척면,"('충주시', '산척면')","('충주시', '산척면')",산척면,8660.7,16402.5,11326.3,879.9,7391.3,3531.1,778.4,0.0,0.0,1.0,3.0,0.0,0.0,2.0,9.0,1.0,1.0,6.0,27.0,11796.0,5960.9,충주시,산척면,"('충주시', '산척면')"
산척면,4313041000,산척면,충주시,2022,2216.0,227.0,81.0,976.0,82.0,10.243682310469314,3.655234657039711,44.04332129963899,3.7003610108303246,7.703459047867175,-1.3796172674677365,-2.575107296137336,14.0,2247.0,2231.5,0.6273806856374636,1.0,0.0,2.0,0.0,44.0,509.111,48.0,87.0,2.0,2.0,175.0,422.0,2073.0,535.0,93.54693140794224,25.80800771828268,0.4512635379061372,0.0,0.9025270758122744,0.0,21.66064981949458,0.9025270758122744,19.85559566787004,1,1,0.0,,4.347826086956519,0.6369426751592357,충주시,산척면,"('충주시', '산척면')","('충주시', '산척면')",산척면,8660.7,16402.5,11326.3,879.9,7391.3,3531.1,778.4,0.0,0.0,1.0,3.0,0.0,0.0,2.0,9.0,1.0,1.0,6.0,27.0,11796.0,5960.9,충주시,산척면,"('충주시', '산척면')"
산척면,4313041000,산척면,충주시,2023,2180.0,205.0,69.0,1006.0,75.0,9.403669724770642,3.1651376146788994,46.14678899082569,3.440366972477064,7.687080155783135,-1.6245487364620947,-9.691629955947134,14.0,2216.0,2198.0,0.6369426751592357,1.0,0.0,2.0,0.0,44.0,509.111,50.0,81.0,2.0,1.0,169.0,443.0,2429.0,670.0,111.42201834862388,27.58336764100453,0.4587155963302752,0.0,0.9174311926605504,0.0,22.93577981651376,0.9174311926605504,20.18348623853211,1,1,0.0,,4.166666666666674,0.6448641179180101,충주시,산척면,"('충주시', '산척면')","('충주시', '산척면')",산척면,8660.7,16402.5,11326.3,879.9,7391.3,3531.1,778.4,0.0,0.0,1.0,3.0,0.0,0.0,2.0,9.0,1.0,1.0,6.0,27.0,11796.0,5960.9,충주시,산척면,"('충주시', '산척면')"
산척면,4313041000,산척면,충주시,2024,2162.0,183.0,56.0,1067.0,63.0,8.464384828862165,2.590194264569843,49.35245143385754,2.913968547641073,7.6787889981991535,-0.8256880733944927,-10.73170731707317,14.0,2180.0,2171.0,0.6448641179180101,1.0,0.0,2.0,0.0,44.0,509.111,55.0,83.0,3.0,1.0,177.0,469.0,2461.0,760.0,113.82978723404256,30.88175538399025,0.4625346901017577,0.0,0.9250693802035154,0.0,25.439407955596668,1.3876040703052728,20.351526364477337,1,1,0.0,,10.000000000000009,2.0852641334569046,충주시,산척면,"('충주시', '산척면')","('충주시', '산척면')",산척면,8660.7,16402.5,11326.3,879.9,7391.3,3531.1,778.4,0.0,0.0,1.0,3.0,0.0,0.0,2.0,9.0,1.0,1.0,6.0,27.0,11796.0,5960.9,충주시,산척면,"('충주시', '산척면')"
살미면,4313031000,살미면,충주시,2017,2173.0,299.0,106.0,713.0,120.0,13.759779107225034,4.878048780487805,32.81178094799816,5.522319374137138,7.683863980256429,-1.7631103074141063,-7.14285714285714,-11.0,2212.0,2192.5,-0.5017103762827821,1.0,0.0,1.0,0.0,73.0,454.29,42.0,26.0,1.0,0.0,91.0,163.0,523.0,102.0,24.06810860561436,19.50286806883365,0.4601932811780948,0.0,0.4601932811780948,0.0,19.32811780947998,0.4601932811780948,33.59410952600092,1,1,0.0,,10.526315789473696,-0.4633920296570898,충주시,살미면,"('충주시', '살미면')","('충주시', '살미면')",살미면,9768.8,14239.4,12494.5,717.2,12267.7,4107.4,756.6,0.0,0.0,1.0,3.0,0.0,0.0,0.0,11.0,1.0,1.0,2.0,25.0,6883.2,5178.3,충주시,살미면,"('충주시', '살미면')"
살미면,4313031000,살미면,충주시,2018,2143.0,270.0,91.0,741.0,111.0,12.599160055996268,4.246383574428371,34.577694820345314,5.179654689687354,7.669961995473577,-1.3805798435342798,-9.6989966555184,-10.0,2173.0,2158.0,-0.4633920296570898,1.0,0.0,1.0,0.0,73.0,454.29,42.0,28.0,1.0,0.0,94.0,169.0,531.0,108.0,24.778348110126,20.33898305084746,0.4666355576294914,0.0,0.4666355576294914,0.0,19.59869342043864,0.4666355576294914,34.064395706952865,1,1,0.0,,0.0,-0.6599104407259014,충주시,살미면,"('충주시', '살미면')","('충주시', '살미면')",살미면,9768.8,14239.4,12494.5,717.2,12267.7,4107.4,756.6,0.0,0.0,1.0,3.0,0.0,0.0,0.0,11.0,1.0,1.0,2.0,25.0,6883.2,5178.3,충주시,살미면,"('충주시', '살미면')"
살미면,4313031000,살미면,충주시,2019,2100.0,258.0,88.0,765.0,110.0,12.285714285714286,4.190476190476191,36.42857142857142,5.238095238095238,7.649692623711514,-2.006532897806812,-4.444444444444439,-14.0,2143.0,2121.5,-0.6599104407259014,1.0,0.0,1.0,0.0,73.0,454.29,46.0,31.0,1.0,0.0,100.0,175.0,546.0,110.0,26.0,20.146520146520142,0.4761904761904761,0.0,0.4761904761904761,0.0,21.904761904761905,0.4761904761904761,34.76190476190476,1,1,0.0,,9.523809523809534,-1.5462672143029716,충주시,살미면,"('충주시', '살미면')","('충주시', '살미면')",살미면,9768.8,14239.4,12494.5,717.2,12267.7,4107.4,756.6,0.0,0.0,1.0,3.0,0.0,0.0,0.0,11.0,1.0,1.0,2.0,25.0,6883.2,5178.3,충주시,살미면,"('충주시', '살미면')"
살미면,4313031000,살미면,충주시,2021,2009.0,201.0,60.0,834.0,82.0,10.004977600796416,2.9865604778496766,41.5131906421105,4.081632653061225,7.605392364814935,-1.471309465424231,-5.633802816901412,12.0,2039.0,2024.0,0.592885375494071,1.0,0.0,1.0,0.0,73.0,454.29,47.0,33.0,1.0,0.0,101.0,240.0,631.0,111.0,31.408661025385765,17.591125198098258,0.4977600796416127,0.0,0.4977600796416127,0.0,23.3947237431558,0.4977600796416127,36.336485813837726,1,1,0.0,,0.0,2.086438152011923,충주시,살미면,"('충주시', '살미면')","('충주시', '살미면')",살미면,9768.8,14239.4,12494.5,717.2,12267.7,4107.4,756.6,0.0,0.0,1.0,3.0,0.0,0.0,0.0,11.0,1.0,1.0,2.0,25.0,6883.2,5178.3,충주시,살미면,"('충주시', '살미면')"
살미면,4313031000,살미면,충주시,2022,2017.0,192.0,62.0,892.0,89.0,9.519087754090233,3.0738720872583043,44.22409519087754,4.412493802677243,7.6093665379542115,0.3982080637132901,-4.477611940298509,42.0,2009.0,2013.0,2.086438152011923,1.0,0.0,1.0,0.0,73.0,454.29,51.0,39.0,1.0,0.0,112.0,256.0,678.0,124.0,33.61427863163114,18.28908554572272,0.4957858205255329,0.0,0.4957858205255329,0.0,25.28507684680218,0.4957858205255329,36.19236489836391,1,1,0.0,,8.51063829787233,0.6480558325024925,충주시,살미면,"('충주시', '살미면')","('충주시', '살미면')",살미면,9768.8,14239.4,12494.5,717.2,12267.7,4107.4,756.6,0.0,0.0,1.0,3.0,0.0,0.0,0.0,11.0,1.0,1.0,2.0,25.0,6883.2,5178.3,충주시,살미면,"('충주시', '살미면')"
살미면,4313031000,살미면,충주시,2023,1995.0,172.0,63.0,924.0,74.0,8.62155388471178,3.1578947368421053,46.31578947368421,3.709273182957393,7.598399329323964,-1.0907288051561714,-10.416666666666664,13.0,2017.0,2006.0,0.6480558325024925,1.0,0.0,1.0,0.0,73.0,454.29,40.0,37.0,2.0,0.0,104.0,281.0,697.0,93.0,34.93734335839599,13.3428981348637,0.5012531328320802,0.0,0.5012531328320802,0.0,20.050125313283207,1.0025062656641603,36.59147869674185,1,1,0.0,,-21.5686274509804,-1.7866258295048496,충주시,살미면,"('충주시', '살미면')","('충주시', '살미면')",살미면,9768.8,14239.4,12494.5,717.2,12267.7,4107.4,756.6,0.0,0.0,1.0,3.0,0.0,0.0,0.0,11.0,1.0,1.0,2.0,25.0,6883.2,5178.3,충주시,살미면,"('충주시', '살미면')"
살미면,4313031000,살미면,충주시,2024,1923.0,146.0,55.0,962.0,63.0,7.592303692147685,2.860114404576183,50.0260010400416,3.2761310452418098,7.56164174558878,-3.609022556390973,-15.116279069767447,-35.0,1995.0,1959.0,-1.7866258295048496,1.0,0.0,1.0,0.0,73.0,454.29,37.0,41.0,2.0,0.0,104.0,279.0,727.0,108.0,37.805512220488815,14.855570839064647,0.5200208008320333,0.0,0.5200208008320333,0.0,19.24076963078523,1.0400416016640666,37.961518460738425,1,1,0.0,,-7.499999999999996,-1.5843675732770002,충주시,살미면,"('충주시', '살미면')","('충주시', '살미면')",살미면,9768.8,14239.4,12494.5,717.2,12267.7,4107.4,756.6,0.0,0.0,1.0,3.0,0.0,0.0,0.0,11.0,1.0,1.0,2.0,25.0,6883.2,5178.3,충주시,살미면,"('충주시', '살미면')"
삼성면,4377035000,삼성면,음성군,2017,7650.0,1489.0,625.0,1646.0,598.0,19.464052287581698,8.169934640522875,21.516339869281044,7.816993464052288,8.942460926820582,-2.411021814006886,-7.111665626949471,-156.0,7839.0,7744.5,-2.0143327522758088,3.0,0.0,3.0,0.0,134.0,492.74,104.0,161.0,3.0,2.0,382.0,1072.0,10936.0,8049.0,142.95424836601308,73.600950987564,0.392156862745098,0.0,0.392156862745098,0.0,13.594771241830069,0.392156862745098,17.516339869281047,1,1,0.0,,22.3529411764706,-3.142267492177618,음성군,삼성면,"('음성군', '삼성면')","('음성군', '삼성면')",삼성면,6823.8,41880.2,2234.1,717.4,2278.9,2149.6,528.9,0.0,0.0,0.0,6.0,0.0,1.0,3.0,7.0,0.0,2.0,3.0,27.0,38264.7,6.3,음성군,삼성면,"('음성군', '삼성면')"
삼성면,4377035000,삼성면,음성군,2018,7371.0,1371.0,560.0,1667.0,528.0,18.5999185999186,7.597340930674264,22.61565594898928,7.163207163207163,8.905308661189288,-3.6470588235294144,-7.92478173270651,-236.0,7650.0,7510.5,-3.142267492177618,3.0,0.0,3.0,0.0,134.0,492.74,105.0,176.0,3.0,2.0,411.0,1103.0,11403.0,8284.0,154.7008547008547,72.64754889064281,0.4070004070004069,0.0,0.4070004070004069,0.0,14.245014245014245,0.4070004070004069,18.17935151268485,1,1,0.0,,0.961538461538458,-2.399007307321108,음성군,삼성면,"('음성군', '삼성면')","('음성군', '삼성면')",삼성면,6823.8,41880.2,2234.1,717.4,2278.9,2149.6,528.9,0.0,0.0,0.0,6.0,0.0,1.0,3.0,7.0,0.0,2.0,3.0,27.0,38264.7,6.3,음성군,삼성면,"('음성군', '삼성면')"
삼성면,4377035000,삼성면,음성군,2019,7135.0,1299.0,478.0,1721.0,504.0,18.20602662929222,6.699369306236861,24.12053258584443,7.063770147161878,8.872767529910936,-3.2017365350698657,-5.251641137855579,-174.0,7371.0,7253.0,-2.399007307321108,3.0,0.0,3.0,0.0,134.0,492.74,107.0,171.0,5.0,2.0,415.0,1218.0,12252.0,8927.0,171.71688857743518,72.86157362063337,0.4204625087596356,0.0,0.4204625087596356,0.0,14.996496145760336,0.7007708479327259,18.78065872459706,1,1,0.0,,1.904761904761898,-2.004549331816889,음성군,삼성면,"('음성군', '삼성면')","('음성군', '삼성면')",삼성면,6823.8,41880.2,2234.1,717.4,2278.9,2149.6,528.9,0.0,0.0,0.0,6.0,0.0,1.0,3.0,7.0,0.0,2.0,3.0,27.0,38264.7,6.3,음성군,삼성면,"('음성군', '삼성면')"
삼성면,4377035000,삼성면,음성군,2021,6815.0,1098.0,402.0,1895.0,416.0,16.111518708730742,5.898752751283933,27.806309611151868,6.104181951577402,8.826881344130634,-1.7020049040819218,-6.711979609175867,-48.0,6933.0,6874.0,-0.6982833866744254,3.0,0.0,3.0,1.0,134.0,492.74,128.0,180.0,7.0,3.0,486.0,1901.0,13471.0,8986.0,197.66691122523844,66.7062578873135,0.4402054292002935,0.0,0.4402054292002935,0.1467351430667645,18.78209831254585,1.0271460014673517,19.662509170946443,0,1,0.0,,14.28571428571428,-1.5902504272869138,음성군,삼성면,"('음성군', '삼성면')","('음성군', '삼성면')",삼성면,6823.8,41880.2,2234.1,717.4,2278.9,2149.6,528.9,0.0,0.0,0.0,6.0,0.0,1.0,3.0,7.0,0.0,2.0,3.0,27.0,38264.7,6.3,음성군,삼성면,"('음성군', '삼성면')"
삼성면,4377035000,삼성면,음성군,2022,6642.0,1017.0,364.0,2019.0,375.0,15.311653116531163,5.480277024992472,30.397470641373083,5.645889792231255,8.801168401936692,-2.5385179750550213,-7.377049180327866,-107.0,6815.0,6728.5,-1.5902504272869138,2.0,0.0,3.0,1.0,134.0,492.74,137.0,186.0,9.0,3.0,510.0,1934.0,12900.0,8542.0,194.2186088527552,66.21705426356588,0.3011141222523336,0.0,0.4516711833785004,0.1505570611261668,20.626317374284856,1.3550135501355012,20.174646190906355,0,1,-33.333333333333336,,7.03125,-0.348537657220791,음성군,삼성면,"('음성군', '삼성면')","('음성군', '삼성면')",삼성면,6823.8,41880.2,2234.1,717.4,2278.9,2149.6,528.9,0.0,0.0,0.0,6.0,0.0,1.0,3.0,7.0,0.0,2.0,3.0,27.0,38264.7,6.3,음성군,삼성면,"('음성군', '삼성면')"
삼성면,4377035000,삼성면,음성군,2023,6556.0,949.0,338.0,2114.0,341.0,14.475289810860282,5.155582672361196,32.24527150701647,5.201342281879195,8.78813593986372,-1.2947907256850355,-6.686332350049162,-23.0,6642.0,6599.0,-0.348537657220791,2.0,0.0,3.0,1.0,134.0,492.74,120.0,170.0,5.0,2.0,471.0,1908.0,13118.0,8777.0,200.091519219036,66.90806525384967,0.3050640634533252,0.0,0.4575960951799878,0.1525320317266626,18.30384380719952,0.762660158633313,20.43929225137279,0,1,0.0,,-12.408759124087588,-1.7002859571837083,음성군,삼성면,"('음성군', '삼성면')","('음성군', '삼성면')",삼성면,6823.8,41880.2,2234.1,717.4,2278.9,2149.6,528.9,0.0,0.0,0.0,6.0,0.0,1.0,3.0,7.0,0.0,2.0,3.0,27.0,38264.7,6.3,음성군,삼성면,"('음성군', '삼성면')"
삼성면,4377035000,삼성면,음성군,2024,6383.0,901.0,308.0,2197.0,324.0,14.115619614601286,4.825317248942503,34.419551934826885,5.0759830800564,8.761393485256058,-2.638804148871265,-5.057955742887255,-110.0,6556.0,6469.5,-1.7002859571837083,2.0,0.0,3.0,1.0,134.0,492.74,119.0,164.0,5.0,2.0,455.0,1901.0,13118.0,8894.0,205.5146482845057,67.79996950754689,0.3133322888923703,0.0,0.4699984333385555,0.1566661444461851,18.64327118909604,0.7833307222309259,20.99326335578881,0,1,0.0,,-0.8333333333333304,-4.003215434083601,음성군,삼성면,"('음성군', '삼성면')","('음성군', '삼성면')",삼성면,6823.8,41880.2,2234.1,717.4,2278.9,2149.6,528.9,0.0,0.0,0.0,6.0,0.0,1.0,3.0,7.0,0.0,2.0,3.0,27.0,38264.7,6.3,음성군,삼성면,"('음성군', '삼성면')"
삼승면,4372035000,삼승면,보은군,2017,2433.0,307.0,175.0,873.0,124.0,12.618166872174273,7.192766132346897,35.88162762022195,5.09658857377723,7.796880342783522,-0.8961303462321824,-2.848101265822789,4.0,2455.0,2444.0,0.1636661211129296,0.0,0.0,3.0,0.0,59.0,303.642,30.0,35.0,0.0,0.0,80.0,193.0,1062.0,629.0,43.6498150431566,59.227871939736346,0.0,0.0,1.2330456226880395,0.0,12.330456226880395,0.0,24.24989724619811,1,1,,,20.0,0.3299649412249948,보은군,삼승면,"('보은군', '삼승면')","('보은군', '삼승면')",삼승면,9075.1,9091.2,3166.0,555.3,9387.1,1877.9,801.0,0.0,0.0,0.0,4.0,0.0,0.0,0.0,7.0,2.0,2.0,6.0,24.0,5027.5,116.6,보은군,삼승면,"('보은군', '삼승면')"
삼승면,4372035000,삼승면,보은군,2018,2416.0,297.0,168.0,885.0,121.0,12.293046357615896,6.95364238410596,36.63079470198676,5.008278145695364,7.789868559054706,-0.6987258528565521,-3.2573289902280145,8.0,2433.0,2424.5,0.3299649412249948,0.0,0.0,3.0,0.0,59.0,303.642,31.0,35.0,0.0,0.0,81.0,203.0,1256.0,788.0,51.98675496688742,62.73885350318472,0.0,0.0,1.2417218543046358,0.0,12.831125827814567,0.0,24.420529801324506,1,1,,,3.333333333333344,0.4574755666458723,보은군,삼승면,"('보은군', '삼승면')","('보은군', '삼승면')",삼승면,9075.1,9091.2,3166.0,555.3,9387.1,1877.9,801.0,0.0,0.0,0.0,4.0,0.0,0.0,0.0,7.0,2.0,2.0,6.0,24.0,5027.5,116.6,보은군,삼승면,"('보은군', '삼승면')"
삼승면,4372035000,삼승면,보은군,2019,2393.0,324.0,151.0,890.0,114.0,13.539490179690764,6.310071040534894,37.19180944421229,4.763894692854158,7.780303087908373,-0.9519867549668826,9.090909090909085,11.0,2416.0,2404.5,0.4574755666458723,0.0,0.0,3.0,0.0,59.0,303.642,32.0,35.0,0.0,0.0,82.0,198.0,1262.0,834.0,52.73715002089428,66.08557844690966,0.0,0.0,1.2536564981195153,0.0,13.372335979941496,0.0,24.655244463017137,1,1,,,3.2258064516129004,-2.5170648464163823,보은군,삼승면,"('보은군', '삼승면')","('보은군', '삼승면')",삼승면,9075.1,9091.2,3166.0,555.3,9387.1,1877.9,801.0,0.0,0.0,0.0,4.0,0.0,0.0,0.0,7.0,2.0,2.0,6.0,24.0,5027.5,116.6,보은군,삼승면,"('보은군', '삼승면')"
삼승면,4372035000,삼승면,보은군,2021,2305.0,321.0,112.0,935.0,117.0,13.926247288503257,4.859002169197397,40.563991323210416,5.07592190889371,7.742835955430749,0.4357298474945592,2.8846153846153744,46.0,2295.0,2300.0,2.0,0.0,0.0,3.0,0.0,59.0,303.642,33.0,39.0,0.0,0.0,90.0,361.0,1691.0,948.0,73.36225596529285,56.0615020697812,0.0,0.0,1.3015184381778742,0.0,14.316702819956614,0.0,25.59652928416486,1,1,,,-2.941176470588236,1.0,보은군,삼승면,"('보은군', '삼승면')","('보은군', '삼승면')",삼승면,9075.1,9091.2,3166.0,555.3,9387.1,1877.9,801.0,0.0,0.0,0.0,4.0,0.0,0.0,0.0,7.0,2.0,2.0,6.0,24.0,5027.5,116.6,보은군,삼승면,"('보은군', '삼승면')"
삼승면,4372035000,삼승면,보은군,2022,2295.0,306.0,95.0,970.0,115.0,13.333333333333334,4.139433551198257,42.26579520697168,5.010893246187364,7.738488122494646,-0.4338394793926281,-4.672897196261683,23.0,2305.0,2300.0,1.0,0.0,0.0,3.0,0.0,59.0,303.642,37.0,41.0,0.0,0.0,99.0,349.0,1887.0,1098.0,82.22222222222221,58.18759936406995,0.0,0.0,1.30718954248366,0.0,16.122004357298472,0.0,25.708061002178653,1,1,,,12.12121212121211,-1.1509517485613103,보은군,삼승면,"('보은군', '삼승면')","('보은군', '삼승면')",삼승면,9075.1,9091.2,3166.0,555.3,9387.1,1877.9,801.0,0.0,0.0,0.0,4.0,0.0,0.0,0.0,7.0,2.0,2.0,6.0,24.0,5027.5,116.6,보은군,삼승면,"('보은군', '삼승면')"
삼승면,4372035000,삼승면,보은군,2023,2223.0,288.0,84.0,973.0,120.0,12.955465587044534,3.778677462887989,43.76968061178588,5.398110661268556,7.706612913964197,-3.1372549019607843,-5.882352941176472,-26.0,2295.0,2259.0,-1.1509517485613103,0.0,0.0,3.0,0.0,59.0,303.642,24.0,42.0,0.0,1.0,86.0,368.0,1792.0,1030.0,80.61178587494376,57.47767857142857,0.0,0.0,1.3495276653171389,0.0,10.79622132253711,0.0,26.540710751237068,1,1,,,-35.13513513513513,0.0908677873693775,보은군,삼승면,"('보은군', '삼승면')","('보은군', '삼승면')",삼승면,9075.1,9091.2,3166.0,555.3,9387.1,1877.9,801.0,0.0,0.0,0.0,4.0,0.0,0.0,0.0,7.0,2.0,2.0,6.0,24.0,5027.5,116.6,보은군,삼승면,"('보은군', '삼승면')"
삼승면,4372035000,삼승면,보은군,2024,2179.0,276.0,82.0,1002.0,117.0,12.666360715924736,3.763194125745755,45.98439651216154,5.369435520881138,7.68662133494462,-1.9793072424651337,-4.166666666666663,2.0,2223.0,2201.0,0.0908677873693775,0.0,0.0,3.0,0.0,59.0,303.642,30.0,39.0,0.0,1.0,91.0,390.0,1834.0,1045.0,84.16704910509408,56.979280261723005,0.0,0.0,1.3767783386874712,0.0,13.767783386874711,0.0,27.0766406608536,1,1,,,25.0,0.8312168090510275,보은군,삼승면,"('보은군', '삼승면')","('보은군', '삼승면')",삼승면,9075.1,9091.2,3166.0,555.3,9387.1,1877.9,801.0,0.0,0.0,0.0,4.0,0.0,0.0,0.0,7.0,2.0,2.0,6.0,24.0,5027.5,116.6,보은군,삼승면,"('보은군', '삼승면')"
상촌면,4374035000,상촌면,영동군,2017,2488.0,278.0,133.0,1021.0,120.0,11.173633440514468,5.345659163987138,41.036977491961416,4.823151125401929,7.81923445385907,0.4035512510088823,2.2058823529411686,37.0,2478.0,2483.0,1.4901329037454691,0.0,0.0,1.0,0.0,96.0,532.36,42.0,35.0,1.0,0.0,101.0,119.0,271.0,14.0,10.892282958199356,5.166051660516605,0.0,0.0,0.4019292604501607,0.0,16.881028938906756,0.4019292604501607,38.58520900321544,1,1,,,0.0,-1.179101443382801,영동군,상촌면,"('영동군', '상촌면')","('영동군', '상촌면')",상촌면,23715.2,23715.2,21975.3,785.6,10666.6,5785.0,961.9,0.0,0.0,0.0,0.0,0.0,0.0,1.0,1.0,0.0,1.0,2.0,8.0,17098.7,15358.8,영동군,상촌면,"('영동군', '상촌면')"
상촌면,4374035000,상촌면,영동군,2018,2431.0,254.0,123.0,1025.0,107.0,10.448375154257509,5.059646236116825,42.16371863430687,4.401480872069107,7.796057974316123,-2.290996784565913,-8.633093525179858,-29.0,2488.0,2459.5,-1.179101443382801,0.0,0.0,1.0,0.0,96.0,532.36,43.0,34.0,1.0,0.0,107.0,131.0,287.0,14.0,11.805841217605924,4.878048780487805,0.0,0.0,0.4113533525298231,0.0,17.688194158782395,0.4113533525298231,39.48992184286302,1,1,,,2.3809523809523725,1.6046081053281216,영동군,상촌면,"('영동군', '상촌면')","('영동군', '상촌면')",상촌면,23715.2,23715.2,21975.3,785.6,10666.6,5785.0,961.9,0.0,0.0,0.0,0.0,0.0,0.0,1.0,1.0,0.0,1.0,2.0,8.0,17098.7,15358.8,영동군,상촌면,"('영동군', '상촌면')"
상촌면,4374035000,상촌면,영동군,2019,2430.0,235.0,124.0,1043.0,109.0,9.670781893004117,5.102880658436214,42.92181069958848,4.48559670781893,7.795646536334594,-0.0411353352529841,-7.480314960629919,39.0,2431.0,2430.5,1.6046081053281216,0.0,0.0,1.0,0.0,96.0,532.36,45.0,36.0,1.0,0.0,113.0,130.0,289.0,21.0,11.893004115226336,7.26643598615917,0.0,0.0,0.411522633744856,0.0,18.518518518518515,0.411522633744856,39.50617283950617,1,1,,,4.651162790697683,-0.08302200083022,영동군,상촌면,"('영동군', '상촌면')","('영동군', '상촌면')",상촌면,23715.2,23715.2,21975.3,785.6,10666.6,5785.0,961.9,0.0,0.0,0.0,0.0,0.0,0.0,1.0,1.0,0.0,1.0,2.0,8.0,17098.7,15358.8,영동군,상촌면,"('영동군', '상촌면')"
상촌면,4374035000,상촌면,영동군,2021,2289.0,183.0,104.0,1079.0,79.0,7.99475753604194,4.54346876365225,47.138488422892095,3.45128877238969,7.735870319952567,-4.145728643216085,-17.567567567567565,-46.0,2388.0,2338.5,-1.967072909985033,0.0,0.0,1.0,0.0,96.0,532.36,48.0,36.0,1.0,0.0,123.0,215.0,381.0,28.0,16.644823066841415,7.349081364829396,0.0,0.0,0.436871996505024,0.0,20.96985583224115,0.436871996505024,41.9397116644823,1,1,,,4.347826086956519,-0.04423800044238,영동군,상촌면,"('영동군', '상촌면')","('영동군', '상촌면')",상촌면,23715.2,23715.2,21975.3,785.6,10666.6,5785.0,961.9,0.0,0.0,0.0,0.0,0.0,0.0,1.0,1.0,0.0,1.0,2.0,8.0,17098.7,15358.8,영동군,상촌면,"('영동군', '상촌면')"
상촌면,4374035000,상촌면,영동군,2022,2232.0,161.0,89.0,1108.0,57.0,7.21326164874552,3.9874551971326166,49.6415770609319,2.553763440860215,7.710653323501202,-2.490170380078638,-12.02185792349727,-1.0,2289.0,2260.5,-0.04423800044238,0.0,0.0,1.0,0.0,96.0,532.36,50.0,38.0,1.0,0.0,134.0,208.0,401.0,23.0,17.96594982078853,5.7356608478803,0.0,0.0,0.4480286738351254,0.0,22.40143369175627,0.4480286738351254,43.01075268817205,1,1,,,4.166666666666674,-0.6822833750284285,영동군,상촌면,"('영동군', '상촌면')","('영동군', '상촌면')",상촌면,23715.2,23715.2,21975.3,785.6,10666.6,5785.0,961.9,0.0,0.0,0.0,0.0,0.0,0.0,1.0,1.0,0.0,1.0,2.0,8.0,17098.7,15358.8,영동군,상촌면,"('영동군', '상촌면')"
상촌면,4374035000,상촌면,영동군,2023,2165.0,152.0,68.0,1122.0,55.0,7.020785219399538,3.140877598152425,51.824480369515015,2.5404157043879905,7.68017564043659,-3.001792114695345,-5.590062111801242,-15.0,2232.0,2198.5,-0.6822833750284285,0.0,0.0,1.0,0.0,96.0,532.36,26.0,35.0,1.0,0.0,108.0,241.0,413.0,28.0,19.07621247113164,6.779661016949152,0.0,0.0,0.4618937644341802,0.0,12.009237875288685,0.4618937644341802,44.34180138568129,1,1,,,-48.0,1.1611704598235022,영동군,상촌면,"('영동군', '상촌면')","('영동군', '상촌면')",상촌면,23715.2,23715.2,21975.3,785.6,10666.6,5785.0,961.9,0.0,0.0,0.0,0.0,0.0,0.0,1.0,1.0,0.0,1.0,2.0,8.0,17098.7,15358.8,영동군,상촌면,"('영동군', '상촌면')"
상촌면,4374035000,상촌면,영동군,2024,2141.0,143.0,62.0,1152.0,57.0,6.679121905651566,2.8958430639887904,53.806632414759456,2.6623073330219524,7.669028288589683,-1.1085450346420278,-5.921052631578949,25.0,2165.0,2153.0,1.1611704598235022,0.0,0.0,1.0,0.0,96.0,532.36,25.0,35.0,2.0,0.0,110.0,251.0,413.0,28.0,19.290051377860813,6.779661016949152,0.0,0.0,0.4670714619336758,0.0,11.676786548341894,0.9341429238673516,44.83886034563288,1,1,,,-3.846153846153844,1.0355377735937867,영동군,상촌면,"('영동군', '상촌면')","('영동군', '상촌면')",상촌면,23715.2,23715.2,21975.3,785.6,10666.6,5785.0,961.9,0.0,0.0,0.0,0.0,0.0,0.0,1.0,1.0,0.0,1.0,2.0,8.0,17098.7,15358.8,영동군,상촌면,"('영동군', '상촌면')"
생극면,4377036000,생극면,음성군,2017,4718.0,806.0,335.0,1335.0,314.0,17.08350996184824,7.100466299279355,28.295888088172955,6.655362441712589,8.45914025996762,-2.6212590299277583,-4.161712247324612,-69.0,4845.0,4781.5,-1.44306180069016,2.0,2.0,2.0,0.0,92.0,418.587,59.0,78.0,3.0,2.0,200.0,460.0,2992.0,1759.0,63.41670199236965,58.79010695187166,0.4239084357778719,0.4239084357778719,0.4239084357778719,0.0,12.505298855447222,0.6358626536668079,19.49978804578211,1,0,0.0,0.0,15.686274509803932,0.5537806176783813,음성군,생극면,"('음성군', '생극면')","('음성군', '생극면')",생극면,4651.2,32825.9,3718.3,634.4,6817.1,2502.3,528.9,0.0,2.0,4.0,11.0,0.0,0.0,1.0,14.0,2.0,2.0,10.0,45.0,25654.0,260.8,음성군,생극면,"('음성군', '생극면')"
생극면,4377036000,생극면,음성군,2018,4672.0,782.0,314.0,1378.0,303.0,16.738013698630137,6.720890410958905,29.49486301369863,6.4854452054794525,8.449342524508063,-0.974989402289106,-2.977667493796521,26.0,4718.0,4695.0,0.5537806176783813,2.0,2.0,2.0,0.0,92.0,418.587,63.0,79.0,3.0,2.0,210.0,452.0,3073.0,1791.0,65.77482876712328,58.28180930686625,0.4280821917808219,0.4280821917808219,0.4280821917808219,0.0,13.48458904109589,0.6421232876712328,19.69178082191781,1,0,0.0,0.0,6.779661016949157,0.4952093874475186,음성군,생극면,"('음성군', '생극면')","('음성군', '생극면')",생극면,4651.2,32825.9,3718.3,634.4,6817.1,2502.3,528.9,0.0,2.0,4.0,11.0,0.0,0.0,1.0,14.0,2.0,2.0,10.0,45.0,25654.0,260.8,음성군,생극면,"('음성군', '생극면')"
생극면,4377036000,생극면,음성군,2019,4617.0,709.0,281.0,1421.0,266.0,15.3562919644791,6.086203162226554,30.77756118691791,5.761316872427984,8.43750042250699,-1.17722602739726,-9.335038363171355,23.0,4672.0,4644.5,0.4952093874475186,2.0,2.0,2.0,0.0,92.0,418.587,62.0,78.0,4.0,2.0,211.0,516.0,3591.0,1988.0,77.77777777777779,55.36062378167641,0.4331817197314274,0.4331817197314274,0.4331817197314274,0.0,13.428633311674249,0.8663634394628548,19.926359107645656,1,0,0.0,0.0,-1.5873015873015928,-0.6999890626708958,음성군,생극면,"('음성군', '생극면')","('음성군', '생극면')",생극면,4651.2,32825.9,3718.3,634.4,6817.1,2502.3,528.9,0.0,2.0,4.0,11.0,0.0,0.0,1.0,14.0,2.0,2.0,10.0,45.0,25654.0,260.8,음성군,생극면,"('음성군', '생극면')"
생극면,4377036000,생극면,음성군,2021,4511.0,623.0,266.0,1550.0,225.0,13.810684992241187,5.896696962979384,34.360452227887386,4.987807581467524,8.414274137408396,-0.3314184710561219,-2.808112324492984,65.0,4526.0,4518.5,1.438530485780679,1.0,2.0,2.0,0.0,92.0,418.587,66.0,84.0,3.0,2.0,236.0,868.0,3911.0,1937.0,86.69917978275326,49.52697519815904,0.2216803369541121,0.4433606739082243,0.4433606739082243,0.0,14.630902238971403,0.6650410108623366,20.394590999778323,1,0,0.0,0.0,-1.49253731343284,2.1890547263681595,음성군,생극면,"('음성군', '생극면')","('음성군', '생극면')",생극면,4651.2,32825.9,3718.3,634.4,6817.1,2502.3,528.9,0.0,2.0,4.0,11.0,0.0,0.0,1.0,14.0,2.0,2.0,10.0,45.0,25654.0,260.8,음성군,생극면,"('음성군', '생극면')"
생극면,4377036000,생극면,음성군,2022,4534.0,626.0,269.0,1614.0,237.0,13.806793118659025,5.932951036612263,35.597706219673576,5.227172474636083,8.419359831067474,0.5098647749944618,0.4815409309791407,99.0,4511.0,4522.5,2.1890547263681595,1.0,2.0,2.0,0.0,92.0,418.587,70.0,86.0,3.0,2.0,244.0,889.0,4046.0,2036.0,89.23687692986326,50.32130499258527,0.2205558006175562,0.4411116012351124,0.4411116012351124,0.0,15.438906043228936,0.6616674018526687,20.291133656815177,1,0,0.0,0.0,6.060606060606055,-0.378240071198131,음성군,생극면,"('음성군', '생극면')","('음성군', '생극면')",생극면,4651.2,32825.9,3718.3,634.4,6817.1,2502.3,528.9,0.0,2.0,4.0,11.0,0.0,0.0,1.0,14.0,2.0,2.0,10.0,45.0,25654.0,260.8,음성군,생극면,"('음성군', '생극면')"
생극면,4377036000,생극면,음성군,2023,4455.0,580.0,236.0,1660.0,214.0,13.019079685746352,5.297418630751964,37.2615039281706,4.803591470258136,8.40178233990491,-1.7423908248786923,-7.348242811501593,-17.0,4534.0,4494.5,-0.378240071198131,1.0,2.0,2.0,0.0,92.0,418.587,60.0,77.0,1.0,0.0,213.0,918.0,4684.0,2332.0,105.14029180695849,49.7865072587532,0.2244668911335578,0.4489337822671156,0.4489337822671156,0.0,13.468013468013469,0.2244668911335578,20.65095398428732,1,0,0.0,0.0,-14.28571428571429,0.4970066644075455,음성군,생극면,"('음성군', '생극면')","('음성군', '생극면')",생극면,4651.2,32825.9,3718.3,634.4,6817.1,2502.3,528.9,0.0,2.0,4.0,11.0,0.0,0.0,1.0,14.0,2.0,2.0,10.0,45.0,25654.0,260.8,음성군,생극면,"('음성군', '생극면')"
생극면,4377036000,생극면,음성군,2024,4398.0,540.0,215.0,1710.0,193.0,12.278308321964529,4.8885857207821735,38.88130968622101,4.388358344702137,8.388905171114706,-1.2794612794612803,-6.896551724137934,22.0,4455.0,4426.5,0.4970066644075455,1.0,2.0,2.0,0.0,92.0,418.587,60.0,76.0,1.0,2.0,211.0,960.0,4698.0,2281.0,106.8212824010914,48.55257556406982,0.2273760800363801,0.4547521600727603,0.4547521600727603,0.0,13.642564802182813,0.2273760800363801,20.91859936334697,1,0,0.0,0.0,0.0,-0.7604562737642585,음성군,생극면,"('음성군', '생극면')","('음성군', '생극면')",생극면,4651.2,32825.9,3718.3,634.4,6817.1,2502.3,528.9,0.0,2.0,4.0,11.0,0.0,0.0,1.0,14.0,2.0,2.0,10.0,45.0,25654.0,260.8,음성군,생극면,"('음성군', '생극면')"
성안동,4311154500,성안동,청주시,2017,6136.0,1395.0,323.0,1621.0,641.0,22.734680573663624,5.264015645371577,26.41786179921773,10.446544980443283,8.721928343047091,-4.035032843290587,-6.25,-206.0,6394.0,6265.0,-3.288108539505188,1.0,2.0,1.0,0.0,14.0,34.54,1115.0,553.0,14.0,29.0,2151.0,3194.0,11008.0,429.0,179.40026075619295,3.8971656976744176,0.1629726205997392,0.3259452411994785,0.1629726205997392,0.0,181.7144719687093,2.2816166883963493,2.2816166883963493,1,0,0.0,0.0,11.166500498504494,-2.789307653993027,청주시,성안동,"('청주시', '성안동')","('청주시', '성안동')",성안동,328.5,328.5,28.3,284.5,239.6,477.1,128.9,6.0,19.0,47.0,58.0,1.0,10.0,18.0,32.0,6.0,30.0,110.0,166.0,328.5,28.3,청주시,성안동,"('청주시', '성안동')"
성안동,4311154500,성안동,청주시,2019,7092.0,1723.0,400.0,1850.0,763.0,24.294980259447264,5.640157924421884,26.08573040045121,10.758601240834745,8.866722667194098,20.0,28.5820895522388,1225.0,5910.0,6501.0,18.84325488386402,0.0,5.0,1.0,0.0,14.0,34.54,1144.0,573.0,18.0,30.0,2221.0,3042.0,11410.0,375.0,160.88550479413425,3.286590709903593,0.0,0.7050197405527354,0.1410039481105471,0.0,161.30851663846587,2.538071065989848,1.9740552735476595,1,0,-100.0,0.0,0.3508771929824572,-1.856744983217882,청주시,성안동,"('청주시', '성안동')","('청주시', '성안동')",성안동,328.5,328.5,28.3,284.5,239.6,477.1,128.9,6.0,19.0,47.0,58.0,1.0,10.0,18.0,32.0,6.0,30.0,110.0,166.0,328.5,28.3,청주시,성안동,"('청주시', '성안동')"
성안동,4311154500,성안동,청주시,2021,6834.0,1646.0,367.0,1945.0,692.0,24.08545507755341,5.37020778460638,28.4606379865379,10.125841381328652,8.829665432675236,-1.1141658226016538,-1.200480192076836,40.0,6911.0,6872.5,0.5820298290287377,1.0,5.0,1.0,0.0,14.0,34.54,1107.0,568.0,29.0,32.0,2213.0,3212.0,10601.0,371.0,155.1214515657009,3.499669842467692,0.1463271875914545,0.7316359379572724,0.1463271875914545,0.0,161.9841966637401,4.243488440152181,2.048580626280363,1,0,0.0,0.0,-0.4496402877697814,-1.529437968668795,청주시,성안동,"('청주시', '성안동')","('청주시', '성안동')",성안동,328.5,328.5,28.3,284.5,239.6,477.1,128.9,6.0,19.0,47.0,58.0,1.0,10.0,18.0,32.0,6.0,30.0,110.0,166.0,328.5,28.3,청주시,성안동,"('청주시', '성안동')"
성안동,4311154500,성안동,청주시,2022,6635.0,1566.0,336.0,1972.0,686.0,23.602110022607384,5.06405425772419,29.72117558402412,10.339110776186889,8.800113946766308,-2.911911033069947,-4.8602673147023046,-103.0,6834.0,6734.5,-1.529437968668795,1.0,5.0,1.0,0.0,14.0,34.54,1115.0,565.0,33.0,33.0,2227.0,3085.0,10093.0,376.0,152.11755840241145,3.7253542058852673,0.1507159005275056,0.7535795026375283,0.1507159005275056,0.0,168.0482290881688,4.973624717407686,2.110022607385079,1,0,0.0,0.0,0.7226738934055899,-1.7417876241405654,청주시,성안동,"('청주시', '성안동')","('청주시', '성안동')",성안동,328.5,328.5,28.3,284.5,239.6,477.1,128.9,6.0,19.0,47.0,58.0,1.0,10.0,18.0,32.0,6.0,30.0,110.0,166.0,328.5,28.3,청주시,성안동,"('청주시', '성안동')"
성안동,4311154500,성안동,청주시,2023,6455.0,1474.0,327.0,2024.0,684.0,22.83501161890008,5.065840433772269,31.35553834237025,10.596436870642911,8.772610303280743,-2.7128862094951023,-5.874840357598976,-114.0,6635.0,6545.0,-1.7417876241405654,1.0,5.0,1.0,0.0,14.0,34.54,1020.0,536.0,30.0,30.0,2105.0,3033.0,10175.0,324.0,157.6297443841983,3.1842751842751844,0.1549186676994577,0.7745933384972891,0.1549186676994577,0.0,158.01704105344697,4.647560030983733,2.168861347792409,1,0,0.0,0.0,-8.520179372197312,-1.3786620711264297,청주시,성안동,"('청주시', '성안동')","('청주시', '성안동')",성안동,328.5,328.5,28.3,284.5,239.6,477.1,128.9,6.0,19.0,47.0,58.0,1.0,10.0,18.0,32.0,6.0,30.0,110.0,166.0,328.5,28.3,청주시,성안동,"('청주시', '성안동')"
성안동,4311154500,성안동,청주시,2024,6311.0,1400.0,327.0,2042.0,653.0,22.183489145935667,5.181429250514974,32.35620345428617,10.347013151639995,8.75004942158424,-2.230828814872188,-5.02035278154681,-88.0,6455.0,6383.0,-1.3786620711264297,1.0,5.0,1.0,0.0,14.0,34.54,994.0,542.0,33.0,34.0,2075.0,2992.0,9854.0,310.0,156.1400728886072,3.145930586563832,0.1584534938995405,0.7922674694977025,0.1584534938995405,0.0,157.50277293614323,5.228965298684836,2.218348914593567,1,0,0.0,0.0,-2.54901960784314,-1.37997432605905,청주시,성안동,"('청주시', '성안동')","('청주시', '성안동')",성안동,328.5,328.5,28.3,284.5,239.6,477.1,128.9,6.0,19.0,47.0,58.0,1.0,10.0,18.0,32.0,6.0,30.0,110.0,166.0,328.5,28.3,청주시,성안동,"('청주시', '성안동')"
성화개신죽림동,4311259000,성화.개신.죽림동,청주시,2017,49735.0,14894.0,8613.0,4055.0,7354.0,29.94671760329748,17.31778425655977,8.153212023725747,14.78636774907007,10.814464189586516,-0.5975936363272982,-1.6573126444371034,-562.0,50034.0,49884.5,-1.1266024516633424,66.0,4.0,4.0,1.0,69.0,70.246,307.0,459.0,121.0,33.0,1380.0,2419.0,13138.0,258.0,26.416004825575552,1.9637692190592173,1.327033276364733,0.0804262591736201,0.0804262591736201,0.020106564793405,6.172715391575348,2.4328943400020107,1.3873529707449483,0,0,0.0,0.0,23.79032258064516,-3.615380687330848,청주시,성화개신죽림동,"('청주시', '성화개신죽림동')","('청주시', '성화개신죽림동')",성화·개신·죽림동,601.9,2590.5,398.9,389.7,2108.3,800.3,192.8,2.0,4.0,41.0,59.0,0.0,0.0,19.0,33.0,4.0,19.0,83.0,168.0,2356.3,37.2,청주시,성화개신죽림동,"('청주시', '성화개신죽림동')"
성화개신죽림동,4311259000,성화.개신.죽림동,청주시,2018,48180.0,14136.0,7902.0,4254.0,6935.0,29.33997509339975,16.40099626400996,8.829389788293899,14.393939393939394,10.782699276168865,-3.126570825374486,-5.089297703773332,-1770.0,49735.0,48957.5,-3.615380687330848,58.0,4.0,4.0,1.0,69.0,70.246,321.0,489.0,129.0,34.0,1466.0,2504.0,13803.0,342.0,28.64881693648817,2.477722234296892,1.2038190120381902,0.08302200083022,0.08302200083022,0.020755500207555,6.662515566625156,2.677459526774596,1.432129514321295,0,0,-12.12121212121212,0.0,4.56026058631922,-3.4287883260933745,청주시,성화개신죽림동,"('청주시', '성화개신죽림동')","('청주시', '성화개신죽림동')",성화·개신·죽림동,601.9,2590.5,398.9,389.7,2108.3,800.3,192.8,2.0,4.0,41.0,59.0,0.0,0.0,19.0,33.0,4.0,19.0,83.0,168.0,2356.3,37.2,청주시,성화개신죽림동,"('청주시', '성화개신죽림동')"
성화개신죽림동,4311259000,성화.개신.죽림동,청주시,2019,46664.0,13340.0,7173.0,4548.0,6483.0,28.587347848448484,15.371592662437852,9.746271215498028,13.892936739242243,10.750728268433472,-3.146533831465337,-5.631013016412001,-1626.0,48180.0,47422.0,-3.4287883260933745,54.0,4.0,4.0,1.0,69.0,70.246,329.0,509.0,137.0,37.0,1540.0,2461.0,13750.0,331.0,29.46596948397051,2.4072727272727272,1.1572089833704782,0.0857191839533687,0.0857191839533687,0.0214297959883421,7.050402880164581,2.93588205040288,1.4786559231956111,0,0,-6.896551724137934,0.0,2.492211838006231,-4.257971394830075,청주시,성화개신죽림동,"('청주시', '성화개신죽림동')","('청주시', '성화개신죽림동')",성화·개신·죽림동,601.9,2590.5,398.9,389.7,2108.3,800.3,192.8,2.0,4.0,41.0,59.0,0.0,0.0,19.0,33.0,4.0,19.0,83.0,168.0,2356.3,37.2,청주시,성화개신죽림동,"('청주시', '성화개신죽림동')"
성화개신죽림동,4311259000,성화.개신.죽림동,청주시,2021,43366.0,12087.0,5714.0,5260.0,5780.0,27.87206567356916,13.176221002628788,12.12931789881474,13.32841396485726,10.677431002924164,-3.1749575779226547,-3.4893005429575186,-1456.0,44788.0,44077.0,-3.303310116387231,44.0,4.0,4.0,1.0,69.0,70.246,346.0,525.0,174.0,35.0,1619.0,3381.0,14987.0,382.0,34.559332195729375,2.548875692266631,1.0146197481898265,0.0922381589263478,0.0922381589263478,0.0230595397315869,7.978600747129087,4.01235991329613,1.5911082414795,0,0,-2.222222222222225,0.0,1.764705882352935,-0.3511730798110134,청주시,성화개신죽림동,"('청주시', '성화개신죽림동')","('청주시', '성화개신죽림동')",성화·개신·죽림동,601.9,2590.5,398.9,389.7,2108.3,800.3,192.8,2.0,4.0,41.0,59.0,0.0,0.0,19.0,33.0,4.0,19.0,83.0,168.0,2356.3,37.2,청주시,성화개신죽림동,"('청주시', '성화개신죽림동')"
성화개신죽림동,4311259000,성화.개신.죽림동,청주시,2022,43201.0,11998.0,5285.0,5723.0,5634.0,27.772505266081804,12.23351311312238,13.24737853290433,13.041364783222612,10.673618922112436,-0.3804824055711808,-0.7363282865888943,-152.0,43366.0,43283.5,-0.3511730798110134,37.0,4.0,4.0,1.0,69.0,70.246,364.0,543.0,186.0,41.0,1713.0,3339.0,16118.0,460.0,37.30932154348279,2.853952103238615,0.8564616559801856,0.0925904492951552,0.0925904492951552,0.0231476123237888,8.425730885859123,4.3054558922247175,1.5971852503414274,0,0,-15.909090909090908,0.0,5.202312138728327,-1.7184417282480533,청주시,성화개신죽림동,"('청주시', '성화개신죽림동')","('청주시', '성화개신죽림동')",성화·개신·죽림동,601.9,2590.5,398.9,389.7,2108.3,800.3,192.8,2.0,4.0,41.0,59.0,0.0,0.0,19.0,33.0,4.0,19.0,83.0,168.0,2356.3,37.2,청주시,성화개신죽림동,"('청주시', '성화개신죽림동')"
성화개신죽림동,4311259000,성화.개신.죽림동,청주시,2023,42458.0,11534.0,4811.0,6221.0,5408.0,27.16566960290169,11.331197889679212,14.652126807668756,12.737293325168404,10.656270630991948,-1.7198675956575094,-3.867311218536418,-736.0,43201.0,42829.5,-1.7184417282480533,33.0,4.0,4.0,1.0,69.0,70.246,311.0,514.0,78.0,14.0,1485.0,3386.0,16234.0,455.0,38.23543266286683,2.8027596402611805,0.7772386829337228,0.0942107494465118,0.0942107494465118,0.0235526873616279,7.324885769466296,1.837109614206981,1.6251354279523291,0,0,-10.81081081081081,0.0,-14.560439560439564,-1.64166161814143,청주시,성화개신죽림동,"('청주시', '성화개신죽림동')","('청주시', '성화개신죽림동')",성화·개신·죽림동,601.9,2590.5,398.9,389.7,2108.3,800.3,192.8,2.0,4.0,41.0,59.0,0.0,0.0,19.0,33.0,4.0,19.0,83.0,168.0,2356.3,37.2,청주시,성화개신죽림동,"('청주시', '성화개신죽림동')"
성화개신죽림동,4311259000,성화.개신.죽림동,청주시,2024,41725.0,11101.0,4381.0,6799.0,5150.0,26.605152786099463,10.499700419412822,16.294787297783103,12.342720191731576,10.638855748530036,-1.7264119836073344,-3.754118259060169,-691.0,42458.0,42091.5,-1.64166161814143,31.0,4.0,4.0,1.0,69.0,70.246,285.0,486.0,88.0,17.0,1429.0,3321.0,16448.0,329.0,39.42001198322348,2.0002431906614784,0.7429598562013182,0.0958657878969442,0.0958657878969442,0.023966446974236,6.83043738765728,2.109047333732774,1.6536848412222889,0,0,-6.060606060606055,0.0,-8.36012861736335,-0.5913745853166018,청주시,성화개신죽림동,"('청주시', '성화개신죽림동')","('청주시', '성화개신죽림동')",성화·개신·죽림동,601.9,2590.5,398.9,389.7,2108.3,800.3,192.8,2.0,4.0,41.0,59.0,0.0,0.0,19.0,33.0,4.0,19.0,83.0,168.0,2356.3,37.2,청주시,성화개신죽림동,"('청주시', '성화개신죽림동')"
소수면,4376040000,소수면,괴산군,2017,2081.0,271.0,82.0,763.0,110.0,13.022585295530996,3.940413262854397,36.665064872657375,5.285920230658337,7.640603826393634,0.5314009661835817,-6.228373702422141,37.0,2070.0,2075.5,1.7827029631414115,0.0,0.0,1.0,0.0,54.0,336.83,10.0,7.0,2.0,0.0,22.0,61.0,353.0,195.0,16.962998558385394,55.24079320113314,0.0,0.0,0.4805382027871216,0.0,4.805382027871216,0.9610764055742432,25.949062950504565,1,1,,,11.111111111111116,1.3932260389142446,괴산군,소수면,"('괴산군', '소수면')","('괴산군', '소수면')",소수면,7207.3,30143.0,7118.1,718.0,6750.3,3669.7,1162.4,0.0,0.0,0.0,3.0,0.0,0.0,1.0,11.0,1.0,1.0,2.0,18.0,26484.8,3403.2,괴산군,소수면,"('괴산군', '소수면')"
소수면,4376040000,소수면,괴산군,2018,2082.0,280.0,75.0,766.0,110.0,13.44860710854947,3.602305475504323,36.79154658981748,5.283381364073007,7.641084249174914,0.0480538202787039,3.3210332103321027,29.0,2081.0,2081.5,1.3932260389142446,0.0,0.0,1.0,0.0,54.0,336.83,11.0,7.0,1.0,0.0,25.0,65.0,409.0,237.0,19.644572526416905,57.94621026894865,0.0,0.0,0.4803073967339097,0.0,5.283381364073007,0.4803073967339097,25.93659942363113,1,1,,,10.000000000000009,1.771606416088101,괴산군,소수면,"('괴산군', '소수면')","('괴산군', '소수면')",소수면,7207.3,30143.0,7118.1,718.0,6750.3,3669.7,1162.4,0.0,0.0,0.0,3.0,0.0,0.0,1.0,11.0,1.0,1.0,2.0,18.0,26484.8,3403.2,괴산군,소수면,"('괴산군', '소수면')"
소수면,4376040000,소수면,괴산군,2019,2095.0,269.0,79.0,801.0,95.0,12.840095465393794,3.7708830548926016,38.233890214797135,4.534606205250596,7.647308832356238,0.6243996157540899,-3.9285714285714257,37.0,2082.0,2088.5,1.771606416088101,0.0,0.0,1.0,0.0,54.0,336.83,11.0,7.0,1.0,0.0,27.0,73.0,387.0,216.0,18.47255369928401,55.81395348837209,0.0,0.0,0.477326968973747,0.0,5.250596658711217,0.477326968973747,25.775656324582336,1,1,,,0.0,1.191043353978085,괴산군,소수면,"('괴산군', '소수면')","('괴산군', '소수면')",소수면,7207.3,30143.0,7118.1,718.0,6750.3,3669.7,1162.4,0.0,0.0,0.0,3.0,0.0,0.0,1.0,11.0,1.0,1.0,2.0,18.0,26484.8,3403.2,괴산군,소수면,"('괴산군', '소수면')"
소수면,4376040000,소수면,괴산군,2021,2105.0,226.0,88.0,870.0,87.0,10.736342042755345,4.180522565320665,41.33016627078385,4.133016627078385,7.652070746116482,0.0951022349025221,-11.71875,49.0,2103.0,2104.0,2.328897338403042,0.0,0.0,1.0,0.0,54.0,336.83,12.0,6.0,1.0,0.0,28.0,200.0,723.0,349.0,34.34679334916865,48.27109266943292,0.0,0.0,0.4750593824228028,0.0,5.7007125890736345,0.4750593824228028,25.65320665083136,1,1,,,0.0,0.6680983058935815,괴산군,소수면,"('괴산군', '소수면')","('괴산군', '소수면')",소수면,7207.3,30143.0,7118.1,718.0,6750.3,3669.7,1162.4,0.0,0.0,0.0,3.0,0.0,0.0,1.0,11.0,1.0,1.0,2.0,18.0,26484.8,3403.2,괴산군,소수면,"('괴산군', '소수면')"
소수면,4376040000,소수면,괴산군,2022,2086.0,192.0,84.0,920.0,77.0,9.204218600191757,4.026845637583892,44.10354745925216,3.691275167785235,7.643003635560718,-0.9026128266033218,-15.04424778761062,14.0,2105.0,2095.5,0.6680983058935815,0.0,0.0,1.0,0.0,54.0,336.83,12.0,6.0,2.0,0.0,29.0,227.0,769.0,357.0,36.86481303930969,46.42392717815345,0.0,0.0,0.4793863854266538,0.0,5.752636625119846,0.9587727708533076,25.88686481303931,1,1,,,0.0,4.494913650343032,괴산군,소수면,"('괴산군', '소수면')","('괴산군', '소수면')",소수면,7207.3,30143.0,7118.1,718.0,6750.3,3669.7,1162.4,0.0,0.0,0.0,3.0,0.0,0.0,1.0,11.0,1.0,1.0,2.0,18.0,26484.8,3403.2,괴산군,소수면,"('괴산군', '소수면')"
소수면,4376040000,소수면,괴산군,2023,2141.0,205.0,105.0,958.0,82.0,9.574964969640355,4.904250350303596,44.74544605324615,3.8299859878561415,7.669028288589683,2.636625119846592,6.770833333333326,95.0,2086.0,2113.5,4.494913650343032,0.0,0.0,1.0,0.0,54.0,336.83,10.0,7.0,1.0,0.0,33.0,206.0,678.0,275.0,31.66744511910322,40.56047197640118,0.0,0.0,0.4670714619336758,0.0,4.670714619336758,0.4670714619336758,25.221858944418493,1,1,,,-16.666666666666664,1.7715617715617715,괴산군,소수면,"('괴산군', '소수면')","('괴산군', '소수면')",소수면,7207.3,30143.0,7118.1,718.0,6750.3,3669.7,1162.4,0.0,0.0,0.0,3.0,0.0,0.0,1.0,11.0,1.0,1.0,2.0,18.0,26484.8,3403.2,괴산군,소수면,"('괴산군', '소수면')"
소수면,4376040000,소수면,괴산군,2024,2149.0,191.0,102.0,1016.0,77.0,8.88785481619358,4.746393671475105,47.27780362959516,3.5830618892508146,7.67275789664251,0.373657169546937,-6.829268292682922,38.0,2141.0,2145.0,1.7715617715617715,0.0,0.0,1.0,0.0,54.0,336.83,11.0,10.0,1.0,0.0,35.0,245.0,685.0,207.0,31.87529083294556,30.21897810218978,0.0,0.0,0.4653327128897161,0.0,5.118659841786878,0.4653327128897161,25.127966496044674,1,1,,,10.000000000000009,7.302231237322515,괴산군,소수면,"('괴산군', '소수면')","('괴산군', '소수면')",소수면,7207.3,30143.0,7118.1,718.0,6750.3,3669.7,1162.4,0.0,0.0,0.0,3.0,0.0,0.0,1.0,11.0,1.0,1.0,2.0,18.0,26484.8,3403.2,괴산군,소수면,"('괴산군', '소수면')"
소이면,4377031000,소이면,음성군,2017,3103.0,435.0,145.0,1200.0,163.0,14.018691588785046,4.672897196261682,38.67225265871737,5.252980986142443,8.04012466444838,-0.3212335367812402,-3.11804008908686,34.0,3113.0,3108.0,1.093951093951094,1.0,0.0,1.0,0.0,98.0,427.734,27.0,31.0,2.0,0.0,74.0,149.0,1535.0,851.0,49.46825652594264,55.439739413680776,0.3222687721559781,0.0,0.3222687721559781,0.0,8.701256848211408,0.6445375443119562,31.58233967128585,1,1,0.0,,12.5,0.0973393900064893,음성군,소이면,"('음성군', '소이면')","('음성군', '소이면')",소이면,7383.7,20783.8,6658.9,486.7,7036.1,6121.6,745.4,0.0,0.0,0.0,2.0,0.0,0.0,1.0,9.0,0.0,0.0,2.0,19.0,17405.5,1549.8,음성군,소이면,"('음성군', '소이면')"
소이면,4377031000,소이면,음성군,2018,3061.0,402.0,129.0,1231.0,151.0,13.13296308395949,4.214309049330285,40.2156158118262,4.933028422084286,8.026496938945412,-1.3535288430551071,-7.586206896551728,3.0,3103.0,3082.0,0.0973393900064893,1.0,0.0,1.0,0.0,98.0,427.734,30.0,31.0,2.0,0.0,77.0,150.0,1375.0,746.0,44.91996079712513,54.25454545454546,0.3266906239790917,0.0,0.3266906239790917,0.0,9.800718719372751,0.6533812479581835,32.01568114995099,1,1,0.0,,11.111111111111116,-1.4935280451377364,음성군,소이면,"('음성군', '소이면')","('음성군', '소이면')",소이면,7383.7,20783.8,6658.9,486.7,7036.1,6121.6,745.4,0.0,0.0,0.0,2.0,0.0,0.0,1.0,9.0,0.0,0.0,2.0,19.0,17405.5,1549.8,음성군,소이면,"('음성군', '소이면')"
소이면,4377031000,소이면,음성군,2019,2965.0,362.0,116.0,1237.0,138.0,12.209106239460372,3.912310286677909,41.72006745362563,4.654300168634064,7.994632311431825,-3.13622999019928,-9.950248756218905,-45.0,3061.0,3013.0,-1.4935280451377364,1.0,0.0,1.0,0.0,98.0,427.734,29.0,31.0,3.0,0.0,77.0,149.0,1371.0,687.0,46.23946037099494,50.10940919037199,0.3372681281618886,0.0,0.3372681281618886,0.0,9.780775716694771,1.011804384485666,33.05227655986509,1,1,0.0,,-3.3333333333333326,-0.170328734457503,음성군,소이면,"('음성군', '소이면')","('음성군', '소이면')",소이면,7383.7,20783.8,6658.9,486.7,7036.1,6121.6,745.4,0.0,0.0,0.0,2.0,0.0,0.0,1.0,9.0,0.0,0.0,2.0,19.0,17405.5,1549.8,음성군,소이면,"('음성군', '소이면')"
소이면,4377031000,소이면,음성군,2021,2869.0,293.0,97.0,1312.0,106.0,10.21261763680725,3.3809689787382364,45.73021958870687,3.694667131404671,7.961718815981363,-1.2732278045423318,-12.537313432835816,19.0,2906.0,2887.5,0.658008658008658,0.0,0.0,1.0,0.0,98.0,427.734,28.0,28.0,3.0,0.0,77.0,348.0,1445.0,501.0,50.36598117811084,34.67128027681661,0.0,0.0,0.3485535029627048,0.0,9.759498082955734,1.0456605088881143,34.15824329034506,1,1,,,0.0,2.265597769257581,음성군,소이면,"('음성군', '소이면')","('음성군', '소이면')",소이면,7383.7,20783.8,6658.9,486.7,7036.1,6121.6,745.4,0.0,0.0,0.0,2.0,0.0,0.0,1.0,9.0,0.0,0.0,2.0,19.0,17405.5,1549.8,음성군,소이면,"('음성군', '소이면')"
소이면,4377031000,소이면,음성군,2022,2869.0,290.0,95.0,1353.0,108.0,10.10805158591844,3.3112582781456954,47.15928895085396,3.764377831997211,7.961718815981363,0.0,-1.0238907849829393,65.0,2869.0,2869.0,2.265597769257581,0.0,0.0,1.0,0.0,98.0,427.734,28.0,26.0,3.0,0.0,74.0,337.0,1820.0,886.0,63.436737539212274,48.68131868131868,0.0,0.0,0.3485535029627048,0.0,9.759498082955734,1.0456605088881143,34.15824329034506,1,1,,,0.0,1.5368494586098498,음성군,소이면,"('음성군', '소이면')","('음성군', '소이면')",소이면,7383.7,20783.8,6658.9,486.7,7036.1,6121.6,745.4,0.0,0.0,0.0,2.0,0.0,0.0,1.0,9.0,0.0,0.0,2.0,19.0,17405.5,1549.8,음성군,소이면,"('음성군', '소이면')"
소이면,4377031000,소이면,음성군,2023,2857.0,274.0,89.0,1368.0,95.0,9.5904795239762,3.115155757787889,47.88239411970599,3.325166258312916,7.957527402230773,-0.4182642035552408,-5.517241379310345,44.0,2869.0,2863.0,1.5368494586098498,0.0,0.0,1.0,0.0,98.0,427.734,25.0,28.0,2.0,0.0,72.0,356.0,1602.0,726.0,56.07280364018201,45.31835205992509,0.0,0.0,0.3500175008750438,0.0,8.750437521876094,0.7000350017500876,34.30171508575429,1,1,,,-10.71428571428571,-1.103988603988604,음성군,소이면,"('음성군', '소이면')","('음성군', '소이면')",소이면,7383.7,20783.8,6658.9,486.7,7036.1,6121.6,745.4,0.0,0.0,0.0,2.0,0.0,0.0,1.0,9.0,0.0,0.0,2.0,19.0,17405.5,1549.8,음성군,소이면,"('음성군', '소이면')"
소이면,4377031000,소이면,음성군,2024,2759.0,263.0,79.0,1386.0,98.0,9.53243928959768,2.86335628851033,50.235592606016674,3.552011598405219,7.922623574217286,-3.4301715085754303,-4.014598540145986,-31.0,2857.0,2808.0,-1.103988603988604,0.0,0.0,1.0,0.0,98.0,427.734,23.0,28.0,2.0,0.0,70.0,371.0,1666.0,761.0,60.38419717288873,45.67827130852341,0.0,0.0,0.3624501631025734,0.0,8.336353751359187,0.7249003262051468,35.52011598405219,1,1,,,-7.9999999999999964,0.4754068385445236,음성군,소이면,"('음성군', '소이면')","('음성군', '소이면')",소이면,7383.7,20783.8,6658.9,486.7,7036.1,6121.6,745.4,0.0,0.0,0.0,2.0,0.0,0.0,1.0,9.0,0.0,0.0,2.0,19.0,17405.5,1549.8,음성군,소이면,"('음성군', '소이면')"
소태면,4313043000,소태면,충주시,2017,1994.0,256.0,101.0,736.0,105.0,12.83851554663992,5.0651955867602805,36.91073219658977,5.2657973921765295,7.597897950521784,1.0131712259371817,-5.185185185185182,47.0,1974.0,1984.0,2.368951612903226,0.0,0.0,1.0,0.0,52.0,539.737,23.0,13.0,0.0,0.0,46.0,111.0,487.0,146.0,24.423269809428287,29.97946611909651,0.0,0.0,0.5015045135406219,0.0,11.534603811434303,0.0,26.078234704112337,1,1,,,14.999999999999991,1.0521042084168335,충주시,소태면,"('충주시', '소태면')","('충주시', '소태면')",소태면,9527.7,21333.7,17993.5,728.0,9579.2,4511.2,1005.3,0.0,0.0,0.0,1.0,0.0,0.0,1.0,2.0,0.0,0.0,1.0,10.0,15131.7,12056.6,충주시,소태면,"('충주시', '소태면')"
소태면,4313043000,소태면,충주시,2018,1998.0,257.0,113.0,744.0,114.0,12.862862862862862,5.655655655655655,37.23723723723724,5.7057057057057055,7.599901959208498,0.2006018054162561,0.390625,21.0,1994.0,1996.0,1.0521042084168335,0.0,0.0,1.0,0.0,52.0,539.737,20.0,13.0,1.0,0.0,45.0,110.0,526.0,160.0,26.326326326326328,30.418250950570343,0.0,0.0,0.5005005005005004,0.0,10.01001001001001,0.5005005005005004,26.026026026026024,1,1,,,-13.043478260869568,-1.6713091922005572,충주시,소태면,"('충주시', '소태면')","('충주시', '소태면')",소태면,9527.7,21333.7,17993.5,728.0,9579.2,4511.2,1005.3,0.0,0.0,0.0,1.0,0.0,0.0,1.0,2.0,0.0,0.0,1.0,10.0,15131.7,12056.6,충주시,소태면,"('충주시', '소태면')"
소태면,4313043000,소태면,충주시,2019,1951.0,227.0,90.0,775.0,99.0,11.635058944131217,4.613018964633521,39.72321886212199,5.074320861096873,7.576097340623111,-2.3523523523523493,-11.673151750972766,-33.0,1998.0,1974.5,-1.6713091922005572,0.0,0.0,1.0,0.0,52.0,539.737,22.0,13.0,1.0,0.0,46.0,107.0,518.0,150.0,26.5504869297796,28.95752895752896,0.0,0.0,0.5125576627370578,0.0,11.276268580215271,0.5125576627370578,26.65299846232701,1,1,,,10.000000000000009,0.8709016393442622,충주시,소태면,"('충주시', '소태면')","('충주시', '소태면')",소태면,9527.7,21333.7,17993.5,728.0,9579.2,4511.2,1005.3,0.0,0.0,0.0,1.0,0.0,0.0,1.0,2.0,0.0,0.0,1.0,10.0,15131.7,12056.6,충주시,소태면,"('충주시', '소태면')"
소태면,4313043000,소태면,충주시,2021,1948.0,212.0,96.0,837.0,91.0,10.882956878850102,4.928131416837783,42.96714579055442,4.671457905544147,7.57455848420248,-0.2560163850486407,-1.395348837209298,33.0,1953.0,1950.5,1.691873878492694,0.0,0.0,1.0,0.0,52.0,539.737,23.0,12.0,0.0,0.0,52.0,233.0,595.0,113.0,30.544147843942504,18.991596638655466,0.0,0.0,0.513347022587269,0.0,11.806981519507186,0.0,26.694045174537987,1,1,,,14.999999999999991,-0.1034661148473874,충주시,소태면,"('충주시', '소태면')","('충주시', '소태면')",소태면,9527.7,21333.7,17993.5,728.0,9579.2,4511.2,1005.3,0.0,0.0,0.0,1.0,0.0,0.0,1.0,2.0,0.0,0.0,1.0,10.0,15131.7,12056.6,충주시,소태면,"('충주시', '소태면')"
소태면,4313043000,소태면,충주시,2022,1918.0,175.0,88.0,890.0,73.0,9.124087591240876,4.588112617309697,46.402502606882166,3.806047966631908,7.559038255443384,-1.5400410677618104,-17.452830188679247,-2.0,1948.0,1933.0,-0.1034661148473874,0.0,0.0,1.0,0.0,52.0,539.737,22.0,12.0,0.0,0.0,51.0,227.0,594.0,140.0,30.96976016684046,23.56902356902357,0.0,0.0,0.5213764337851929,0.0,11.470281543274243,0.0,27.111574556830035,1,1,,,-4.347826086956519,0.3685180310608054,충주시,소태면,"('충주시', '소태면')","('충주시', '소태면')",소태면,9527.7,21333.7,17993.5,728.0,9579.2,4511.2,1005.3,0.0,0.0,0.0,1.0,0.0,0.0,1.0,2.0,0.0,0.0,1.0,10.0,15131.7,12056.6,충주시,소태면,"('충주시', '소태면')"
소태면,4313043000,소태면,충주시,2023,1881.0,144.0,82.0,917.0,61.0,7.655502392344498,4.359383306751727,48.750664540138224,3.2429558745348217,7.53955882930103,-1.929092805005217,-17.714285714285715,7.0,1918.0,1899.5,0.3685180310608054,0.0,0.0,1.0,0.0,52.0,539.737,15.0,11.0,0.0,0.0,45.0,235.0,618.0,113.0,32.854864433811805,18.284789644012942,0.0,0.0,0.531632110579479,0.0,7.974481658692184,0.0,27.64486975013291,1,1,,,-31.818181818181824,-0.6451612903225806,충주시,소태면,"('충주시', '소태면')","('충주시', '소태면')",소태면,9527.7,21333.7,17993.5,728.0,9579.2,4511.2,1005.3,0.0,0.0,0.0,1.0,0.0,0.0,1.0,2.0,0.0,0.0,1.0,10.0,15131.7,12056.6,충주시,소태면,"('충주시', '소태면')"
소태면,4313043000,소태면,충주시,2024,1839.0,136.0,67.0,944.0,55.0,7.395323545405111,3.643284393692224,51.33224578575313,2.990755845568244,7.516977224604321,-2.2328548644338087,-5.555555555555558,-12.0,1881.0,1860.0,-0.6451612903225806,0.0,0.0,1.0,0.0,52.0,539.737,16.0,12.0,0.0,0.0,48.0,258.0,605.0,107.0,32.89831430125068,17.68595041322314,0.0,0.0,0.543773790103317,0.0,8.700380641653071,0.0,28.27623708537249,1,1,,,6.666666666666665,1.0931948619841487,충주시,소태면,"('충주시', '소태면')","('충주시', '소태면')",소태면,9527.7,21333.7,17993.5,728.0,9579.2,4511.2,1005.3,0.0,0.0,0.0,1.0,0.0,0.0,1.0,2.0,0.0,0.0,1.0,10.0,15131.7,12056.6,충주시,소태면,"('충주시', '소태면')"
속리산면,4372031500,속리산면,보은군,2017,2060.0,266.0,93.0,702.0,103.0,12.9126213592233,4.514563106796117,34.077669902912625,5.0,7.630461261783627,-4.275092936802971,-5.6737588652482245,-61.0,2152.0,2106.0,-2.896486229819564,0.0,0.0,1.0,1.0,34.0,215.23,68.0,108.0,2.0,0.0,240.0,343.0,815.0,22.0,39.56310679611651,2.6993865030674846,0.0,0.0,0.4854368932038835,0.4854368932038835,33.00970873786408,0.970873786407767,16.50485436893204,0,1,,,6.25,-1.967051880993361,보은군,속리산면,"('보은군', '속리산면')","('보은군', '속리산면')",속리산면,5035.6,14348.7,14737.4,896.0,4455.5,5940.4,633.1,0.0,0.0,0.0,0.0,0.0,0.0,0.0,0.0,0.0,0.0,0.0,0.0,9502.5,9891.2,보은군,속리산면,"('보은군', '속리산면')"
속리산면,4372031500,속리산면,보은군,2018,2007.0,242.0,93.0,728.0,90.0,12.057797708021925,4.633781763826607,36.27304434479323,4.484304932735426,7.604396348796338,-2.572815533980588,-9.022556390977442,-40.0,2060.0,2033.5,-1.967051880993361,0.0,0.0,1.0,1.0,34.0,215.23,75.0,112.0,1.0,0.0,264.0,338.0,770.0,17.0,38.36571998006976,2.207792207792208,0.0,0.0,0.4982561036372695,0.4982561036372695,37.369207772795214,0.4982561036372695,16.940707523667164,0,1,,,10.294117647058831,-1.4123581336696092,보은군,속리산면,"('보은군', '속리산면')","('보은군', '속리산면')",속리산면,5035.6,14348.7,14737.4,896.0,4455.5,5940.4,633.1,0.0,0.0,0.0,0.0,0.0,0.0,0.0,0.0,0.0,0.0,0.0,0.0,9502.5,9891.2,보은군,속리산면,"('보은군', '속리산면')"
속리산면,4372031500,속리산면,보은군,2019,1958.0,221.0,76.0,739.0,82.0,11.28702757916241,3.881511746680286,37.74259448416752,4.187946884576098,7.579678823090456,-2.4414549078226155,-8.677685950413228,-28.0,2007.0,1982.5,-1.4123581336696092,0.0,0.0,1.0,1.0,34.0,215.23,80.0,118.0,1.0,0.0,275.0,325.0,869.0,20.0,44.38202247191011,2.3014959723820483,0.0,0.0,0.5107252298263534,0.5107252298263534,40.85801838610827,0.5107252298263534,17.364657814096013,0,1,,,6.666666666666665,-0.3622250970245795,보은군,속리산면,"('보은군', '속리산면')","('보은군', '속리산면')",속리산면,5035.6,14348.7,14737.4,896.0,4455.5,5940.4,633.1,0.0,0.0,0.0,0.0,0.0,0.0,0.0,0.0,0.0,0.0,0.0,0.0,9502.5,9891.2,보은군,속리산면,"('보은군', '속리산면')"
속리산면,4372031500,속리산면,보은군,2021,1865.0,193.0,58.0,753.0,66.0,10.3485254691689,3.1099195710455763,40.37533512064343,3.53887399463807,7.5310163320779155,-2.202412165705292,-7.655502392344493,-1.0,1907.0,1886.0,-0.0530222693531283,0.0,1.0,1.0,1.0,34.0,215.23,82.0,119.0,1.0,2.0,295.0,385.0,794.0,30.0,42.57372654155496,3.778337531486146,0.0,0.5361930294906168,0.5361930294906168,0.5361930294906168,43.96782841823057,0.5361930294906168,18.230563002680963,0,0,,0.0,2.499999999999991,0.0,보은군,속리산면,"('보은군', '속리산면')","('보은군', '속리산면')",속리산면,5035.6,14348.7,14737.4,896.0,4455.5,5940.4,633.1,0.0,0.0,0.0,0.0,0.0,0.0,0.0,0.0,0.0,0.0,0.0,0.0,9502.5,9891.2,보은군,속리산면,"('보은군', '속리산면')"
속리산면,4372031500,속리산면,보은군,2022,1821.0,184.0,50.0,773.0,65.0,10.104338275672706,2.7457440966501925,42.44920373421197,3.5694673256452503,7.507141079727608,-2.359249329758717,-4.663212435233167,0.0,1865.0,1843.0,0.0,0.0,1.0,1.0,1.0,34.0,215.23,84.0,120.0,2.0,2.0,298.0,352.0,829.0,27.0,45.524437122460185,3.2569360675512664,0.0,0.5491488193300385,0.5491488193300385,0.5491488193300385,46.12850082372323,1.098297638660077,18.67105985722131,0,0,,0.0,2.4390243902439046,-0.7228245760355853,보은군,속리산면,"('보은군', '속리산면')","('보은군', '속리산면')",속리산면,5035.6,14348.7,14737.4,896.0,4455.5,5940.4,633.1,0.0,0.0,0.0,0.0,0.0,0.0,0.0,0.0,0.0,0.0,0.0,0.0,9502.5,9891.2,보은군,속리산면,"('보은군', '속리산면')"
속리산면,4372031500,속리산면,보은군,2023,1776.0,158.0,46.0,799.0,58.0,8.896396396396396,2.59009009009009,44.98873873873874,3.265765765765765,7.4821189235521155,-2.471169686985175,-14.130434782608692,-13.0,1821.0,1798.5,-0.7228245760355853,0.0,1.0,1.0,1.0,34.0,215.23,62.0,114.0,1.0,0.0,266.0,376.0,833.0,31.0,46.90315315315316,3.721488595438175,0.0,0.5630630630630631,0.5630630630630631,0.5630630630630631,34.909909909909906,0.5630630630630631,19.144144144144143,0,0,,0.0,-26.190476190476183,-2.308136180034622,보은군,속리산면,"('보은군', '속리산면')","('보은군', '속리산면')",속리산면,5035.6,14348.7,14737.4,896.0,4455.5,5940.4,633.1,0.0,0.0,0.0,0.0,0.0,0.0,0.0,0.0,0.0,0.0,0.0,0.0,9502.5,9891.2,보은군,속리산면,"('보은군', '속리산면')"
속리산면,4372031500,속리산면,보은군,2024,1690.0,147.0,36.0,810.0,57.0,8.698224852071005,2.130177514792899,47.92899408284024,3.3727810650887577,7.432483807917119,-4.842342342342343,-6.9620253164557,-40.0,1776.0,1733.0,-2.308136180034622,0.0,1.0,1.0,2.0,34.0,215.23,65.0,114.0,1.0,2.0,275.0,376.0,839.0,31.0,49.64497041420118,3.694874851013111,0.0,0.591715976331361,0.591715976331361,1.183431952662722,38.46153846153846,0.591715976331361,20.11834319526628,0,0,,0.0,4.838709677419351,2.0655060489820007,보은군,속리산면,"('보은군', '속리산면')","('보은군', '속리산면')",속리산면,5035.6,14348.7,14737.4,896.0,4455.5,5940.4,633.1,0.0,0.0,0.0,0.0,0.0,0.0,0.0,0.0,0.0,0.0,0.0,0.0,9502.5,9891.2,보은군,속리산면,"('보은군', '속리산면')"
송학면,4315038000,송학면,제천시,2017,4983.0,842.0,243.0,1559.0,305.0,16.89745133453743,4.876580373269115,31.286373670479627,6.120810756572346,8.513787398281405,-2.313271907469128,-7.877461706783373,-63.0,5101.0,5042.0,-1.2495041650138834,2.0,0.0,2.0,0.0,135.0,498.74,62.0,48.0,2.0,0.0,154.0,356.0,2098.0,925.0,42.10315071242224,44.08960915157293,0.4013646397752358,0.0,0.4013646397752358,0.0,12.442303833032309,0.4013646397752358,27.092113184828417,1,1,0.0,,10.71428571428572,-2.642089093701997,제천시,송학면,"('제천시', '송학면')","('제천시', '송학면')",송학면,5695.8,5972.0,6991.6,593.8,6919.3,3247.3,630.4,0.0,0.0,0.0,4.0,0.0,0.0,0.0,6.0,0.0,0.0,2.0,16.0,1965.7,3113.2,제천시,송학면,"('제천시', '송학면')"
송학면,4315038000,송학면,제천시,2018,4782.0,739.0,201.0,1593.0,264.0,15.45378502718528,4.203262233375157,33.31242158092848,5.520702634880803,8.47261414801827,-4.033714629741125,-12.23277909738717,-129.0,4983.0,4882.5,-2.642089093701997,2.0,0.0,2.0,0.0,135.0,498.74,65.0,55.0,3.0,0.0,169.0,376.0,2121.0,838.0,44.35382685069008,39.50966525223952,0.4182350480970305,0.0,0.4182350480970305,0.0,13.592639063153491,0.6273525721455457,28.23086574654956,1,1,0.0,,4.838709677419351,-0.6754617414248021,제천시,송학면,"('제천시', '송학면')","('제천시', '송학면')",송학면,5695.8,5972.0,6991.6,593.8,6919.3,3247.3,630.4,0.0,0.0,0.0,4.0,0.0,0.0,0.0,6.0,0.0,0.0,2.0,16.0,1965.7,3113.2,제천시,송학면,"('제천시', '송학면')"
송학면,4315038000,송학면,제천시,2019,4693.0,674.0,171.0,1650.0,235.0,14.36181546984871,3.643724696356275,35.15874707010441,5.0074579160451735,8.453827315794417,-1.861145964031785,-8.795669824086605,-32.0,4782.0,4737.5,-0.6754617414248021,2.0,0.0,2.0,0.0,135.0,498.74,63.0,54.0,4.0,0.0,170.0,372.0,2083.0,850.0,44.38525463456212,40.80652904464714,0.4261666311527807,0.0,0.4261666311527807,0.0,13.424248881312597,0.8523332623055614,28.7662476028127,1,1,0.0,,-3.076923076923077,-0.2573450568303667,제천시,송학면,"('제천시', '송학면')","('제천시', '송학면')",송학면,5695.8,5972.0,6991.6,593.8,6919.3,3247.3,630.4,0.0,0.0,0.0,4.0,0.0,0.0,0.0,6.0,0.0,0.0,2.0,16.0,1965.7,3113.2,제천시,송학면,"('제천시', '송학면')"
송학면,4315038000,송학면,제천시,2021,4627.0,570.0,172.0,1822.0,203.0,12.318997190404149,3.717311432893883,39.377566457748,4.387291981845689,8.439663988907,-0.1295057198359539,-4.841402337228717,82.0,4633.0,4630.0,1.7710583153347732,2.0,0.0,2.0,0.0,135.0,498.74,63.0,54.0,3.0,0.0,177.0,661.0,2284.0,766.0,49.362437864707154,33.53765323992995,0.4322455154527772,0.0,0.4322455154527772,0.0,13.61573373676248,0.6483682731791658,29.176572293062463,1,1,0.0,,3.278688524590168,2.821755519655358,제천시,송학면,"('제천시', '송학면')","('제천시', '송학면')",송학면,5695.8,5972.0,6991.6,593.8,6919.3,3247.3,630.4,0.0,0.0,0.0,4.0,0.0,0.0,0.0,6.0,0.0,0.0,2.0,16.0,1965.7,3113.2,제천시,송학면,"('제천시', '송학면')"
송학면,4315038000,송학면,제천시,2022,4658.0,595.0,160.0,1885.0,225.0,12.773722627737229,3.4349506225848003,40.46801202232718,4.830399313009876,8.446341450444287,0.6699805489517985,4.385964912280693,131.0,4627.0,4642.5,2.821755519655358,2.0,0.0,2.0,0.0,135.0,498.74,67.0,54.0,3.0,0.0,179.0,702.0,2411.0,770.0,51.76041219407471,31.93695562007466,0.4293688278231,0.0,0.4293688278231,0.0,14.383855732073853,0.6440532417346501,28.98239587805925,1,1,0.0,,6.349206349206349,1.992928318868531,제천시,송학면,"('제천시', '송학면')","('제천시', '송학면')",송학면,5695.8,5972.0,6991.6,593.8,6919.3,3247.3,630.4,0.0,0.0,0.0,4.0,0.0,0.0,0.0,6.0,0.0,0.0,2.0,16.0,1965.7,3113.2,제천시,송학면,"('제천시', '송학면')"
송학면,4315038000,송학면,제천시,2023,4675.0,626.0,149.0,1947.0,233.0,13.390374331550802,3.1871657754010694,41.647058823529406,4.983957219251337,8.449984441722787,0.364963503649629,5.210084033613449,93.0,4658.0,4666.5,1.992928318868531,2.0,0.0,2.0,0.0,135.0,498.74,59.0,53.0,2.0,0.0,171.0,731.0,2413.0,770.0,51.61497326203208,31.910484873601323,0.427807486631016,0.0,0.427807486631016,0.0,12.620320855614974,0.427807486631016,28.87700534759358,1,1,0.0,,-11.940298507462687,0.4511762810183694,제천시,송학면,"('제천시', '송학면')","('제천시', '송학면')",송학면,5695.8,5972.0,6991.6,593.8,6919.3,3247.3,630.4,0.0,0.0,0.0,4.0,0.0,0.0,0.0,6.0,0.0,0.0,2.0,16.0,1965.7,3113.2,제천시,송학면,"('제천시', '송학면')"
송학면,4315038000,송학면,제천시,2024,4634.0,571.0,148.0,2037.0,214.0,12.321968062149333,3.193785066896849,43.957703927492446,4.618040569702201,8.441175704992322,-0.8770053475935846,-8.785942492012778,21.0,4675.0,4654.5,0.4511762810183694,1.0,0.0,2.0,0.0,135.0,498.74,64.0,53.0,2.0,0.0,180.0,789.0,2492.0,745.0,53.776435045317214,29.89566613162119,0.2157962883038411,0.0,0.4315925766076823,0.0,13.810962451445835,0.4315925766076823,29.13249892101856,1,1,-50.0,,8.47457627118644,0.0870132695236023,제천시,송학면,"('제천시', '송학면')","('제천시', '송학면')",송학면,5695.8,5972.0,6991.6,593.8,6919.3,3247.3,630.4,0.0,0.0,0.0,4.0,0.0,0.0,0.0,6.0,0.0,0.0,2.0,16.0,1965.7,3113.2,제천시,송학면,"('제천시', '송학면')"
수곡1동,4311257000,수곡1동,청주시,2017,15600.0,4243.0,1414.0,2647.0,1922.0,27.19871794871795,9.064102564102564,16.96794871794872,12.32051282051282,9.655026193237628,-1.5213686004671434,-3.633885986827168,-230.0,15841.0,15720.5,-1.4630577907827358,26.0,0.0,5.0,1.0,11.0,19.17,176.0,159.0,23.0,15.0,555.0,957.0,3409.0,118.0,21.852564102564106,3.4614256380170136,1.666666666666667,0.0,0.3205128205128205,0.0641025641025641,11.28205128205128,1.4743589743589745,0.7051282051282051,0,1,0.0,,8.64197530864197,-3.628518191624988,청주시,수곡1동,"('청주시', '수곡1동')","('청주시', '수곡1동')",수곡1동,880.9,1138.3,26.3,388.8,430.5,342.8,148.4,2.0,13.0,45.0,57.0,1.0,7.0,18.0,33.0,4.0,20.0,99.0,165.0,1138.3,26.3,청주시,수곡1동,"('청주시', '수곡1동')"
수곡1동,4311257000,수곡1동,청주시,2018,14991.0,3991.0,1284.0,2762.0,1784.0,26.62264025081716,8.56513908345007,18.424387966113,11.900473617503836,9.615205300012317,-3.9038461538461577,-5.939193966533118,-555.0,15600.0,15295.5,-3.628518191624988,23.0,0.0,5.0,1.0,11.0,19.17,167.0,158.0,23.0,16.0,557.0,969.0,3553.0,146.0,23.70088719898606,4.109203490008444,1.5342538856647323,0.0,0.3335334534053765,0.0667066906810753,11.140017343739576,1.5342538856647323,0.7337735974918285,0,1,-11.538461538461542,,-5.113636363636365,-3.874834008648575,청주시,수곡1동,"('청주시', '수곡1동')","('청주시', '수곡1동')",수곡1동,880.9,1138.3,26.3,388.8,430.5,342.8,148.4,2.0,13.0,45.0,57.0,1.0,7.0,18.0,33.0,4.0,20.0,99.0,165.0,1138.3,26.3,청주시,수곡1동,"('청주시', '수곡1동')"
수곡1동,4311257000,수곡1동,청주시,2019,14378.0,3687.0,1114.0,2876.0,1634.0,25.643343997774377,7.747948254277367,20.002782028098483,11.364584782306302,9.573454539543818,-4.089120138749913,-7.617138561763969,-569.0,14991.0,14684.5,-3.874834008648575,20.0,0.0,5.0,1.0,11.0,19.17,168.0,165.0,26.0,16.0,568.0,955.0,3186.0,91.0,22.158853804423423,2.85624607658506,1.3910140492418974,0.0,0.3477535123104743,0.0695507024620948,11.684518013631935,1.8083182640144664,0.7650577270830434,0,1,-13.043478260869568,,0.5988023952095745,-4.954134989470679,청주시,수곡1동,"('청주시', '수곡1동')","('청주시', '수곡1동')",수곡1동,880.9,1138.3,26.3,388.8,430.5,342.8,148.4,2.0,13.0,45.0,57.0,1.0,7.0,18.0,33.0,4.0,20.0,99.0,165.0,1138.3,26.3,청주시,수곡1동,"('청주시', '수곡1동')"
수곡1동,4311257000,수곡1동,청주시,2021,13247.0,3294.0,872.0,3170.0,1419.0,24.866007397901413,6.5826224805616365,23.92994640295916,10.7118592888956,9.491526390684262,-2.8741110052056595,-2.8605131229725744,-302.0,13639.0,13443.0,-2.2465223536413004,12.0,0.0,5.0,1.0,11.0,19.17,171.0,171.0,31.0,16.0,610.0,1264.0,3573.0,99.0,26.97214463652148,2.770780856423174,0.905865478976372,0.0,0.3774439495734883,0.0754887899146976,12.908583075413302,2.340152487355628,0.8303766890616743,0,1,-33.333333333333336,,-1.7241379310344862,0.3709170735399871,청주시,수곡1동,"('청주시', '수곡1동')","('청주시', '수곡1동')",수곡1동,880.9,1138.3,26.3,388.8,430.5,342.8,148.4,2.0,13.0,45.0,57.0,1.0,7.0,18.0,33.0,4.0,20.0,99.0,165.0,1138.3,26.3,청주시,수곡1동,"('청주시', '수곡1동')"
수곡1동,4311257000,수곡1동,청주시,2022,13174.0,3258.0,876.0,3242.0,1400.0,24.730529831486265,6.649461059662973,24.609078487930773,10.626992561105206,9.486000469200638,-0.5510681663772887,-1.0928961748633892,49.0,13247.0,13210.5,0.3709170735399871,12.0,0.0,5.0,1.0,11.0,19.17,183.0,175.0,34.0,16.0,643.0,1273.0,3696.0,126.0,28.055260361317742,3.4090909090909087,0.9108850766661604,0.0,0.3795354486109003,0.07590708972218,13.89099741915895,2.5808410505541217,0.8349779869439805,0,1,0.0,,7.017543859649122,-1.4126679462571976,청주시,수곡1동,"('청주시', '수곡1동')","('청주시', '수곡1동')",수곡1동,880.9,1138.3,26.3,388.8,430.5,342.8,148.4,2.0,13.0,45.0,57.0,1.0,7.0,18.0,33.0,4.0,20.0,99.0,165.0,1138.3,26.3,청주시,수곡1동,"('청주시', '수곡1동')"
수곡1동,4311257000,수곡1동,청주시,2023,12876.0,3121.0,775.0,3403.0,1351.0,24.23889406648028,6.018949984467225,26.429015222118668,10.492388940664805,9.463120392418698,-2.262031273720966,-4.205033763044808,-184.0,13174.0,13025.0,-1.4126679462571976,12.0,0.0,5.0,1.0,11.0,19.17,155.0,163.0,19.0,1.0,582.0,1289.0,4000.0,116.0,31.065548306927614,2.9000000000000004,0.9319664492078285,0.0,0.3883193538365952,0.077663870767319,12.03789996893445,1.4756135445790617,0.8543025784405095,0,1,0.0,,-15.300546448087427,-1.2319039585703635,청주시,수곡1동,"('청주시', '수곡1동')","('청주시', '수곡1동')",수곡1동,880.9,1138.3,26.3,388.8,430.5,342.8,148.4,2.0,13.0,45.0,57.0,1.0,7.0,18.0,33.0,4.0,20.0,99.0,165.0,1138.3,26.3,청주시,수곡1동,"('청주시', '수곡1동')"
수곡1동,4311257000,수곡1동,청주시,2024,12613.0,3008.0,711.0,3534.0,1331.0,23.84841037025292,5.637041148021883,28.01871085388092,10.552604455720289,9.442483307087192,-2.042559801180488,-3.6206344120474174,-157.0,12876.0,12744.5,-1.2319039585703635,11.0,0.0,5.0,1.0,11.0,19.17,157.0,163.0,21.0,1.0,585.0,1272.0,3940.0,165.0,31.23761198763181,4.187817258883249,0.872116070720685,0.0,0.3964163957821295,0.0792832791564259,12.44747482755887,1.664948862284944,0.872116070720685,0,1,-8.333333333333337,,1.2903225806451646,-1.6221642240513954,청주시,수곡1동,"('청주시', '수곡1동')","('청주시', '수곡1동')",수곡1동,880.9,1138.3,26.3,388.8,430.5,342.8,148.4,2.0,13.0,45.0,57.0,1.0,7.0,18.0,33.0,4.0,20.0,99.0,165.0,1138.3,26.3,청주시,수곡1동,"('청주시', '수곡1동')"
수곡2동,4311258000,수곡2동,청주시,2017,15218.0,3720.0,1581.0,2437.0,1615.0,24.44473649625444,10.389013010908135,16.013930871336576,10.61243264555132,9.630234216736469,-2.5985663082437327,-5.535804977145764,-351.0,15624.0,15421.0,-2.276116983334414,0.0,0.0,0.0,0.0,13.0,13.006,131.0,157.0,20.0,11.0,426.0,749.0,2334.0,48.0,15.33710080168222,2.056555269922879,0.0,0.0,0.0,0.0,8.608227099487449,1.3142331449599158,0.8542515442239452,1,1,,,16.964285714285722,-3.72058724944694,청주시,수곡2동,"('청주시', '수곡2동')","('청주시', '수곡2동')",수곡2동,895.2,1983.3,44.4,38.0,1160.5,426.5,43.2,1.0,3.0,33.0,56.0,0.0,1.0,14.0,32.0,3.0,11.0,64.0,158.0,1983.3,44.4,청주시,수곡2동,"('청주시', '수곡2동')"
수곡2동,4311258000,수곡2동,청주시,2018,14616.0,3443.0,1452.0,2564.0,1504.0,23.55637657361796,9.934318555008211,17.542419266557197,10.29009304871374,9.589872098057842,-3.955841766329349,-7.446236559139785,-555.0,15218.0,14917.0,-3.72058724944694,0.0,0.0,0.0,0.0,13.0,13.006,130.0,171.0,20.0,11.0,446.0,753.0,2394.0,47.0,16.379310344827587,1.9632414369256472,0.0,0.0,0.0,0.0,8.894362342638205,1.3683634373289546,0.8894362342638205,1,1,,,-0.7633587786259555,-3.1362163292330205,청주시,수곡2동,"('청주시', '수곡2동')","('청주시', '수곡2동')",수곡2동,895.2,1983.3,44.4,38.0,1160.5,426.5,43.2,1.0,3.0,33.0,56.0,0.0,1.0,14.0,32.0,3.0,11.0,64.0,158.0,1983.3,44.4,청주시,수곡2동,"('청주시', '수곡2동')"
수곡2동,4311258000,수곡2동,청주시,2019,14081.0,3208.0,1345.0,2695.0,1416.0,22.782472835736097,9.551878417726014,19.13926567715361,10.056103969888502,9.552581649917313,-3.660372194854955,-6.825442927679348,-450.0,14616.0,14348.5,-3.1362163292330205,1.0,0.0,0.0,0.0,13.0,13.006,135.0,178.0,23.0,12.0,466.0,720.0,2432.0,59.0,17.27150060365031,2.425986842105264,0.0710176834031673,0.0,0.0,0.0,9.587387259427596,1.6334067182728498,0.923229884241176,1,1,inf,,3.846153846153855,-3.1774753908511872,청주시,수곡2동,"('청주시', '수곡2동')","('청주시', '수곡2동')",수곡2동,895.2,1983.3,44.4,38.0,1160.5,426.5,43.2,1.0,3.0,33.0,56.0,0.0,1.0,14.0,32.0,3.0,11.0,64.0,158.0,1983.3,44.4,청주시,수곡2동,"('청주시', '수곡2동')"
수곡2동,4311258000,수곡2동,청주시,2021,15920.0,3684.0,1541.0,3182.0,1688.0,23.14070351758794,9.679648241206031,19.98743718592965,10.603015075376884,9.675331459398372,17.48210464172386,23.334449280214265,2420.0,13551.0,14735.5,16.422924230599573,1.0,0.0,0.0,0.0,13.0,13.006,149.0,178.0,28.0,12.0,500.0,910.0,2520.0,64.0,15.829145728643216,2.5396825396825395,0.0628140703517588,0.0,0.0,0.0,9.35929648241206,1.7587939698492463,0.8165829145728644,1,1,0.0,,6.428571428571428,-1.327911557278099,청주시,수곡2동,"('청주시', '수곡2동')","('청주시', '수곡2동')",수곡2동,895.2,1983.3,44.4,38.0,1160.5,426.5,43.2,1.0,3.0,33.0,56.0,0.0,1.0,14.0,32.0,3.0,11.0,64.0,158.0,1983.3,44.4,청주시,수곡2동,"('청주시', '수곡2동')"
수곡2동,4311258000,수곡2동,청주시,2022,15558.0,3464.0,1433.0,3384.0,1579.0,22.26507263144363,9.210695462141665,21.750867720786733,10.1491194240905,9.65233025476672,-2.27386934673367,-5.9717698154180265,-209.0,15920.0,15739.0,-1.327911557278099,1.0,0.0,0.0,0.0,13.0,13.006,143.0,181.0,33.0,12.0,503.0,924.0,2584.0,83.0,16.608818614217764,3.212074303405573,0.0642756138321121,0.0,0.0,0.0,9.19141277799203,2.121095256459699,0.8355829798174573,1,1,0.0,,-4.026845637583898,-2.314060361123786,청주시,수곡2동,"('청주시', '수곡2동')","('청주시', '수곡2동')",수곡2동,895.2,1983.3,44.4,38.0,1160.5,426.5,43.2,1.0,3.0,33.0,56.0,0.0,1.0,14.0,32.0,3.0,11.0,64.0,158.0,1983.3,44.4,청주시,수곡2동,"('청주시', '수곡2동')"
수곡2동,4311258000,수곡2동,청주시,2023,15124.0,3269.0,1294.0,3553.0,1498.0,21.614652208410472,8.555937582650094,23.492462311557787,9.904787093361543,9.624038165010823,-2.7895616403136647,-5.629330254041576,-355.0,15558.0,15341.0,-2.314060361123786,1.0,0.0,0.0,0.0,13.0,13.006,132.0,170.0,13.0,2.0,455.0,931.0,2486.0,49.0,16.43745040994446,1.9710378117457763,0.0661200740544829,0.0,0.0,0.0,8.727849775191748,0.8595609627082781,0.8595609627082781,1,1,0.0,,-7.692307692307687,-1.039757389942347,청주시,수곡2동,"('청주시', '수곡2동')","('청주시', '수곡2동')",수곡2동,895.2,1983.3,44.4,38.0,1160.5,426.5,43.2,1.0,3.0,33.0,56.0,0.0,1.0,14.0,32.0,3.0,11.0,64.0,158.0,1983.3,44.4,청주시,수곡2동,"('청주시', '수곡2동')"
수곡2동,4311258000,수곡2동,청주시,2024,14883.0,3095.0,1227.0,3804.0,1400.0,20.795538533897737,8.244305583551704,25.559363031646846,9.406705637304306,9.60797490096916,-1.5934937847130404,-5.322728663199761,-156.0,15124.0,15003.5,-1.039757389942347,1.0,0.0,0.0,0.0,13.0,13.006,115.0,176.0,10.0,2.0,430.0,956.0,2591.0,68.0,17.409124504468185,2.6244693168660747,0.0671907545521736,0.0,0.0,0.0,7.7269367734999665,0.6719075455217361,0.8734798091782571,1,1,0.0,,-12.87878787878788,-1.4258071086668704,청주시,수곡2동,"('청주시', '수곡2동')","('청주시', '수곡2동')",수곡2동,895.2,1983.3,44.4,38.0,1160.5,426.5,43.2,1.0,3.0,33.0,56.0,0.0,1.0,14.0,32.0,3.0,11.0,64.0,158.0,1983.3,44.4,청주시,수곡2동,"('청주시', '수곡2동')"
수산면,4315033000,수산면,제천시,2017,2099.0,200.0,92.0,849.0,78.0,9.52834683182468,4.383039542639352,40.44783230109576,3.716055264411625,7.649216319820633,-0.9438414346389812,-5.660377358490565,17.0,2119.0,2109.0,0.8060692271218587,1.0,0.0,2.0,0.0,86.0,461.509,38.0,35.0,1.0,1.0,103.0,176.0,480.0,28.0,22.868032396379228,5.833333333333333,0.4764173415912339,0.0,0.952834683182468,0.0,18.10385898046689,0.4764173415912339,40.97189137684612,1,1,0.0,,8.571428571428562,1.0954989283162655,제천시,수산면,"('제천시', '수산면')","('제천시', '수산면')",수산면,21904.2,33225.5,26565.1,778.9,12956.2,5170.1,1066.5,0.0,0.0,0.0,0.0,0.0,0.0,0.0,1.0,1.0,1.0,3.0,9.0,24472.8,22358.8,제천시,수산면,"('제천시', '수산면')"
수산면,4315033000,수산면,제천시,2018,2100.0,187.0,82.0,874.0,70.0,8.904761904761905,3.9047619047619047,41.61904761904761,3.333333333333333,7.649692623711514,0.0476417341591206,-6.499999999999995,23.0,2099.0,2099.5,1.0954989283162655,1.0,0.0,2.0,0.0,86.0,461.509,38.0,36.0,1.0,1.0,105.0,192.0,492.0,23.0,23.42857142857143,4.67479674796748,0.4761904761904761,0.0,0.9523809523809524,0.0,18.09523809523809,0.4761904761904761,40.95238095238096,1,1,0.0,,0.0,-0.1925391095066185,제천시,수산면,"('제천시', '수산면')","('제천시', '수산면')",수산면,21904.2,33225.5,26565.1,778.9,12956.2,5170.1,1066.5,0.0,0.0,0.0,0.0,0.0,0.0,0.0,1.0,1.0,1.0,3.0,9.0,24472.8,22358.8,제천시,수산면,"('제천시', '수산면')"
수산면,4315033000,수산면,제천시,2019,2055.0,176.0,75.0,892.0,62.0,8.564476885644769,3.64963503649635,43.406326034063255,3.017031630170316,7.628031126930335,-2.1428571428571463,-5.882352941176472,-4.0,2100.0,2077.5,-0.1925391095066185,1.0,0.0,2.0,0.0,86.0,461.509,36.0,43.0,2.0,1.0,115.0,191.0,488.0,23.0,23.746958637469582,4.713114754098361,0.48661800486618,0.0,0.97323600973236,0.0,17.51824817518248,0.97323600973236,41.84914841849149,1,1,0.0,,-5.263157894736848,0.9758477677482312,제천시,수산면,"('제천시', '수산면')","('제천시', '수산면')",수산면,21904.2,33225.5,26565.1,778.9,12956.2,5170.1,1066.5,0.0,0.0,0.0,0.0,0.0,0.0,0.0,1.0,1.0,1.0,3.0,9.0,24472.8,22358.8,제천시,수산면,"('제천시', '수산면')"
수산면,4315033000,수산면,제천시,2021,2016.0,140.0,66.0,921.0,44.0,6.944444444444445,3.273809523809524,45.68452380952381,2.1825396825396823,7.60887062919126,-1.3698630136986356,-13.043478260869568,23.0,2044.0,2030.0,1.1330049261083743,1.0,0.0,2.0,0.0,86.0,461.509,32.0,38.0,4.0,1.0,118.0,252.0,539.0,23.0,26.73611111111111,4.267161410018553,0.496031746031746,0.0,0.992063492063492,0.0,15.873015873015872,1.984126984126984,42.65873015873016,1,1,0.0,,-13.513513513513509,2.632232431090141,제천시,수산면,"('제천시', '수산면')","('제천시', '수산면')",수산면,21904.2,33225.5,26565.1,778.9,12956.2,5170.1,1066.5,0.0,0.0,0.0,0.0,0.0,0.0,0.0,1.0,1.0,1.0,3.0,9.0,24472.8,22358.8,제천시,수산면,"('제천시', '수산면')"
수산면,4315033000,수산면,제천시,2022,2011.0,130.0,66.0,932.0,41.0,6.4644455494778725,3.2819492789656888,46.34510193933367,2.038786673296867,7.606387389772652,-0.2480158730158721,-7.14285714285714,53.0,2016.0,2013.5,2.632232431090141,1.0,0.0,2.0,0.0,86.0,461.509,41.0,39.0,4.0,1.0,129.0,269.0,580.0,25.0,28.84137245151665,4.310344827586207,0.4972650422675285,0.0,0.9945300845350572,0.0,20.38786673296867,1.9890601690701144,42.76479363500746,1,1,0.0,,28.125,2.232696601339618,제천시,수산면,"('제천시', '수산면')","('제천시', '수산면')",수산면,21904.2,33225.5,26565.1,778.9,12956.2,5170.1,1066.5,0.0,0.0,0.0,0.0,0.0,0.0,0.0,1.0,1.0,1.0,3.0,9.0,24472.8,22358.8,제천시,수산면,"('제천시', '수산면')"
수산면,4315033000,수산면,제천시,2023,2020.0,130.0,57.0,992.0,45.0,6.435643564356436,2.821782178217822,49.10891089108911,2.2277227722772275,7.61085279039525,0.4475385380407815,0.0,45.0,2011.0,2015.5,2.232696601339618,1.0,0.0,2.0,0.0,86.0,461.509,37.0,37.0,3.0,0.0,123.0,289.0,599.0,21.0,29.65346534653465,3.5058430717863103,0.495049504950495,0.0,0.99009900990099,0.0,18.31683168316832,1.4851485148514851,42.57425742574257,1,1,0.0,,-9.756097560975608,-0.1499625093726568,제천시,수산면,"('제천시', '수산면')","('제천시', '수산면')",수산면,21904.2,33225.5,26565.1,778.9,12956.2,5170.1,1066.5,0.0,0.0,0.0,0.0,0.0,0.0,0.0,1.0,1.0,1.0,3.0,9.0,24472.8,22358.8,제천시,수산면,"('제천시', '수산면')"
수산면,4315033000,수산면,제천시,2024,1981.0,117.0,51.0,1005.0,42.0,5.906108026249369,2.5744573447753663,50.73195355880869,2.120141342756184,7.591357046698551,-1.9306930693069324,-9.999999999999998,-3.0,2020.0,2000.5,-0.1499625093726568,1.0,0.0,2.0,0.0,86.0,461.509,36.0,31.0,3.0,0.0,121.0,305.0,577.0,21.0,29.12670368500757,3.639514731369151,0.5047955577990914,0.0,1.0095911155981827,0.0,18.172640080767287,1.5143866733972742,43.41241797072186,1,1,0.0,,-2.7027027027026973,0.4576659038901602,제천시,수산면,"('제천시', '수산면')","('제천시', '수산면')",수산면,21904.2,33225.5,26565.1,778.9,12956.2,5170.1,1066.5,0.0,0.0,0.0,0.0,0.0,0.0,0.0,1.0,1.0,1.0,3.0,9.0,24472.8,22358.8,제천시,수산면,"('제천시', '수산면')"
수안보면,4313032500,수안보면,충주시,2017,3311.0,470.0,174.0,1040.0,193.0,14.195107218363033,5.255209906372698,31.410450015101176,5.829054666263969,8.105005537547246,0.0302114803625297,-6.746031746031744,37.0,3310.0,3310.5,1.1176559432109954,1.0,0.0,3.0,0.0,63.0,328.302,68.0,159.0,4.0,2.0,322.0,420.0,1810.0,115.0,54.66626396858955,6.353591160220995,0.3020235578375113,0.0,0.906070673512534,0.0,20.53760193295077,1.2080942313500451,19.02748414376321,1,1,0.0,,13.33333333333333,0.6371359223300971,충주시,수안보면,"('충주시', '수안보면')","('충주시', '수안보면')",수안보면,3789.3,19504.1,17799.3,598.9,10966.9,2013.9,419.2,0.0,0.0,1.0,1.0,0.0,0.0,0.0,2.0,1.0,1.0,4.0,13.0,14469.7,12764.8,충주시,수안보면,"('충주시', '수안보면')"
수안보면,4313032500,수안보면,충주시,2018,3281.0,438.0,169.0,1102.0,186.0,13.349588540079244,5.150868637610484,33.58732093873819,5.669003352636391,8.0959035329611,-0.906070673512538,-6.808510638297872,21.0,3311.0,3296.0,0.6371359223300971,1.0,0.0,3.0,0.0,63.0,328.302,68.0,162.0,4.0,2.0,331.0,411.0,1926.0,109.0,58.701615361170376,5.659397715472482,0.3047851264858274,0.0,0.9143553794574826,0.0,20.725388601036272,1.2191405059433098,19.20146296860713,1,1,0.0,,0.0,-3.498906591690097,충주시,수안보면,"('충주시', '수안보면')","('충주시', '수안보면')",수안보면,3789.3,19504.1,17799.3,598.9,10966.9,2013.9,419.2,0.0,0.0,1.0,1.0,0.0,0.0,0.0,2.0,1.0,1.0,4.0,13.0,14469.7,12764.8,충주시,수안보면,"('충주시', '수안보면')"
수안보면,4313032500,수안보면,충주시,2019,3121.0,387.0,133.0,1139.0,164.0,12.399871835950016,4.261454661967319,36.49471323293816,5.25472604934316,8.045908742270779,-4.876562023773234,-11.64383561643836,-112.0,3281.0,3201.0,-3.498906591690097,1.0,0.0,3.0,0.0,63.0,328.302,69.0,161.0,5.0,2.0,333.0,428.0,1960.0,113.0,62.80038449214995,5.76530612244898,0.3204101249599487,0.0,0.9612303748798462,0.0,22.10829862223646,1.6020506247997437,20.185837872476768,1,1,0.0,,1.4705882352941124,-3.0446881650024555,충주시,수안보면,"('충주시', '수안보면')","('충주시', '수안보면')",수안보면,3789.3,19504.1,17799.3,598.9,10966.9,2013.9,419.2,0.0,0.0,1.0,1.0,0.0,0.0,0.0,2.0,1.0,1.0,4.0,13.0,14469.7,12764.8,충주시,수안보면,"('충주시', '수안보면')"
수안보면,4313032500,수안보면,충주시,2021,2921.0,306.0,119.0,1192.0,114.0,10.47586442998973,4.07394727832934,40.80794248545019,3.902773022937352,7.979681302387741,-2.2423025435073574,-12.06896551724138,-12.0,2988.0,2954.5,-0.4061600947706888,1.0,1.0,3.0,0.0,63.0,328.302,73.0,156.0,5.0,2.0,329.0,516.0,1925.0,126.0,65.90208832591578,6.545454545454546,0.342348510783978,0.342348510783978,1.0270455323519343,0.0,24.9914412872304,1.7117425539198905,21.56795617939062,1,0,0.0,inf,4.285714285714293,-0.6577808551151116,충주시,수안보면,"('충주시', '수안보면')","('충주시', '수안보면')",수안보면,3789.3,19504.1,17799.3,598.9,10966.9,2013.9,419.2,0.0,0.0,1.0,1.0,0.0,0.0,0.0,2.0,1.0,1.0,4.0,13.0,14469.7,12764.8,충주시,수안보면,"('충주시', '수안보면')"
수안보면,4313032500,수안보면,충주시,2022,2856.0,288.0,113.0,1225.0,123.0,10.084033613445378,3.956582633053221,42.8921568627451,4.30672268907563,7.957177323459475,-2.2252653200958594,-5.882352941176472,-19.0,2921.0,2888.5,-0.6577808551151116,1.0,1.0,3.0,0.0,63.0,328.302,75.0,155.0,6.0,3.0,338.0,532.0,2016.0,146.0,70.58823529411765,7.242063492063493,0.3501400560224089,0.3501400560224089,1.050420168067227,0.0,26.26050420168067,2.100840336134454,22.058823529411768,1,0,0.0,0.0,2.7397260273972712,0.3523608174770966,충주시,수안보면,"('충주시', '수안보면')","('충주시', '수안보면')",수안보면,3789.3,19504.1,17799.3,598.9,10966.9,2013.9,419.2,0.0,0.0,1.0,1.0,0.0,0.0,0.0,2.0,1.0,1.0,4.0,13.0,14469.7,12764.8,충주시,수안보면,"('충주시', '수안보면')"
수안보면,4313032500,수안보면,충주시,2023,2820.0,281.0,97.0,1259.0,119.0,9.9645390070922,3.4397163120567376,44.645390070921984,4.219858156028368,7.944492163932159,-1.2605042016806678,-2.430555555555558,10.0,2856.0,2838.0,0.3523608174770966,0.0,2.0,3.0,0.0,63.0,328.302,64.0,153.0,3.0,1.0,316.0,531.0,2088.0,127.0,74.04255319148936,6.082375478927203,0.0,0.7092198581560284,1.0638297872340423,0.0,22.69503546099291,1.0638297872340423,22.340425531914896,1,0,-100.0,100.0,-14.66666666666666,-0.1432921368439906,충주시,수안보면,"('충주시', '수안보면')","('충주시', '수안보면')",수안보면,3789.3,19504.1,17799.3,598.9,10966.9,2013.9,419.2,0.0,0.0,1.0,1.0,0.0,0.0,0.0,2.0,1.0,1.0,4.0,13.0,14469.7,12764.8,충주시,수안보면,"('충주시', '수안보면')"
수안보면,4313032500,수안보면,충주시,2024,2763.0,271.0,94.0,1281.0,118.0,9.808179515019908,3.4020991675714805,46.36264929424539,4.270720231632284,7.924072324923417,-2.021276595744681,-3.558718861209964,-4.0,2820.0,2791.5,-0.1432921368439906,0.0,2.0,3.0,0.0,63.0,328.302,66.0,146.0,3.0,3.0,308.0,542.0,2251.0,121.0,81.4694173000362,5.375388716126166,0.0,0.7238508867173363,1.0857763300760044,0.0,23.8870792616721,1.0857763300760044,22.80130293159609,1,0,,0.0,3.125,-0.2190180689906917,충주시,수안보면,"('충주시', '수안보면')","('충주시', '수안보면')",수안보면,3789.3,19504.1,17799.3,598.9,10966.9,2013.9,419.2,0.0,0.0,1.0,1.0,0.0,0.0,0.0,2.0,1.0,1.0,4.0,13.0,14469.7,12764.8,충주시,수안보면,"('충주시', '수안보면')"
수한면,4372036000,수한면,보은군,2017,1976.0,233.0,124.0,753.0,102.0,11.791497975708502,6.275303643724696,38.10728744939272,5.161943319838056,7.588829878307813,1.1258955987717425,-2.1008403361344574,60.0,1954.0,1965.0,3.0534351145038165,0.0,2.0,1.0,0.0,81.0,362.989,19.0,13.0,0.0,1.0,41.0,83.0,437.0,46.0,22.115384615384613,10.526315789473683,0.0,1.0121457489878545,0.5060728744939271,0.0,9.615384615384617,0.0,40.991902834008094,1,0,,0.0,11.764705882352944,3.0097817908201656,보은군,수한면,"('보은군', '수한면')","('보은군', '수한면')",수한면,3446.7,4549.3,4292.8,534.0,3102.0,3117.6,897.7,1.0,3.0,3.0,4.0,0.0,3.0,5.0,8.0,2.0,5.0,10.0,23.0,1607.4,1520.3,보은군,수한면,"('보은군', '수한면')"
수한면,4372036000,수한면,보은군,2018,2011.0,231.0,126.0,772.0,105.0,11.48682247637991,6.26553953257086,38.38886126305321,5.22128294380905,7.606387389772652,1.7712550607287492,-0.8583690987124415,60.0,1976.0,1993.5,3.0097817908201656,0.0,2.0,1.0,0.0,81.0,362.989,19.0,14.0,1.0,1.0,46.0,88.0,401.0,43.0,19.940328194927897,10.723192019950124,0.0,0.9945300845350572,0.4972650422675285,0.0,9.448035803083044,0.4972650422675285,40.27846842366982,1,0,,0.0,0.0,-1.1616161616161615,보은군,수한면,"('보은군', '수한면')","('보은군', '수한면')",수한면,3446.7,4549.3,4292.8,534.0,3102.0,3117.6,897.7,1.0,3.0,3.0,4.0,0.0,3.0,5.0,8.0,2.0,5.0,10.0,23.0,1607.4,1520.3,보은군,수한면,"('보은군', '수한면')"
수한면,4372036000,수한면,보은군,2019,1949.0,225.0,115.0,769.0,98.0,11.54438173422268,5.900461775269369,39.45613134940996,5.028219599794767,7.575071699507561,-3.0830432620586823,-2.5974025974025983,-23.0,2011.0,1980.0,-1.1616161616161615,0.0,2.0,1.0,0.0,81.0,362.989,20.0,15.0,1.0,1.0,50.0,88.0,411.0,58.0,21.08773730118009,14.11192214111922,0.0,1.026167265264238,0.513083632632119,0.0,10.26167265264238,0.513083632632119,41.55977424320164,1,0,,0.0,5.263157894736836,0.4122648801855192,보은군,수한면,"('보은군', '수한면')","('보은군', '수한면')",수한면,3446.7,4549.3,4292.8,534.0,3102.0,3117.6,897.7,1.0,3.0,3.0,4.0,0.0,3.0,5.0,8.0,2.0,5.0,10.0,23.0,1607.4,1520.3,보은군,수한면,"('보은군', '수한면')"
수한면,4372036000,수한면,보은군,2021,1887.0,179.0,89.0,843.0,80.0,9.485956544780077,4.716481187069423,44.67408585055644,4.239533651298357,7.54274354536855,-2.329192546583847,-15.165876777251183,-5.0,1932.0,1909.5,-0.2618486514794449,0.0,2.0,1.0,0.0,81.0,362.989,21.0,16.0,1.0,1.0,55.0,200.0,537.0,54.0,28.45786963434022,10.05586592178771,0.0,1.0598834128245893,0.5299417064122947,0.0,11.128775834658189,0.5299417064122947,42.92527821939586,1,0,,0.0,5.000000000000004,1.6012810248198557,보은군,수한면,"('보은군', '수한면')","('보은군', '수한면')",수한면,3446.7,4549.3,4292.8,534.0,3102.0,3117.6,897.7,1.0,3.0,3.0,4.0,0.0,3.0,5.0,8.0,2.0,5.0,10.0,23.0,1607.4,1520.3,보은군,수한면,"('보은군', '수한면')"
수한면,4372036000,수한면,보은군,2022,1860.0,162.0,85.0,838.0,73.0,8.709677419354838,4.56989247311828,45.053763440860216,3.924731182795699,7.528331766707247,-1.4308426073131986,-9.49720670391061,30.0,1887.0,1873.5,1.6012810248198557,0.0,2.0,1.0,0.0,81.0,362.989,22.0,17.0,1.0,1.0,55.0,182.0,508.0,51.0,27.311827956989248,10.039370078740156,0.0,1.075268817204301,0.5376344086021505,0.0,11.827956989247312,0.5376344086021505,43.54838709677419,1,0,,0.0,4.761904761904767,0.108695652173913,보은군,수한면,"('보은군', '수한면')","('보은군', '수한면')",수한면,3446.7,4549.3,4292.8,534.0,3102.0,3117.6,897.7,1.0,3.0,3.0,4.0,0.0,3.0,5.0,8.0,2.0,5.0,10.0,23.0,1607.4,1520.3,보은군,수한면,"('보은군', '수한면')"
수한면,4372036000,수한면,보은군,2023,1820.0,147.0,80.0,875.0,65.0,8.076923076923077,4.395604395604396,48.07692307692308,3.571428571428571,7.506591780070841,-2.1505376344086,-9.259259259259256,2.0,1860.0,1840.0,0.108695652173913,0.0,2.0,1.0,0.0,81.0,362.989,21.0,17.0,1.0,0.0,50.0,215.0,565.0,62.0,31.043956043956044,10.973451327433628,0.0,1.098901098901099,0.5494505494505495,0.0,11.53846153846154,0.5494505494505495,44.50549450549451,1,0,,0.0,-4.545454545454541,-0.5011135857461024,보은군,수한면,"('보은군', '수한면')","('보은군', '수한면')",수한면,3446.7,4549.3,4292.8,534.0,3102.0,3117.6,897.7,1.0,3.0,3.0,4.0,0.0,3.0,5.0,8.0,2.0,5.0,10.0,23.0,1607.4,1520.3,보은군,수한면,"('보은군', '수한면')"
수한면,4372036000,수한면,보은군,2024,1772.0,133.0,70.0,910.0,59.0,7.505643340857787,3.950338600451468,51.354401805869074,3.329571106094808,7.479864131165026,-2.637362637362639,-9.523809523809524,-9.0,1820.0,1796.0,-0.5011135857461024,0.0,2.0,1.0,0.0,81.0,362.989,20.0,19.0,2.0,1.0,54.0,227.0,592.0,53.0,33.40857787810384,8.952702702702704,0.0,1.128668171557562,0.564334085778781,0.0,11.286681715575622,1.128668171557562,45.71106094808126,1,0,,0.0,-4.761904761904767,4.024594745667971,보은군,수한면,"('보은군', '수한면')","('보은군', '수한면')",수한면,3446.7,4549.3,4292.8,534.0,3102.0,3117.6,897.7,1.0,3.0,3.0,4.0,0.0,3.0,5.0,8.0,2.0,5.0,10.0,23.0,1607.4,1520.3,보은군,수한면,"('보은군', '수한면')"
신니면,4313035000,신니면,충주시,2017,3294.0,484.0,140.0,1168.0,195.0,14.69338190649666,4.250151791135397,35.45840922890103,5.919854280510018,8.099857910737585,-3.117647058823525,-10.70110701107011,-56.0,3400.0,3347.0,-1.6731401254855096,0.0,0.0,3.0,0.0,52.0,434.291,35.0,41.0,3.0,0.0,97.0,254.0,1512.0,663.0,45.90163934426229,43.84920634920635,0.0,0.0,0.9107468123861566,0.0,10.625379477838491,0.9107468123861566,15.786278081360049,1,1,-100.0,,9.375,-2.00896306598671,충주시,신니면,"('충주시', '신니면')","('충주시', '신니면')",신니면,7919.5,21328.6,4831.6,638.7,7477.1,2042.7,649.9,0.0,0.0,1.0,6.0,0.0,0.0,1.0,12.0,1.0,2.0,7.0,39.0,16195.1,1686.7,충주시,신니면,"('충주시', '신니면')"
신니면,4313035000,신니면,충주시,2018,3177.0,431.0,106.0,1191.0,180.0,13.566257475605918,3.336480956877557,37.488196411709154,5.6657223796034,8.063692634269517,-3.551912568306015,-10.950413223140496,-65.0,3294.0,3235.5,-2.00896306598671,0.0,0.0,3.0,0.0,52.0,434.291,40.0,44.0,2.0,0.0,106.0,263.0,1487.0,719.0,46.80516210261253,48.35238735709482,0.0,0.0,0.9442870632672332,0.0,12.590494176896442,0.6295247088448221,16.367642429965375,1,1,,,14.28571428571428,-1.9846350832266324,충주시,신니면,"('충주시', '신니면')","('충주시', '신니면')",신니면,7919.5,21328.6,4831.6,638.7,7477.1,2042.7,649.9,0.0,0.0,1.0,6.0,0.0,0.0,1.0,12.0,1.0,2.0,7.0,39.0,16195.1,1686.7,충주시,신니면,"('충주시', '신니면')"
신니면,4313035000,신니면,충주시,2019,3071.0,383.0,92.0,1224.0,154.0,12.471507652230544,2.9957668511885376,39.85672419407359,5.014653207424292,8.029758520440822,-3.336480956877552,-11.1368909512761,-62.0,3177.0,3124.0,-1.9846350832266324,0.0,0.0,3.0,0.0,52.0,434.291,36.0,45.0,2.0,0.0,101.0,277.0,1562.0,674.0,50.86291110387496,43.149807938540334,0.0,0.0,0.9768804949527842,0.0,11.722565939433409,0.6512536633018561,16.932595245848255,1,1,,,-9.999999999999998,-0.2960039467192896,충주시,신니면,"('충주시', '신니면')","('충주시', '신니면')",신니면,7919.5,21328.6,4831.6,638.7,7477.1,2042.7,649.9,0.0,0.0,1.0,6.0,0.0,0.0,1.0,12.0,1.0,2.0,7.0,39.0,16195.1,1686.7,충주시,신니면,"('충주시', '신니면')"
신니면,4313035000,신니면,충주시,2021,2928.0,316.0,77.0,1290.0,116.0,10.792349726775956,2.629781420765028,44.05737704918033,3.9617486338797816,7.982074875081202,-2.7242524916943567,-8.139534883720934,-27.0,3010.0,2969.0,-0.9093971034018188,0.0,0.0,3.0,0.0,52.0,434.291,38.0,40.0,2.0,0.0,102.0,451.0,1795.0,694.0,61.30464480874317,38.66295264623956,0.0,0.0,1.0245901639344264,0.0,12.978142076502731,0.6830601092896176,17.759562841530055,1,1,,,11.764705882352944,-0.7981953843484296,충주시,신니면,"('충주시', '신니면')","('충주시', '신니면')",신니면,7919.5,21328.6,4831.6,638.7,7477.1,2042.7,649.9,0.0,0.0,1.0,6.0,0.0,0.0,1.0,12.0,1.0,2.0,7.0,39.0,16195.1,1686.7,충주시,신니면,"('충주시', '신니면')"
신니면,4313035000,신니면,충주시,2022,2835.0,275.0,63.0,1329.0,104.0,9.700176366843031,2.2222222222222223,46.87830687830688,3.668430335097002,7.949797216161852,-3.1762295081967262,-12.9746835443038,-23.0,2928.0,2881.5,-0.7981953843484296,0.0,0.0,3.0,0.0,52.0,434.291,38.0,39.0,2.0,0.0,102.0,450.0,1906.0,781.0,67.2310405643739,40.975865687303255,0.0,0.0,1.0582010582010584,0.0,13.403880070546736,0.7054673721340389,18.34215167548501,1,1,,,0.0,-1.1095204008589834,충주시,신니면,"('충주시', '신니면')","('충주시', '신니면')",신니면,7919.5,21328.6,4831.6,638.7,7477.1,2042.7,649.9,0.0,0.0,1.0,6.0,0.0,0.0,1.0,12.0,1.0,2.0,7.0,39.0,16195.1,1686.7,충주시,신니면,"('충주시', '신니면')"
신니면,4313035000,신니면,충주시,2023,2753.0,230.0,50.0,1350.0,82.0,8.354522339266254,1.8162005085361423,49.03741373047584,2.9785688339992737,7.920446505142607,-2.892416225749561,-16.36363636363637,-31.0,2835.0,2794.0,-1.1095204008589834,0.0,0.0,3.0,0.0,52.0,434.291,34.0,40.0,2.0,0.0,104.0,449.0,1874.0,769.0,68.07119505993462,41.03521878335112,0.0,0.0,1.0897203051216855,0.0,12.350163458045769,0.726480203414457,18.888485288775883,1,1,,,-10.526315789473683,0.6964809384164222,충주시,신니면,"('충주시', '신니면')","('충주시', '신니면')",신니면,7919.5,21328.6,4831.6,638.7,7477.1,2042.7,649.9,0.0,0.0,1.0,6.0,0.0,0.0,1.0,12.0,1.0,2.0,7.0,39.0,16195.1,1686.7,충주시,신니면,"('충주시', '신니면')"
신니면,4313035000,신니면,충주시,2024,2703.0,217.0,44.0,1374.0,78.0,8.028116907140214,1.6278209396966332,50.83240843507214,2.885682574916759,7.902117546276448,-1.816200508536148,-5.652173913043479,19.0,2753.0,2728.0,0.6964809384164222,0.0,0.0,3.0,0.0,52.0,434.291,29.0,37.0,3.0,0.0,99.0,482.0,2068.0,805.0,76.50758416574178,38.92649903288201,0.0,0.0,1.109877913429523,0.0,10.728819829818718,1.109877913429523,19.2378838327784,1,1,,,-14.70588235294118,-0.5620082427875608,충주시,신니면,"('충주시', '신니면')","('충주시', '신니면')",신니면,7919.5,21328.6,4831.6,638.7,7477.1,2042.7,649.9,0.0,0.0,1.0,6.0,0.0,0.0,1.0,12.0,1.0,2.0,7.0,39.0,16195.1,1686.7,충주시,신니면,"('충주시', '신니면')"
신백동,4315057700,신백동,제천시,2017,12420.0,3023.0,1668.0,1863.0,1441.0,24.33977455716586,13.429951690821255,15.0,11.602254428341386,9.42706335548747,-3.981445689988405,-5.825545171339563,-525.0,12935.0,12677.5,-4.141195030565963,6.0,0.0,6.0,0.0,107.0,266.328,77.0,115.0,20.0,4.0,335.0,730.0,3217.0,291.0,25.901771336553946,9.045694746658375,0.4830917874396135,0.0,0.4830917874396135,0.0,6.199677938808374,1.6103059581320451,8.615136876006442,1,1,0.0,,22.222222222222232,-4.117526196835833,제천시,신백동,"('제천시', '신백동')","('제천시', '신백동')",신백동,2716.8,3004.0,2013.5,324.2,2476.1,772.8,200.2,0.0,1.0,7.0,10.0,0.0,1.0,9.0,14.0,3.0,11.0,19.0,34.0,2439.4,1464.4,제천시,신백동,"('제천시', '신백동')"
신백동,4315057700,신백동,제천시,2018,11915.0,2787.0,1575.0,1914.0,1325.0,23.390684011749897,13.218631976500207,16.063785144775494,11.12043642467478,9.385553389532843,-4.06602254428341,-7.806814422758846,-501.0,12420.0,12167.5,-4.117526196835833,6.0,0.0,6.0,0.0,107.0,266.328,85.0,116.0,22.0,4.0,358.0,747.0,3083.0,280.0,25.874947545111205,9.0820629257217,0.5035669324381032,0.0,0.5035669324381032,0.0,7.133864876206463,1.8464120856063784,8.980276961812843,1,1,0.0,,10.389610389610391,-4.468505628598436,제천시,신백동,"('제천시', '신백동')","('제천시', '신백동')",신백동,2716.8,3004.0,2013.5,324.2,2476.1,772.8,200.2,0.0,1.0,7.0,10.0,0.0,1.0,9.0,14.0,3.0,11.0,19.0,34.0,2439.4,1464.4,제천시,신백동,"('제천시', '신백동')"
신백동,4315057700,신백동,제천시,2019,11359.0,2545.0,1384.0,1981.0,1171.0,22.405141297649443,12.184171141825866,17.439915485518092,10.309006074478386,9.33776566023142,-4.666386907259756,-8.683171869393613,-520.0,11915.0,11637.0,-4.468505628598436,6.0,0.0,6.0,0.0,107.0,266.328,83.0,116.0,25.0,4.0,365.0,788.0,3240.0,247.0,28.523637644158818,7.623456790123456,0.528215511928867,0.0,0.528215511928867,0.0,7.306981248349327,2.2008979663702792,9.419843296064794,1,1,0.0,,-2.352941176470591,-1.1886281988734644,제천시,신백동,"('제천시', '신백동')","('제천시', '신백동')",신백동,2716.8,3004.0,2013.5,324.2,2476.1,772.8,200.2,0.0,1.0,7.0,10.0,0.0,1.0,9.0,14.0,3.0,11.0,19.0,34.0,2439.4,1464.4,제천시,신백동,"('제천시', '신백동')"
신백동,4315057700,신백동,제천시,2021,11143.0,2345.0,1217.0,2163.0,1050.0,21.04460199228215,10.92165485057884,19.411289598851297,9.422956115947231,9.318566777047051,-0.4022166607078992,-1.8006700167504164,26.0,11188.0,11165.5,0.2328601495678653,6.0,0.0,6.0,0.0,107.0,266.328,92.0,132.0,30.0,4.0,400.0,1280.0,3523.0,231.0,31.616261329982947,6.556911722963384,0.5384546351969847,0.0,0.5384546351969847,0.0,8.256304406353763,2.692273175984923,9.602440994346228,1,1,0.0,,6.976744186046502,-2.138210272508075,제천시,신백동,"('제천시', '신백동')","('제천시', '신백동')",신백동,2716.8,3004.0,2013.5,324.2,2476.1,772.8,200.2,0.0,1.0,7.0,10.0,0.0,1.0,9.0,14.0,3.0,11.0,19.0,34.0,2439.4,1464.4,제천시,신백동,"('제천시', '신백동')"
신백동,4315057700,신백동,제천시,2022,10838.0,2163.0,1113.0,2246.0,945.0,19.95755674478686,10.269422402657318,20.723380697545675,8.71932090791659,9.29081375612606,-2.7371443955846675,-7.761194029850749,-235.0,11143.0,10990.5,-2.138210272508075,5.0,0.0,6.0,0.0,107.0,266.328,94.0,128.0,33.0,4.0,401.0,1335.0,3459.0,218.0,31.915482561358186,6.302399537438566,0.4613397305775973,0.0,0.5536076766931168,0.0,8.673186934858832,3.0448422218121425,9.872670234360584,1,1,-16.666666666666664,,2.1739130434782705,-0.6221273039602581,제천시,신백동,"('제천시', '신백동')","('제천시', '신백동')",신백동,2716.8,3004.0,2013.5,324.2,2476.1,772.8,200.2,0.0,1.0,7.0,10.0,0.0,1.0,9.0,14.0,3.0,11.0,19.0,34.0,2439.4,1464.4,제천시,신백동,"('제천시', '신백동')"
신백동,4315057700,신백동,제천시,2023,10701.0,2094.0,1031.0,2370.0,899.0,19.568264648163723,9.634613587515185,22.147462853938883,8.401084010840108,9.278092474027002,-1.264070861782618,-3.1900138696255187,-67.0,10838.0,10769.5,-0.6221273039602581,5.0,0.0,6.0,0.0,107.0,266.328,77.0,117.0,11.0,0.0,354.0,1372.0,3455.0,224.0,32.2867021773666,6.483357452966715,0.4672460517708626,0.0,0.5606952621250351,0.0,7.195589197271283,1.0279413138958975,9.99906550789646,1,1,0.0,,-18.08510638297872,-1.4639214204760105,제천시,신백동,"('제천시', '신백동')","('제천시', '신백동')",신백동,2716.8,3004.0,2013.5,324.2,2476.1,772.8,200.2,0.0,1.0,7.0,10.0,0.0,1.0,9.0,14.0,3.0,11.0,19.0,34.0,2439.4,1464.4,제천시,신백동,"('제천시', '신백동')"
신백동,4315057700,신백동,제천시,2024,10475.0,2007.0,932.0,2524.0,882.0,19.15990453460621,8.897374701670644,24.09546539379475,8.420047732696897,9.25674674479034,-2.111952154004304,-4.154727793696278,-155.0,10701.0,10588.0,-1.4639214204760105,5.0,0.0,6.0,0.0,107.0,266.328,71.0,124.0,11.0,0.0,341.0,1439.0,3617.0,388.0,34.52983293556086,10.727121924246614,0.477326968973747,0.0,0.5727923627684963,0.0,6.778042959427207,1.0501193317422437,10.214797136038186,1,1,0.0,,-7.792207792207795,-2.619960215418951,제천시,신백동,"('제천시', '신백동')","('제천시', '신백동')",신백동,2716.8,3004.0,2013.5,324.2,2476.1,772.8,200.2,0.0,1.0,7.0,10.0,0.0,1.0,9.0,14.0,3.0,11.0,19.0,34.0,2439.4,1464.4,제천시,신백동,"('제천시', '신백동')"
심천면,4374040000,심천면,영동군,2017,3494.0,482.0,177.0,1302.0,212.0,13.795077275329136,5.065827132226675,37.26388093875215,6.067544361763022,8.158802490694002,-0.6257110352673512,-5.304518664047153,-5.0,3516.0,3505.0,-0.1426533523537803,1.0,0.0,3.0,2.0,92.0,543.093,37.0,26.0,1.0,0.0,78.0,190.0,631.0,140.0,18.05953062392673,22.18700475435816,0.2862049227246708,0.0,0.8586147681740126,0.5724098454493417,10.58958214081282,0.2862049227246708,26.33085289066972,0,1,0.0,,12.12121212121211,-0.9251228678808904,영동군,심천면,"('영동군', '심천면')","('영동군', '심천면')",심천면,9569.4,9960.3,9011.5,682.7,4353.5,2894.4,1043.6,0.0,0.0,1.0,2.0,0.0,2.0,5.0,6.0,2.0,3.0,5.0,21.0,5149.9,4727.7,영동군,심천면,"('영동군', '심천면')"
심천면,4374040000,심천면,영동군,2018,3424.0,444.0,175.0,1331.0,206.0,12.967289719626168,5.110981308411216,38.87266355140187,6.016355140186916,8.138564737261632,-2.003434459072695,-7.883817427385898,-32.0,3494.0,3459.0,-0.9251228678808904,1.0,0.0,3.0,2.0,92.0,543.093,37.0,28.0,1.0,0.0,82.0,206.0,637.0,139.0,18.60397196261682,21.821036106750395,0.2920560747663551,0.0,0.8761682242990654,0.5841121495327102,10.80607476635514,0.2920560747663551,26.86915887850468,0,1,0.0,,0.0,-0.1469291801351748,영동군,심천면,"('영동군', '심천면')","('영동군', '심천면')",심천면,9569.4,9960.3,9011.5,682.7,4353.5,2894.4,1043.6,0.0,0.0,1.0,2.0,0.0,2.0,5.0,6.0,2.0,3.0,5.0,21.0,5149.9,4727.7,영동군,심천면,"('영동군', '심천면')"
심천면,4374040000,심천면,영동군,2019,3382.0,431.0,175.0,1343.0,199.0,12.743938497930218,5.17445298639858,39.71023063276168,5.884092253104671,8.126222529458525,-1.2266355140186924,-2.927927927927932,-5.0,3424.0,3403.0,-0.1469291801351748,1.0,0.0,3.0,2.0,92.0,543.093,34.0,32.0,1.0,0.0,85.0,211.0,613.0,123.0,18.125369603784744,20.0652528548124,0.2956830277942046,0.0,0.8870490833826139,0.5913660555884093,10.053222945002958,0.2956830277942046,27.202838557066823,0,1,0.0,,-8.108108108108103,-1.953712052900511,영동군,심천면,"('영동군', '심천면')","('영동군', '심천면')",심천면,9569.4,9960.3,9011.5,682.7,4353.5,2894.4,1043.6,0.0,0.0,1.0,2.0,0.0,2.0,5.0,6.0,2.0,3.0,5.0,21.0,5149.9,4727.7,영동군,심천면,"('영동군', '심천면')"
심천면,4374040000,심천면,영동군,2021,3135.0,312.0,136.0,1387.0,134.0,9.952153110047847,4.3381180223285485,44.24242424242424,4.274322169059011,8.050384453067021,-4.187041564792171,-19.17098445595855,-58.0,3272.0,3203.5,-1.8105197440299672,1.0,0.0,3.0,2.0,92.0,543.093,35.0,34.0,2.0,0.0,91.0,277.0,808.0,161.0,25.773524720893143,19.925742574257427,0.3189792663476873,0.0,0.9569377990430622,0.6379585326953747,11.164274322169058,0.6379585326953747,29.34609250398724,0,1,0.0,,0.0,-0.3558143296134562,영동군,심천면,"('영동군', '심천면')","('영동군', '심천면')",심천면,9569.4,9960.3,9011.5,682.7,4353.5,2894.4,1043.6,0.0,0.0,1.0,2.0,0.0,2.0,5.0,6.0,2.0,3.0,5.0,21.0,5149.9,4727.7,영동군,심천면,"('영동군', '심천면')"
심천면,4374040000,심천면,영동군,2022,3048.0,274.0,113.0,1435.0,119.0,8.989501312335959,3.707349081364829,47.08005249343832,3.904199475065616,8.022240916806537,-2.775119617224875,-12.17948717948718,-11.0,3135.0,3091.5,-0.3558143296134562,1.0,0.0,3.0,2.0,92.0,543.093,36.0,36.0,2.0,0.0,94.0,274.0,730.0,146.0,23.9501312335958,20.0,0.3280839895013123,0.0,0.9842519685039368,0.6561679790026247,11.811023622047244,0.6561679790026247,30.18372703412073,0,1,0.0,,2.857142857142847,-0.86292731496847,영동군,심천면,"('영동군', '심천면')","('영동군', '심천면')",심천면,9569.4,9960.3,9011.5,682.7,4353.5,2894.4,1043.6,0.0,0.0,1.0,2.0,0.0,2.0,5.0,6.0,2.0,3.0,5.0,21.0,5149.9,4727.7,영동군,심천면,"('영동군', '심천면')"
심천면,4374040000,심천면,영동군,2023,2978.0,263.0,97.0,1466.0,113.0,8.831430490261921,3.25721961047683,49.22766957689725,3.794492948287441,7.999007213243955,-2.296587926509186,-4.014598540145986,-26.0,3048.0,3013.0,-0.86292731496847,1.0,0.0,3.0,2.0,92.0,543.093,25.0,34.0,0.0,0.0,76.0,291.0,743.0,136.0,24.94963062458025,18.304172274562585,0.335795836131632,0.0,1.0073875083948958,0.671591672263264,8.394895903290799,0.0,30.89321692411014,0,1,0.0,,-30.55555555555556,0.6760182524928173,영동군,심천면,"('영동군', '심천면')","('영동군', '심천면')",심천면,9569.4,9960.3,9011.5,682.7,4353.5,2894.4,1043.6,0.0,0.0,1.0,2.0,0.0,2.0,5.0,6.0,2.0,3.0,5.0,21.0,5149.9,4727.7,영동군,심천면,"('영동군', '심천면')"
심천면,4374040000,심천면,영동군,2024,2939.0,233.0,75.0,1510.0,95.0,7.927866621299762,2.5518883974140865,51.37801973460361,3.2323919700578427,7.985824666418917,-1.3096037609133693,-11.406844106463875,20.0,2978.0,2958.5,0.6760182524928173,1.0,0.0,3.0,2.0,92.0,543.093,29.0,31.0,1.0,0.0,80.0,312.0,782.0,152.0,26.607689690370872,19.437340153452684,0.3402517863218782,0.0,1.0207553589656344,0.6805035726437564,9.867301803334469,0.3402517863218782,31.3031643416128,0,1,0.0,,15.999999999999991,-0.2060793405461102,영동군,심천면,"('영동군', '심천면')","('영동군', '심천면')",심천면,9569.4,9960.3,9011.5,682.7,4353.5,2894.4,1043.6,0.0,0.0,1.0,2.0,0.0,2.0,5.0,6.0,2.0,3.0,5.0,21.0,5149.9,4727.7,영동군,심천면,"('영동군', '심천면')"
안남면,4373032000,안남면,옥천군,2017,1456.0,173.0,76.0,587.0,77.0,11.881868131868131,5.21978021978022,40.31593406593407,5.288461538461538,7.283448228756631,-1.4218009478673022,-1.7045454545454586,6.0,1477.0,1466.5,0.4091374019774974,0.0,0.0,1.0,0.0,53.0,228.968,20.0,10.0,0.0,0.0,36.0,65.0,141.0,14.0,9.684065934065934,9.929078014184398,0.0,0.0,0.6868131868131868,0.0,13.736263736263735,0.0,36.401098901098905,1,1,,,11.111111111111116,0.4822597313124354,옥천군,안남면,"('옥천군', '안남면')","('옥천군', '안남면')",안남면,13996.2,17647.2,13606.0,679.9,8297.7,2325.7,703.6,0.0,0.0,0.0,3.0,0.0,0.0,0.0,5.0,1.0,1.0,3.0,14.0,14990.3,10024.4,옥천군,안남면,"('옥천군', '안남면')"
안남면,4373032000,안남면,옥천군,2018,1447.0,156.0,69.0,600.0,63.0,10.78092605390463,4.768486523842433,41.4651002073255,4.353835521769177,7.277247726631484,-0.6181318681318659,-9.826589595375722,7.0,1456.0,1451.5,0.4822597313124354,0.0,0.0,1.0,0.0,53.0,228.968,23.0,12.0,0.0,0.0,40.0,61.0,154.0,12.0,10.642709053213546,7.792207792207792,0.0,0.0,0.691085003455425,0.0,15.894955079474776,0.0,36.62750518313752,1,1,,,14.999999999999991,1.1084170419120194,옥천군,안남면,"('옥천군', '안남면')","('옥천군', '안남면')",안남면,13996.2,17647.2,13606.0,679.9,8297.7,2325.7,703.6,0.0,0.0,0.0,3.0,0.0,0.0,0.0,5.0,1.0,1.0,3.0,14.0,14990.3,10024.4,옥천군,안남면,"('옥천군', '안남면')"
안남면,4373032000,안남면,옥천군,2019,1440.0,152.0,70.0,606.0,58.0,10.555555555555555,4.861111111111112,42.083333333333336,4.027777777777778,7.272398392570047,-0.4837595024188013,-2.564102564102566,16.0,1447.0,1443.5,1.1084170419120194,0.0,0.0,1.0,0.0,53.0,228.968,23.0,12.0,0.0,0.0,40.0,57.0,146.0,17.0,10.13888888888889,11.643835616438356,0.0,0.0,0.6944444444444444,0.0,15.97222222222222,0.0,36.80555555555556,1,1,,,0.0,0.8397480755773268,옥천군,안남면,"('옥천군', '안남면')","('옥천군', '안남면')",안남면,13996.2,17647.2,13606.0,679.9,8297.7,2325.7,703.6,0.0,0.0,0.0,3.0,0.0,0.0,0.0,5.0,1.0,1.0,3.0,14.0,14990.3,10024.4,옥천군,안남면,"('옥천군', '안남면')"
안남면,4373032000,안남면,옥천군,2021,1397.0,114.0,72.0,633.0,43.0,8.16034359341446,5.153901216893344,45.311381531853975,3.0780243378668573,7.242082359256962,-1.480959097320167,-16.788321167883215,3.0,1418.0,1407.5,0.2131438721136767,0.0,0.0,1.0,0.0,53.0,228.968,29.0,13.0,0.0,0.0,48.0,132.0,216.0,14.0,15.461703650680027,6.481481481481481,0.0,0.0,0.7158196134574086,0.0,20.758768790264853,0.0,37.93843951324266,1,1,,,15.999999999999991,2.216660707901323,옥천군,안남면,"('옥천군', '안남면')","('옥천군', '안남면')",안남면,13996.2,17647.2,13606.0,679.9,8297.7,2325.7,703.6,0.0,0.0,0.0,3.0,0.0,0.0,0.0,5.0,1.0,1.0,3.0,14.0,14990.3,10024.4,옥천군,안남면,"('옥천군', '안남면')"
안남면,4373032000,안남면,옥천군,2022,1400.0,118.0,63.0,659.0,51.0,8.428571428571429,4.5,47.07142857142857,3.642857142857143,7.24422751560335,0.2147458840372262,3.5087719298245723,31.0,1397.0,1398.5,2.216660707901323,0.0,0.0,1.0,0.0,53.0,228.968,28.0,11.0,0.0,0.0,44.0,131.0,221.0,13.0,15.785714285714286,5.88235294117647,0.0,0.0,0.7142857142857142,0.0,20.0,0.0,37.85714285714286,1,1,,,-3.4482758620689613,-1.0163339382940109,옥천군,안남면,"('옥천군', '안남면')","('옥천군', '안남면')",안남면,13996.2,17647.2,13606.0,679.9,8297.7,2325.7,703.6,0.0,0.0,0.0,3.0,0.0,0.0,0.0,5.0,1.0,1.0,3.0,14.0,14990.3,10024.4,옥천군,안남면,"('옥천군', '안남면')"
안남면,4373032000,안남면,옥천군,2023,1355.0,106.0,52.0,671.0,41.0,7.822878228782288,3.837638376383764,49.52029520295203,3.025830258302583,7.2115567333138015,-3.214285714285714,-10.169491525423725,-14.0,1400.0,1377.5,-1.0163339382940109,0.0,0.0,1.0,0.0,53.0,228.968,25.0,11.0,0.0,0.0,42.0,160.0,247.0,13.0,18.22878228782288,5.263157894736842,0.0,0.0,0.7380073800738007,0.0,18.45018450184501,0.0,39.11439114391144,1,1,,,-10.71428571428571,-0.2231312755671253,옥천군,안남면,"('옥천군', '안남면')","('옥천군', '안남면')",안남면,13996.2,17647.2,13606.0,679.9,8297.7,2325.7,703.6,0.0,0.0,0.0,3.0,0.0,0.0,0.0,5.0,1.0,1.0,3.0,14.0,14990.3,10024.4,옥천군,안남면,"('옥천군', '안남면')"
안남면,4373032000,안남면,옥천군,2024,1334.0,88.0,47.0,691.0,36.0,6.5967016491754125,3.523238380809595,51.79910044977512,2.6986506746626686,7.195937226475569,-1.5498154981549828,-16.981132075471695,-3.0,1355.0,1344.5,-0.2231312755671253,0.0,0.0,1.0,0.0,53.0,228.968,27.0,10.0,0.0,0.0,46.0,175.0,262.0,10.0,19.64017991004497,3.816793893129771,0.0,0.0,0.7496251874062969,0.0,20.23988005997001,0.0,39.73013493253373,1,1,,,8.000000000000007,1.5020653398422832,옥천군,안남면,"('옥천군', '안남면')","('옥천군', '안남면')",안남면,13996.2,17647.2,13606.0,679.9,8297.7,2325.7,703.6,0.0,0.0,0.0,3.0,0.0,0.0,0.0,5.0,1.0,1.0,3.0,14.0,14990.3,10024.4,옥천군,안남면,"('옥천군', '안남면')"
안내면,4373033000,안내면,옥천군,2017,2063.0,213.0,76.0,846.0,87.0,10.324769752787205,3.683955404750364,41.00824042656326,4.217159476490548,7.631916513071252,-2.320075757575757,-17.441860465116278,-23.0,2112.0,2087.5,-1.1017964071856288,1.0,0.0,2.0,2.0,125.0,378.618,15.0,22.0,0.0,0.0,48.0,97.0,330.0,73.0,15.996122152205524,22.12121212121212,0.4847309743092584,0.0,0.9694619486185168,0.9694619486185168,7.270964614638876,0.0,60.5913717886573,0,1,0.0,,15.384615384615374,-1.1299435028248588,옥천군,안내면,"('옥천군', '안내면')","('옥천군', '안내면')",안내면,12333.8,13352.8,12104.9,694.2,5449.0,3446.4,1128.8,0.0,0.0,0.0,6.0,0.0,0.0,2.0,11.0,1.0,2.0,2.0,31.0,8966.6,5834.9,옥천군,안내면,"('옥천군', '안내면')"
안내면,4373033000,안내면,옥천군,2018,2008.0,199.0,67.0,874.0,75.0,9.91035856573705,3.336653386454183,43.52589641434263,3.735059760956176,7.60489448081162,-2.666020358700916,-6.572769953051639,-23.0,2063.0,2035.5,-1.1299435028248588,1.0,0.0,2.0,2.0,125.0,378.618,16.0,23.0,0.0,0.0,53.0,98.0,332.0,61.0,16.533864541832667,18.373493975903614,0.49800796812749,0.0,0.99601593625498,0.99601593625498,7.968127490039841,0.0,62.25099601593626,0,1,0.0,,6.666666666666665,-0.5035246727089627,옥천군,안내면,"('옥천군', '안내면')","('옥천군', '안내면')",안내면,12333.8,13352.8,12104.9,694.2,5449.0,3446.4,1128.8,0.0,0.0,0.0,6.0,0.0,0.0,2.0,11.0,1.0,2.0,2.0,31.0,8966.6,5834.9,옥천군,안내면,"('옥천군', '안내면')"
안내면,4373033000,안내면,옥천군,2019,1964.0,175.0,61.0,887.0,66.0,8.910386965376782,3.105906313645621,45.16293279022403,3.360488798370672,7.582738488914411,-2.1912350597609542,-12.060301507537686,-10.0,2008.0,1986.0,-0.5035246727089627,1.0,0.0,2.0,2.0,125.0,378.618,16.0,25.0,1.0,0.0,59.0,97.0,317.0,59.0,16.14052953156823,18.61198738170347,0.5091649694501018,0.0,1.0183299389002036,1.0183299389002036,8.146639511201629,0.5091649694501018,63.645621181262726,0,1,0.0,,0.0,0.8706786171574905,옥천군,안내면,"('옥천군', '안내면')","('옥천군', '안내면')",안내면,12333.8,13352.8,12104.9,694.2,5449.0,3446.4,1128.8,0.0,0.0,0.0,6.0,0.0,0.0,2.0,11.0,1.0,2.0,2.0,31.0,8966.6,5834.9,옥천군,안내면,"('옥천군', '안내면')"
안내면,4373033000,안내면,옥천군,2021,1906.0,156.0,60.0,921.0,64.0,8.184679958027283,3.147953830010493,48.32109129066107,3.35781741867786,7.552762084214147,-1.80319422977846,-13.33333333333333,22.0,1941.0,1923.5,1.1437483753574214,1.0,0.0,2.0,2.0,125.0,378.618,16.0,29.0,1.0,0.0,65.0,210.0,416.0,61.0,21.825813221406086,14.663461538461538,0.5246589716684156,0.0,1.0493179433368311,1.0493179433368311,8.39454354669465,0.5246589716684156,65.58237145855195,0,1,0.0,,-5.882352941176472,1.986408782017773,옥천군,안내면,"('옥천군', '안내면')","('옥천군', '안내면')",안내면,12333.8,13352.8,12104.9,694.2,5449.0,3446.4,1128.8,0.0,0.0,0.0,6.0,0.0,0.0,2.0,11.0,1.0,2.0,2.0,31.0,8966.6,5834.9,옥천군,안내면,"('옥천군', '안내면')"
안내면,4373033000,안내면,옥천군,2022,1920.0,144.0,54.0,980.0,59.0,7.5,2.8125,51.04166666666666,3.0729166666666665,7.560080465021827,0.7345225603357708,-7.692307692307687,38.0,1906.0,1913.0,1.986408782017773,1.0,0.0,2.0,2.0,125.0,378.618,20.0,27.0,1.0,0.0,64.0,184.0,378.0,57.0,19.6875,15.07936507936508,0.5208333333333334,0.0,1.0416666666666667,1.0416666666666667,10.416666666666664,0.5208333333333334,65.10416666666667,0,1,0.0,,25.0,1.8219677251431543,옥천군,안내면,"('옥천군', '안내면')","('옥천군', '안내면')",안내면,12333.8,13352.8,12104.9,694.2,5449.0,3446.4,1128.8,0.0,0.0,0.0,6.0,0.0,0.0,2.0,11.0,1.0,2.0,2.0,31.0,8966.6,5834.9,옥천군,안내면,"('옥천군', '안내면')"
안내면,4373033000,안내면,옥천군,2023,1922.0,138.0,59.0,996.0,50.0,7.180020811654527,3.069719042663892,51.8210197710718,2.6014568158168574,7.561121589530238,0.1041666666666607,-4.166666666666663,35.0,1920.0,1921.0,1.8219677251431543,1.0,0.0,2.0,2.0,125.0,378.618,17.0,29.0,2.0,0.0,63.0,213.0,400.0,50.0,20.81165452653486,12.5,0.5202913631633715,0.0,1.040582726326743,1.040582726326743,8.844953173777315,1.040582726326743,65.03642039542143,0,1,0.0,,-15.000000000000002,-1.053740779768177,옥천군,안내면,"('옥천군', '안내면')","('옥천군', '안내면')",안내면,12333.8,13352.8,12104.9,694.2,5449.0,3446.4,1128.8,0.0,0.0,0.0,6.0,0.0,0.0,2.0,11.0,1.0,2.0,2.0,31.0,8966.6,5834.9,옥천군,안내면,"('옥천군', '안내면')"
안내면,4373033000,안내면,옥천군,2024,1874.0,126.0,53.0,1016.0,46.0,6.72358591248666,2.8281750266808965,54.21558164354322,2.454642475987193,7.535830462798367,-2.4973985431841816,-8.695652173913048,-20.0,1922.0,1898.0,-1.053740779768177,1.0,0.0,2.0,2.0,125.0,378.618,16.0,30.0,2.0,0.0,62.0,227.0,396.0,47.0,21.13127001067236,11.868686868686869,0.5336179295624334,0.0,1.0672358591248667,1.0672358591248667,8.537886872998934,1.0672358591248667,66.70224119530415,0,1,0.0,,-5.882352941176472,1.01931330472103,옥천군,안내면,"('옥천군', '안내면')","('옥천군', '안내면')",안내면,12333.8,13352.8,12104.9,694.2,5449.0,3446.4,1128.8,0.0,0.0,0.0,6.0,0.0,0.0,2.0,11.0,1.0,2.0,2.0,31.0,8966.6,5834.9,옥천군,안내면,"('옥천군', '안내면')"
앙성면,4313037000,앙성면,충주시,2017,4235.0,584.0,174.0,1456.0,231.0,13.789846517119244,4.1086186540732,34.3801652892562,5.454545454545454,8.351138607086154,-2.0809248554913284,-6.109324758842439,-26.0,4325.0,4280.0,-0.6074766355140186,0.0,4.0,2.0,0.0,65.0,643.26,87.0,94.0,3.0,4.0,244.0,360.0,1766.0,641.0,41.70011806375442,36.29671574178936,0.0,0.9445100354191264,0.4722550177095631,0.0,20.543093270366,0.7083825265643449,15.348288075560802,1,0,,0.0,15.999999999999991,-0.3094133047721052,충주시,앙성면,"('충주시', '앙성면')","('충주시', '앙성면')",앙성면,6068.7,26296.0,13364.1,1049.7,13014.2,3828.6,770.7,0.0,0.0,1.0,2.0,0.0,0.0,0.0,3.0,2.0,2.0,2.0,18.0,16711.2,7829.3,충주시,앙성면,"('충주시', '앙성면')"
앙성면,4313037000,앙성면,충주시,2018,4168.0,539.0,162.0,1477.0,216.0,12.931861804222647,3.886756238003839,35.43666026871401,5.182341650671785,8.335191583433202,-1.5820543093270412,-7.705479452054798,-13.0,4235.0,4201.5,-0.3094133047721052,0.0,4.0,2.0,0.0,65.0,643.26,86.0,103.0,5.0,4.0,262.0,370.0,1863.0,649.0,44.69769673704415,34.836285560923244,0.0,0.9596928982725528,0.4798464491362764,0.0,20.633397312859888,1.1996161228406907,15.595009596928982,1,0,,0.0,-1.1494252873563204,-1.313868613138686,충주시,앙성면,"('충주시', '앙성면')","('충주시', '앙성면')",앙성면,6068.7,26296.0,13364.1,1049.7,13014.2,3828.6,770.7,0.0,0.0,1.0,2.0,0.0,0.0,0.0,3.0,2.0,2.0,2.0,18.0,16711.2,7829.3,충주시,앙성면,"('충주시', '앙성면')"
앙성면,4313037000,앙성면,충주시,2019,4052.0,481.0,146.0,1503.0,188.0,11.870681145113524,3.603158933859822,37.09279368213228,4.639684106614018,8.306965865368573,-2.7831094049904026,-10.760667903525045,-54.0,4168.0,4110.0,-1.313868613138686,0.0,4.0,2.0,0.0,65.0,643.26,88.0,100.0,5.0,4.0,266.0,388.0,2037.0,668.0,50.27147087857848,32.793323514973,0.0,0.9871668311944716,0.4935834155972358,0.0,21.717670286278377,1.2339585389930898,16.04146100691017,1,0,,0.0,2.3255813953488413,-1.0005002501250626,충주시,앙성면,"('충주시', '앙성면')","('충주시', '앙성면')",앙성면,6068.7,26296.0,13364.1,1049.7,13014.2,3828.6,770.7,0.0,0.0,1.0,2.0,0.0,0.0,0.0,3.0,2.0,2.0,2.0,18.0,16711.2,7829.3,충주시,앙성면,"('충주시', '앙성면')"
앙성면,4313037000,앙성면,충주시,2021,3952.0,409.0,116.0,1635.0,145.0,10.349190283400809,2.935222672064777,41.371457489878544,3.669028340080972,8.281977058867758,0.202839756592299,-8.705357142857139,73.0,3944.0,3948.0,1.84903748733536,0.0,4.0,2.0,0.0,65.0,643.26,87.0,116.0,4.0,4.0,292.0,594.0,2251.0,739.0,56.95850202429151,32.82985339848956,0.0,1.0121457489878545,0.5060728744939271,0.0,22.01417004048583,1.0121457489878545,16.44736842105263,1,0,,0.0,1.162790697674421,2.1472780093469748,충주시,앙성면,"('충주시', '앙성면')","('충주시', '앙성면')",앙성면,6068.7,26296.0,13364.1,1049.7,13014.2,3828.6,770.7,0.0,0.0,1.0,2.0,0.0,0.0,0.0,3.0,2.0,2.0,2.0,18.0,16711.2,7829.3,충주시,앙성면,"('충주시', '앙성면')"
앙성면,4313037000,앙성면,충주시,2022,3965.0,383.0,110.0,1745.0,144.0,9.65952080706179,2.7742749054224465,44.01008827238335,3.631778058007566,8.285261134068948,0.328947368421062,-6.35696821515892,85.0,3952.0,3958.5,2.1472780093469748,1.0,4.0,2.0,0.0,65.0,643.26,91.0,114.0,4.0,4.0,304.0,594.0,2588.0,691.0,65.27112232030264,26.700154559505407,0.2522068095838587,1.008827238335435,0.5044136191677175,0.0,22.950819672131143,1.008827238335435,16.393442622950822,1,0,inf,0.0,4.597701149425282,0.7368822258925168,충주시,앙성면,"('충주시', '앙성면')","('충주시', '앙성면')",앙성면,6068.7,26296.0,13364.1,1049.7,13014.2,3828.6,770.7,0.0,0.0,1.0,2.0,0.0,0.0,0.0,3.0,2.0,2.0,2.0,18.0,16711.2,7829.3,충주시,앙성면,"('충주시', '앙성면')"
앙성면,4313037000,앙성면,충주시,2023,3906.0,364.0,96.0,1808.0,144.0,9.31899641577061,2.457757296466974,46.28776241679468,3.686635944700461,8.270269111436624,-1.4880201765447687,-4.960835509138384,29.0,3965.0,3935.5,0.7368822258925168,1.0,4.0,2.0,0.0,65.0,643.26,81.0,120.0,0.0,0.0,288.0,638.0,2652.0,759.0,67.89554531490015,28.61990950226244,0.2560163850486431,1.0240655401945724,0.5120327700972862,0.0,20.737327188940093,0.0,16.641065028161805,1,0,0.0,0.0,-10.989010989010994,1.2845215157353884,충주시,앙성면,"('충주시', '앙성면')","('충주시', '앙성면')",앙성면,6068.7,26296.0,13364.1,1049.7,13014.2,3828.6,770.7,0.0,0.0,1.0,2.0,0.0,0.0,0.0,3.0,2.0,2.0,2.0,18.0,16711.2,7829.3,충주시,앙성면,"('충주시', '앙성면')"
앙성면,4313037000,앙성면,충주시,2024,3879.0,354.0,81.0,1879.0,134.0,9.126063418406806,2.088167053364269,48.44031967001804,3.4544985821087906,8.263332667439967,-0.691244239631339,-2.7472527472527486,50.0,3906.0,3892.5,1.2845215157353884,1.0,2.0,2.0,0.0,65.0,643.26,79.0,116.0,1.0,2.0,286.0,656.0,2437.0,671.0,62.82547048208301,27.5338530980714,0.2577984016499097,0.5155968032998195,0.5155968032998195,0.0,20.36607373034287,0.2577984016499097,16.756896107244135,1,0,0.0,-50.0,-2.469135802469136,-1.5745965096444037,충주시,앙성면,"('충주시', '앙성면')","('충주시', '앙성면')",앙성면,6068.7,26296.0,13364.1,1049.7,13014.2,3828.6,770.7,0.0,0.0,1.0,2.0,0.0,0.0,0.0,3.0,2.0,2.0,2.0,18.0,16711.2,7829.3,충주시,앙성면,"('충주시', '앙성면')"
양강면,4374036000,양강면,영동군,2017,3324.0,511.0,212.0,1126.0,209.0,15.373044524669076,6.377858002406739,33.8748495788207,6.287605294825512,8.10892415597534,-1.9469026548672552,-9.876543209876544,-28.0,3390.0,3357.0,-0.8340780458742925,1.0,1.0,1.0,0.0,84.0,449.696,30.0,10.0,2.0,1.0,47.0,105.0,448.0,55.0,13.477737665463296,12.276785714285714,0.3008423586040915,0.3008423586040915,0.3008423586040915,0.0,9.025270758122744,0.601684717208183,25.270758122743683,1,0,0.0,0.0,25.0,2.5085859340002985,영동군,양강면,"('영동군', '양강면')","('영동군', '양강면')",양강면,6008.1,8629.7,6923.3,734.8,6390.6,3490.0,858.2,0.0,0.0,2.0,2.0,0.0,1.0,4.0,6.0,1.0,2.0,8.0,17.0,4646.4,2885.7,영동군,양강면,"('영동군', '양강면')"
양강면,4374036000,양강면,영동군,2018,3373.0,564.0,218.0,1136.0,221.0,16.72101986362289,6.463089238067004,33.67921731396383,6.552030833086274,8.12355783506165,1.4741275571600545,10.37181996086105,84.0,3324.0,3348.5,2.5085859340002985,1.0,1.0,1.0,0.0,84.0,449.696,27.0,10.0,2.0,1.0,44.0,103.0,442.0,54.0,13.104061666172548,12.217194570135746,0.2964719833975689,0.2964719833975689,0.2964719833975689,0.0,8.00474355173436,0.5929439667951378,24.903646605395792,1,0,0.0,0.0,-9.999999999999998,-0.328750747160789,영동군,양강면,"('영동군', '양강면')","('영동군', '양강면')",양강면,6008.1,8629.7,6923.3,734.8,6390.6,3490.0,858.2,0.0,0.0,2.0,2.0,0.0,1.0,4.0,6.0,1.0,2.0,8.0,17.0,4646.4,2885.7,영동군,양강면,"('영동군', '양강면')"
양강면,4374036000,양강면,영동군,2019,3319.0,530.0,205.0,1148.0,203.0,15.968665260620668,6.176559204579693,34.58873154564628,6.116300090388672,8.107418811719974,-1.6009487103468725,-6.028368794326244,-11.0,3373.0,3346.0,-0.328750747160789,1.0,1.0,1.0,0.0,84.0,449.696,26.0,11.0,2.0,1.0,45.0,113.0,443.0,70.0,13.347393793311236,15.80135440180587,0.3012955709551069,0.3012955709551069,0.3012955709551069,0.0,7.83368484483278,0.6025911419102139,25.30882796022898,1,0,0.0,0.0,-3.703703703703709,-1.0048721071863582,영동군,양강면,"('영동군', '양강면')","('영동군', '양강면')",양강면,6008.1,8629.7,6923.3,734.8,6390.6,3490.0,858.2,0.0,0.0,2.0,2.0,0.0,1.0,4.0,6.0,1.0,2.0,8.0,17.0,4646.4,2885.7,영동군,양강면,"('영동군', '양강면')"
양강면,4374036000,양강면,영동군,2021,3119.0,414.0,156.0,1191.0,160.0,13.27348509137544,5.001603077909587,38.18531580634819,5.129849310676499,8.045267716607803,-4.001231148045548,-18.181818181818176,-61.0,3249.0,3184.0,-1.9158291457286432,1.0,1.0,1.0,0.0,84.0,449.696,32.0,10.0,2.0,1.0,54.0,250.0,592.0,71.0,18.980442449503045,11.993243243243242,0.3206155819172812,0.3206155819172812,0.3206155819172812,0.0,10.259698621352998,0.6412311638345624,26.93170888105162,1,0,0.0,0.0,14.28571428571428,0.4841833440929631,영동군,양강면,"('영동군', '양강면')","('영동군', '양강면')",양강면,6008.1,8629.7,6923.3,734.8,6390.6,3490.0,858.2,0.0,0.0,2.0,2.0,0.0,1.0,4.0,6.0,1.0,2.0,8.0,17.0,4646.4,2885.7,영동군,양강면,"('영동군', '양강면')"
양강면,4374036000,양강면,영동군,2022,3077.0,398.0,137.0,1206.0,155.0,12.934676633084171,4.452388690282743,39.19402014949626,5.037374065648359,8.031710375322042,-1.3465854440525835,-3.864734299516903,15.0,3119.0,3098.0,0.4841833440929631,1.0,1.0,1.0,0.0,84.0,449.696,32.0,14.0,4.0,1.0,63.0,262.0,530.0,74.0,17.224569385765356,13.962264150943396,0.3249918752031199,0.3249918752031199,0.3249918752031199,0.0,10.399740006499838,1.2999675008124798,27.29931751706207,1,0,0.0,0.0,0.0,-1.0200723922342876,영동군,양강면,"('영동군', '양강면')","('영동군', '양강면')",양강면,6008.1,8629.7,6923.3,734.8,6390.6,3490.0,858.2,0.0,0.0,2.0,2.0,0.0,1.0,4.0,6.0,1.0,2.0,8.0,17.0,4646.4,2885.7,영동군,양강면,"('영동군', '양강면')"
양강면,4374036000,양강면,영동군,2023,3001.0,363.0,118.0,1242.0,142.0,12.095968010663112,3.932022659113629,41.38620459846718,4.731756081306231,8.006700845440367,-2.469938251543713,-8.793969849246231,-31.0,3077.0,3039.0,-1.0200723922342876,1.0,1.0,1.0,0.0,84.0,449.696,24.0,15.0,1.0,0.0,50.0,294.0,556.0,71.0,18.527157614128622,12.769784172661872,0.3332222592469177,0.3332222592469177,0.3332222592469177,0.0,7.997334221926025,0.3332222592469177,27.99066977674109,1,0,0.0,0.0,-25.0,-0.0336304018833025,영동군,양강면,"('영동군', '양강면')","('영동군', '양강면')",양강면,6008.1,8629.7,6923.3,734.8,6390.6,3490.0,858.2,0.0,0.0,2.0,2.0,0.0,1.0,4.0,6.0,1.0,2.0,8.0,17.0,4646.4,2885.7,영동군,양강면,"('영동군', '양강면')"
양강면,4374036000,양강면,영동군,2024,2946.0,335.0,107.0,1267.0,137.0,11.371350984385607,3.63204344874406,43.00746775288527,4.650373387644264,7.988203597022576,-1.8327224258580463,-7.7134986225895315,-1.0,3001.0,2973.5,-0.0336304018833025,1.0,1.0,1.0,0.0,84.0,449.696,24.0,15.0,2.0,1.0,54.0,337.0,661.0,80.0,22.43720298710116,12.102874432677762,0.3394433129667345,0.3394433129667345,0.3394433129667345,0.0,8.146639511201629,0.678886625933469,28.513238289205702,1,0,0.0,0.0,0.0,-0.4117344312918168,영동군,양강면,"('영동군', '양강면')","('영동군', '양강면')",양강면,6008.1,8629.7,6923.3,734.8,6390.6,3490.0,858.2,0.0,0.0,2.0,2.0,0.0,1.0,4.0,6.0,1.0,2.0,8.0,17.0,4646.4,2885.7,영동군,양강면,"('영동군', '양강면')"
양산면,4374039000,양산면,영동군,2017,1981.0,211.0,104.0,797.0,87.0,10.651186269560828,5.24987380111055,40.23220595658758,4.391721352852095,7.591357046698551,-1.540755467196819,-6.222222222222218,-6.0,2012.0,1996.5,-0.3005259203606311,0.0,0.0,2.0,0.0,78.0,298.141,26.0,39.0,2.0,0.0,81.0,126.0,366.0,20.0,18.475517415446745,5.46448087431694,0.0,0.0,1.0095911155981827,0.0,13.124684502776375,1.0095911155981827,39.374053508329126,1,1,,,13.043478260869556,-1.5832482124616958,영동군,양산면,"('영동군', '양산면')","('영동군', '양산면')",양산면,14437.9,16298.2,14658.7,706.4,13929.7,2787.5,868.1,0.0,0.0,0.0,2.0,0.0,0.0,0.0,6.0,2.0,2.0,2.0,13.0,11697.4,11836.0,영동군,양산면,"('영동군', '양산면')"
양산면,4374039000,양산면,영동군,2018,1935.0,193.0,95.0,806.0,85.0,9.974160206718349,4.909560723514212,41.65374677002584,4.3927648578811365,7.567862605463882,-2.3220595658758225,-8.530805687203792,-31.0,1981.0,1958.0,-1.5832482124616958,0.0,0.0,2.0,0.0,78.0,298.141,24.0,39.0,2.0,0.0,80.0,129.0,357.0,19.0,18.449612403100776,5.322128851540616,0.0,0.0,1.0335917312661498,0.0,12.4031007751938,1.0335917312661498,40.310077519379846,1,1,,,-7.692307692307687,-0.4177545691906005,영동군,양산면,"('영동군', '양산면')","('영동군', '양산면')",양산면,14437.9,16298.2,14658.7,706.4,13929.7,2787.5,868.1,0.0,0.0,0.0,2.0,0.0,0.0,0.0,6.0,2.0,2.0,2.0,13.0,11697.4,11836.0,영동군,양산면,"('영동군', '양산면')"
양산면,4374039000,양산면,영동군,2019,1895.0,187.0,85.0,801.0,78.0,9.868073878627968,4.485488126649076,42.26912928759894,4.116094986807388,7.546974117516527,-2.067183462532296,-3.1088082901554404,-8.0,1935.0,1915.0,-0.4177545691906005,0.0,0.0,2.0,0.0,78.0,298.141,26.0,34.0,1.0,0.0,76.0,131.0,360.0,20.0,18.99736147757256,5.555555555555555,0.0,0.0,1.055408970976253,0.0,13.720316622691293,0.5277044854881265,41.160949868073885,1,1,,,8.333333333333325,0.3716485266790549,영동군,양산면,"('영동군', '양산면')","('영동군', '양산면')",양산면,14437.9,16298.2,14658.7,706.4,13929.7,2787.5,868.1,0.0,0.0,0.0,2.0,0.0,0.0,0.0,6.0,2.0,2.0,2.0,13.0,11697.4,11836.0,영동군,양산면,"('영동군', '양산면')"
양산면,4374039000,양산면,영동군,2021,1799.0,149.0,65.0,839.0,56.0,8.282379099499721,3.6131183991106166,46.63702056698165,3.11284046692607,7.494986233950533,-3.899572649572647,-19.45945945945946,-17.0,1872.0,1835.5,-0.9261781530918006,0.0,0.0,2.0,0.0,78.0,298.141,25.0,39.0,1.0,0.0,83.0,172.0,408.0,22.0,22.6792662590328,5.392156862745098,0.0,0.0,1.1117287381878822,0.0,13.896609227348527,0.5558643690939411,43.3574207893274,1,1,,,-7.4074074074074066,1.5629360870778677,영동군,양산면,"('영동군', '양산면')","('영동군', '양산면')",양산면,14437.9,16298.2,14658.7,706.4,13929.7,2787.5,868.1,0.0,0.0,0.0,2.0,0.0,0.0,0.0,6.0,2.0,2.0,2.0,13.0,11697.4,11836.0,영동군,양산면,"('영동군', '양산면')"
양산면,4374039000,양산면,영동군,2022,1784.0,138.0,54.0,869.0,56.0,7.73542600896861,3.0269058295964126,48.710762331838566,3.1390134529147984,7.486613313139955,-0.8337965536409087,-7.38255033557047,28.0,1799.0,1791.5,1.5629360870778677,0.0,0.0,2.0,0.0,78.0,298.141,24.0,38.0,2.0,0.0,81.0,204.0,426.0,18.0,23.878923766816143,4.225352112676056,0.0,0.0,1.1210762331838566,0.0,13.45291479820628,1.1210762331838566,43.7219730941704,1,1,,,-4.000000000000004,0.6211180124223602,영동군,양산면,"('영동군', '양산면')","('영동군', '양산면')",양산면,14437.9,16298.2,14658.7,706.4,13929.7,2787.5,868.1,0.0,0.0,0.0,2.0,0.0,0.0,0.0,6.0,2.0,2.0,2.0,13.0,11697.4,11836.0,영동군,양산면,"('영동군', '양산면')"
양산면,4374039000,양산면,영동군,2023,1758.0,123.0,59.0,870.0,53.0,6.996587030716723,3.35608646188851,49.48805460750853,3.0147895335608648,7.471932078245122,-1.457399103139012,-10.869565217391308,11.0,1784.0,1771.0,0.6211180124223602,0.0,0.0,2.0,0.0,78.0,298.141,24.0,40.0,2.0,0.0,85.0,222.0,429.0,18.0,24.40273037542662,4.195804195804196,0.0,0.0,1.1376564277588168,0.0,13.651877133105804,1.1376564277588168,44.36860068259386,1,1,,,0.0,0.2865329512893982,영동군,양산면,"('영동군', '양산면')","('영동군', '양산면')",양산면,14437.9,16298.2,14658.7,706.4,13929.7,2787.5,868.1,0.0,0.0,0.0,2.0,0.0,0.0,0.0,6.0,2.0,2.0,2.0,13.0,11697.4,11836.0,영동군,양산면,"('영동군', '양산면')"
양산면,4374039000,양산면,영동군,2024,1732.0,111.0,48.0,902.0,46.0,6.408775981524249,2.771362586605081,52.078521939953816,2.655889145496536,7.4570320891223805,-1.4789533560864654,-9.756097560975608,5.0,1758.0,1745.0,0.2865329512893982,0.0,0.0,2.0,0.0,78.0,298.141,25.0,34.0,3.0,0.0,82.0,190.0,389.0,13.0,22.459584295612007,3.3419023136246784,0.0,0.0,1.1547344110854505,0.0,14.434180138568127,1.7321016166281755,45.03464203233257,1,1,,,4.166666666666674,0.292141396435875,영동군,양산면,"('영동군', '양산면')","('영동군', '양산면')",양산면,14437.9,16298.2,14658.7,706.4,13929.7,2787.5,868.1,0.0,0.0,0.0,2.0,0.0,0.0,0.0,6.0,2.0,2.0,2.0,13.0,11697.4,11836.0,영동군,양산면,"('영동군', '양산면')"
어상천면,4380034000,어상천면,단양군,2017,1907.0,192.0,97.0,658.0,66.0,10.068169900367067,5.08652333508128,34.50445726271631,3.46093340325118,7.553286605600419,2.4167561761546663,-7.692307692307687,73.0,1862.0,1884.5,3.8737065534624566,1.0,0.0,1.0,0.0,63.0,449.442,14.0,11.0,1.0,0.0,32.0,78.0,277.0,69.0,14.525432616675408,24.90974729241877,0.5243838489774515,0.0,0.5243838489774515,0.0,7.341373885684321,0.5243838489774515,33.036182485579445,1,1,0.0,,0.0,3.319502074688797,단양군,어상천면,"('단양군', '어상천면')","('단양군', '어상천면')",어상천면,16049.9,17890.2,15641.6,959.0,14028.3,4818.4,1172.4,0.0,0.0,0.0,2.0,0.0,0.0,0.0,4.0,1.0,1.0,2.0,20.0,11909.9,10956.4,단양군,어상천면,"('단양군', '어상천면')"
어상천면,4380034000,어상천면,단양군,2018,1949.0,192.0,87.0,687.0,67.0,9.851205746536683,4.463827603899436,35.24884556182658,3.437660338635198,7.575071699507561,2.202412165705292,0.0,64.0,1907.0,1928.0,3.319502074688797,1.0,0.0,1.0,0.0,63.0,449.442,14.0,12.0,1.0,0.0,33.0,77.0,292.0,67.0,14.982042072857876,22.945205479452056,0.513083632632119,0.0,0.513083632632119,0.0,7.183170856849666,0.513083632632119,32.3242688558235,1,1,0.0,,0.0,2.3973476154042337,단양군,어상천면,"('단양군', '어상천면')","('단양군', '어상천면')",어상천면,16049.9,17890.2,15641.6,959.0,14028.3,4818.4,1172.4,0.0,0.0,0.0,2.0,0.0,0.0,0.0,4.0,1.0,1.0,2.0,20.0,11909.9,10956.4,단양군,어상천면,"('단양군', '어상천면')"
어상천면,4380034000,어상천면,단양군,2019,1972.0,191.0,86.0,707.0,65.0,9.685598377281949,4.36105476673428,35.851926977687626,3.296146044624747,7.586803535162581,1.1800923550538744,-0.520833333333337,47.0,1949.0,1960.5,2.3973476154042337,1.0,0.0,1.0,0.0,63.0,449.442,14.0,11.0,1.0,0.0,33.0,68.0,262.0,58.0,13.28600405679513,22.13740458015268,0.5070993914807302,0.0,0.5070993914807302,0.0,7.099391480730223,0.5070993914807302,31.947261663286007,1,1,0.0,,0.0,-0.819672131147541,단양군,어상천면,"('단양군', '어상천면')","('단양군', '어상천면')",어상천면,16049.9,17890.2,15641.6,959.0,14028.3,4818.4,1172.4,0.0,0.0,0.0,2.0,0.0,0.0,0.0,4.0,1.0,1.0,2.0,20.0,11909.9,10956.4,단양군,어상천면,"('단양군', '어상천면')"
어상천면,4380034000,어상천면,단양군,2021,1861.0,143.0,59.0,749.0,56.0,7.684040838259,3.1703385276732945,40.24717893605588,3.0091348737238044,7.528869256642251,-3.674948240165632,-14.371257485029943,-24.0,1932.0,1896.5,-1.2654890587925125,1.0,0.0,1.0,0.0,63.0,449.442,13.0,13.0,1.0,0.0,36.0,142.0,352.0,56.0,18.91456206340677,15.909090909090908,0.537345513164965,0.0,0.537345513164965,0.0,6.985491671144546,0.537345513164965,33.8527673293928,1,1,0.0,,0.0,0.9719222462203024,단양군,어상천면,"('단양군', '어상천면')","('단양군', '어상천면')",어상천면,16049.9,17890.2,15641.6,959.0,14028.3,4818.4,1172.4,0.0,0.0,0.0,2.0,0.0,0.0,0.0,4.0,1.0,1.0,2.0,20.0,11909.9,10956.4,단양군,어상천면,"('단양군', '어상천면')"
어상천면,4380034000,어상천면,단양군,2022,1843.0,126.0,45.0,816.0,47.0,6.83667932718394,2.441671188279978,44.27563754747694,2.5501899077590884,7.519149957669823,-0.967221923696937,-11.888111888111885,18.0,1861.0,1852.0,0.9719222462203024,1.0,0.0,1.0,0.0,63.0,449.442,13.0,14.0,2.0,0.0,40.0,140.0,348.0,54.0,18.882257189365166,15.517241379310343,0.5425935973955508,0.0,0.5425935973955508,0.0,7.053716766142159,1.0851871947911016,34.1833966359197,1,1,0.0,,0.0,2.535059331175836,단양군,어상천면,"('단양군', '어상천면')","('단양군', '어상천면')",어상천면,16049.9,17890.2,15641.6,959.0,14028.3,4818.4,1172.4,0.0,0.0,0.0,2.0,0.0,0.0,0.0,4.0,1.0,1.0,2.0,20.0,11909.9,10956.4,단양군,어상천면,"('단양군', '어상천면')"
어상천면,4380034000,어상천면,단양군,2023,1865.0,124.0,43.0,871.0,48.0,6.648793565683646,2.305630026809652,46.70241286863271,2.57372654155496,7.5310163320779155,1.1937059142702156,-1.5873015873015928,47.0,1843.0,1854.0,2.535059331175836,1.0,0.0,1.0,0.0,63.0,449.442,14.0,14.0,2.0,0.0,39.0,151.0,355.0,56.0,19.034852546916888,15.774647887323944,0.5361930294906168,0.0,0.5361930294906168,0.0,7.506702412868633,1.0723860589812335,33.78016085790884,1,1,0.0,,7.692307692307687,0.5936319481921208,단양군,어상천면,"('단양군', '어상천면')","('단양군', '어상천면')",어상천면,16049.9,17890.2,15641.6,959.0,14028.3,4818.4,1172.4,0.0,0.0,0.0,2.0,0.0,0.0,0.0,4.0,1.0,1.0,2.0,20.0,11909.9,10956.4,단양군,어상천면,"('단양군', '어상천면')"
어상천면,4380034000,어상천면,단양군,2024,1841.0,117.0,34.0,915.0,42.0,6.355241716458447,1.8468223791417708,49.70124932102119,2.281368821292776,7.518064181233078,-1.286863270777483,-5.645161290322576,11.0,1865.0,1853.0,0.5936319481921208,1.0,0.0,1.0,0.0,63.0,449.442,13.0,12.0,2.0,0.0,36.0,168.0,356.0,44.0,19.33731667571972,12.359550561797752,0.5431830526887561,0.0,0.5431830526887561,0.0,7.061379684953829,1.0863661053775122,34.22053231939164,1,1,0.0,,-7.14285714285714,0.3829321663019693,단양군,어상천면,"('단양군', '어상천면')","('단양군', '어상천면')",어상천면,16049.9,17890.2,15641.6,959.0,14028.3,4818.4,1172.4,0.0,0.0,0.0,2.0,0.0,0.0,0.0,4.0,1.0,1.0,2.0,20.0,11909.9,10956.4,단양군,어상천면,"('단양군', '어상천면')"
엄정면,4313042000,엄정면,충주시,2017,3455.0,465.0,192.0,1185.0,181.0,13.45875542691751,5.557163531114327,34.29811866859624,5.2387843704775685,8.14757773620177,-1.3702540679417674,-10.74856046065259,-20.0,3503.0,3479.0,-0.5748778384593274,2.0,0.0,3.0,1.0,60.0,445.898,40.0,47.0,1.0,3.0,119.0,316.0,1009.0,270.0,29.204052098408106,26.7591674925669,0.5788712011577424,0.0,0.8683068017366136,0.2894356005788712,11.577424023154848,0.2894356005788712,17.366136034732275,0,1,0.0,,5.263157894736836,1.4182344428364688,충주시,엄정면,"('충주시', '엄정면')","('충주시', '엄정면')",엄정면,7724.7,15938.0,12814.6,666.6,3357.6,3227.9,845.1,0.0,0.0,0.0,2.0,1.0,1.0,1.0,4.0,2.0,2.0,2.0,13.0,11308.1,8232.9,충주시,엄정면,"('충주시', '엄정면')"
엄정면,4313042000,엄정면,충주시,2018,3455.0,440.0,185.0,1230.0,175.0,12.735166425470332,5.354558610709118,35.60057887120116,5.065123010130246,8.14757773620177,0.0,-5.376344086021501,49.0,3455.0,3455.0,1.4182344428364688,2.0,0.0,3.0,1.0,60.0,445.898,41.0,50.0,1.0,3.0,126.0,325.0,1194.0,363.0,34.55861070911722,30.402010050251256,0.5788712011577424,0.0,0.8683068017366136,0.2894356005788712,11.86685962373372,0.2894356005788712,17.366136034732275,0,1,0.0,,2.499999999999991,-2.6273062730627306,충주시,엄정면,"('충주시', '엄정면')","('충주시', '엄정면')",엄정면,7724.7,15938.0,12814.6,666.6,3357.6,3227.9,845.1,0.0,0.0,0.0,2.0,1.0,1.0,1.0,4.0,2.0,2.0,2.0,13.0,11308.1,8232.9,충주시,엄정면,"('충주시', '엄정면')"
엄정면,4313042000,엄정면,충주시,2019,3320.0,399.0,163.0,1277.0,172.0,12.018072289156628,4.909638554216868,38.46385542168675,5.1807228915662655,8.107720061910534,-3.907380607814759,-9.318181818181817,-89.0,3455.0,3387.5,-2.6273062730627306,2.0,0.0,3.0,1.0,60.0,445.898,42.0,52.0,1.0,3.0,126.0,320.0,1414.0,466.0,42.59036144578313,32.95615275813296,0.6024096385542169,0.0,0.9036144578313252,0.3012048192771084,12.650602409638552,0.3012048192771084,18.072289156626503,0,1,0.0,,2.4390243902439046,-0.6690997566909975,충주시,엄정면,"('충주시', '엄정면')","('충주시', '엄정면')",엄정면,7724.7,15938.0,12814.6,666.6,3357.6,3227.9,845.1,0.0,0.0,0.0,2.0,1.0,1.0,1.0,4.0,2.0,2.0,2.0,13.0,11308.1,8232.9,충주시,엄정면,"('충주시', '엄정면')"
엄정면,4313042000,엄정면,충주시,2021,3089.0,293.0,118.0,1379.0,129.0,9.485270314017482,3.820006474587245,44.64227905471026,4.1761087730657165,8.035602692918582,-5.128992628992624,-17.231638418079097,-64.0,3256.0,3172.5,-2.017336485421592,2.0,0.0,3.0,1.0,60.0,445.898,39.0,57.0,1.0,3.0,134.0,543.0,1431.0,420.0,46.32567173842668,29.350104821802937,0.6474587245063128,0.0,0.9711880867594692,0.3237293622531564,12.625445127873098,0.3237293622531564,19.42376173518938,0,1,0.0,,-2.500000000000002,0.4246284501061571,충주시,엄정면,"('충주시', '엄정면')","('충주시', '엄정면')",엄정면,7724.7,15938.0,12814.6,666.6,3357.6,3227.9,845.1,0.0,0.0,0.0,2.0,1.0,1.0,1.0,4.0,2.0,2.0,2.0,13.0,11308.1,8232.9,충주시,엄정면,"('충주시', '엄정면')"
엄정면,4313042000,엄정면,충주시,2022,3034.0,283.0,104.0,1412.0,118.0,9.32762030323006,3.427818061964404,46.53922214897825,3.889255108767304,8.017637159908478,-1.780511492392356,-3.4129692832764458,13.0,3089.0,3061.5,0.4246284501061571,2.0,0.0,3.0,1.0,60.0,445.898,40.0,63.0,1.0,3.0,147.0,585.0,1647.0,563.0,54.28477257745551,34.183363691560416,0.6591957811470006,0.0,0.988793671720501,0.3295978905735003,13.183915622940011,0.3295978905735003,19.77587343441002,0,1,0.0,,2.564102564102555,0.7954922108054359,충주시,엄정면,"('충주시', '엄정면')","('충주시', '엄정면')",엄정면,7724.7,15938.0,12814.6,666.6,3357.6,3227.9,845.1,0.0,0.0,0.0,2.0,1.0,1.0,1.0,4.0,2.0,2.0,2.0,13.0,11308.1,8232.9,충주시,엄정면,"('충주시', '엄정면')"
엄정면,4313042000,엄정면,충주시,2023,3000.0,259.0,115.0,1444.0,108.0,8.633333333333333,3.833333333333333,48.13333333333333,3.6,8.006367567650246,-1.1206328279498967,-8.48056537102474,24.0,3034.0,3017.0,0.7954922108054359,2.0,0.0,3.0,1.0,60.0,445.898,38.0,66.0,0.0,0.0,146.0,583.0,1620.0,526.0,54.0,32.46913580246913,0.6666666666666666,0.0,1.0,0.3333333333333333,12.666666666666666,0.0,20.0,0,1,0.0,,-5.000000000000004,1.4366855997327097,충주시,엄정면,"('충주시', '엄정면')","('충주시', '엄정면')",엄정면,7724.7,15938.0,12814.6,666.6,3357.6,3227.9,845.1,0.0,0.0,0.0,2.0,1.0,1.0,1.0,4.0,2.0,2.0,2.0,13.0,11308.1,8232.9,충주시,엄정면,"('충주시', '엄정면')"
엄정면,4313042000,엄정면,충주시,2024,2986.0,248.0,116.0,1487.0,105.0,8.305425318151373,3.884795713328868,49.79906229068989,3.516409912926993,8.001689978099135,-0.4666666666666708,-4.24710424710425,43.0,3000.0,2993.0,1.4366855997327097,2.0,0.0,3.0,1.0,60.0,445.898,39.0,63.0,0.0,0.0,146.0,609.0,1685.0,562.0,56.43000669792364,33.35311572700297,0.6697923643670461,0.0,1.0046885465505693,0.3348961821835231,13.0609511051574,0.0,20.093770931011385,0,1,0.0,,2.631578947368429,-0.1354784081287045,충주시,엄정면,"('충주시', '엄정면')","('충주시', '엄정면')",엄정면,7724.7,15938.0,12814.6,666.6,3357.6,3227.9,845.1,0.0,0.0,0.0,2.0,1.0,1.0,1.0,4.0,2.0,2.0,2.0,13.0,11308.1,8232.9,충주시,엄정면,"('충주시', '엄정면')"
연수동,4313063000,연수동,충주시,2017,39949.0,10640.0,5774.0,4575.0,4993.0,26.633958296828457,14.45342812085409,11.452101429322386,12.49843550526922,10.59535891959202,-1.7244772447724488,-4.264891128306636,-833.0,40650.0,40299.5,-2.0670231640591075,29.0,2.0,3.0,0.0,65.0,71.054,357.0,683.0,131.0,38.0,1690.0,2452.0,9145.0,160.0,22.89168690079852,1.7495899398578456,0.7259255550827305,0.0500638313850159,0.0750957470775238,0.0,8.936393902225337,3.2791809557185414,1.6270745200130166,1,0,0.0,0.0,16.286644951140072,-0.6827994778592228,충주시,연수동,"('충주시', '연수동')","('충주시', '연수동')",연수동,824.0,1604.0,854.3,374.5,1854.5,478.8,146.8,4.0,5.0,10.0,12.0,0.0,2.0,8.0,14.0,3.0,15.0,25.0,36.0,959.2,86.8,충주시,연수동,"('충주시', '연수동')"
연수동,4313063000,연수동,충주시,2018,39723.0,10472.0,5500.0,4784.0,4856.0,26.36256073307656,13.845882737960377,12.043400548800442,12.224655741006467,10.589685644007869,-0.5657212946506784,-1.5789473684210575,-272.0,39949.0,39836.0,-0.6827994778592228,29.0,3.0,3.0,0.0,65.0,71.054,372.0,707.0,147.0,42.0,1778.0,2487.0,9383.0,108.0,23.621075950960403,1.1510177981455825,0.7300556352742743,0.0755229967525111,0.0755229967525111,0.0,9.36485159731138,3.7006268408730456,1.6363315963044078,1,0,0.0,50.0,4.201680672268915,-3.907532840722496,충주시,연수동,"('충주시', '연수동')","('충주시', '연수동')",연수동,824.0,1604.0,854.3,374.5,1854.5,478.8,146.8,4.0,5.0,10.0,12.0,0.0,2.0,8.0,14.0,3.0,15.0,25.0,36.0,959.2,86.8,충주시,연수동,"('충주시', '연수동')"
연수동,4313063000,연수동,충주시,2019,38229.0,9893.0,4902.0,5057.0,4478.0,25.878259959716445,12.822726202621046,13.228177561537052,11.71362054984436,10.55134966888039,-3.761045238275051,-5.529029793735674,-1523.0,39723.0,38976.0,-3.907532840722496,27.0,3.0,3.0,0.0,65.0,71.054,377.0,729.0,154.0,45.0,1840.0,2559.0,10563.0,128.0,27.63085615632112,1.2117769573037962,0.7062701090794945,0.0784744565643882,0.0784744565643882,0.0,9.861623374924797,4.028355436971933,1.700279892228413,1,0,-6.896551724137934,0.0,1.3440860215053752,-1.4177295246126278,충주시,연수동,"('충주시', '연수동')","('충주시', '연수동')",연수동,824.0,1604.0,854.3,374.5,1854.5,478.8,146.8,4.0,5.0,10.0,12.0,0.0,2.0,8.0,14.0,3.0,15.0,25.0,36.0,959.2,86.8,충주시,연수동,"('충주시', '연수동')"
연수동,4313063000,연수동,충주시,2021,36807.0,8934.0,4299.0,5824.0,3994.0,24.27255685059907,11.679843508028364,15.82307713206727,10.851196783220583,10.513443323459292,-2.2831656357023444,-6.214570648750783,-820.0,37667.0,37237.0,-2.202110803770444,26.0,4.0,3.0,0.0,65.0,71.054,413.0,771.0,183.0,49.0,1997.0,3761.0,10933.0,139.0,29.703588991224493,1.27138022500686,0.7063873719672888,0.1086749803026598,0.0815062352269948,0.0,11.220691716249627,4.971880348846687,1.765968429918222,1,0,-7.14285714285714,33.33333333333333,6.169665809768632,-0.6553437824258643,충주시,연수동,"('충주시', '연수동')","('충주시', '연수동')",연수동,824.0,1604.0,854.3,374.5,1854.5,478.8,146.8,4.0,5.0,10.0,12.0,0.0,2.0,8.0,14.0,3.0,15.0,25.0,36.0,959.2,86.8,충주시,연수동,"('충주시', '연수동')"
연수동,4313063000,연수동,충주시,2022,36437.0,8609.0,4053.0,6207.0,3782.0,23.627082361336004,11.12330872464802,17.034882125312183,10.379559239234844,10.50334002087177,-1.0052435677996074,-3.637788224759342,-240.0,36807.0,36622.0,-0.6553437824258643,24.0,4.0,3.0,0.0,65.0,71.054,432.0,779.0,192.0,52.0,2060.0,3826.0,11785.0,143.0,32.343496994812966,1.213406873143827,0.6586711309932212,0.1097785218322035,0.0823338913741526,0.0,11.85608035787798,5.269369047945769,1.7839009797733074,1,0,-7.692307692307687,0.0,4.600484261501214,-2.1221337999805563,충주시,연수동,"('충주시', '연수동')","('충주시', '연수동')",연수동,824.0,1604.0,854.3,374.5,1854.5,478.8,146.8,4.0,5.0,10.0,12.0,0.0,2.0,8.0,14.0,3.0,15.0,25.0,36.0,959.2,86.8,충주시,연수동,"('충주시', '연수동')"
연수동,4313063000,연수동,충주시,2023,35566.0,8057.0,3667.0,6569.0,3468.0,22.653657987966035,10.310408817409886,18.46988697070236,9.750885677332285,10.479145404303608,-2.390427312896237,-6.411894528981299,-764.0,36437.0,36001.5,-2.1221337999805563,21.0,4.0,3.0,0.0,65.0,71.054,364.0,751.0,73.0,15.0,1789.0,3892.0,12040.0,125.0,33.852555811730305,1.0382059800664452,0.5904515548557612,0.1124669628296687,0.0843502221222515,0.0,10.23449361749986,2.052522071641455,1.8275881459821173,1,0,-12.5,0.0,-15.740740740740744,-1.4671244927495104,충주시,연수동,"('충주시', '연수동')","('충주시', '연수동')",연수동,824.0,1604.0,854.3,374.5,1854.5,478.8,146.8,4.0,5.0,10.0,12.0,0.0,2.0,8.0,14.0,3.0,15.0,25.0,36.0,959.2,86.8,충주시,연수동,"('충주시', '연수동')"
연수동,4313063000,연수동,충주시,2024,34912.0,7671.0,3402.0,7007.0,3271.0,21.9723877176902,9.744500458295144,20.07046287809349,9.369271310724104,10.460585888632798,-1.83883484226508,-4.790865086260398,-517.0,35566.0,35239.0,-1.4671244927495104,18.0,4.0,3.0,0.0,65.0,71.054,334.0,753.0,71.0,17.0,1741.0,3946.0,11683.0,113.0,33.46413840513291,0.9672173243173844,0.5155820348304307,0.1145737855178735,0.0859303391384051,0.0,9.56691109074244,2.0336846929422547,1.8618240146654448,1,0,-14.28571428571429,0.0,-8.241758241758246,-1.798905014339098,충주시,연수동,"('충주시', '연수동')","('충주시', '연수동')",연수동,824.0,1604.0,854.3,374.5,1854.5,478.8,146.8,4.0,5.0,10.0,12.0,0.0,2.0,8.0,14.0,3.0,15.0,25.0,36.0,959.2,86.8,충주시,연수동,"('충주시', '연수동')"
연풍면,4376033000,연풍면,괴산군,2017,2477.0,319.0,108.0,867.0,130.0,12.878482034719418,4.360113039967703,35.00201857085184,5.248284214775938,7.814803429489359,-1.5500794912559623,-9.375,-20.0,2516.0,2496.5,-0.8011215701982776,1.0,0.0,2.0,1.0,50.0,417.128,38.0,50.0,1.0,0.0,113.0,158.0,454.0,34.0,18.328623334679047,7.488986784140969,0.4037141703673799,0.0,0.8074283407347598,0.4037141703673799,15.341138473960436,0.4037141703673799,20.18570851836899,0,1,0.0,,8.571428571428562,1.5744852644327816,괴산군,연풍면,"('괴산군', '연풍면')","('괴산군', '연풍면')",연풍면,11477.7,29663.0,20955.9,678.0,4809.7,3176.3,774.2,0.0,0.0,0.0,1.0,0.0,0.0,1.0,2.0,2.0,2.0,3.0,9.0,24708.4,15129.5,괴산군,연풍면,"('괴산군', '연풍면')"
연풍면,4376033000,연풍면,괴산군,2018,2477.0,320.0,87.0,877.0,125.0,12.918853451756156,3.512313282196205,35.40573274121922,5.0464271295922485,7.814803429489359,0.0,0.3134796238244419,39.0,2477.0,2477.0,1.5744852644327816,1.0,0.0,2.0,1.0,50.0,417.128,41.0,54.0,1.0,0.0,124.0,173.0,487.0,31.0,19.6608800968914,6.365503080082135,0.4037141703673799,0.0,0.8074283407347598,0.4037141703673799,16.552280985062573,0.4037141703673799,20.18570851836899,0,1,0.0,,7.8947368421052655,-2.4686278543509568,괴산군,연풍면,"('괴산군', '연풍면')","('괴산군', '연풍면')",연풍면,11477.7,29663.0,20955.9,678.0,4809.7,3176.3,774.2,0.0,0.0,0.0,1.0,0.0,0.0,1.0,2.0,2.0,2.0,3.0,9.0,24708.4,15129.5,괴산군,연풍면,"('괴산군', '연풍면')"
연풍면,4376033000,연풍면,괴산군,2019,2384.0,274.0,72.0,895.0,108.0,11.493288590604028,3.02013422818792,37.54194630872483,4.530201342281879,7.776535028185241,-3.754541784416632,-14.375000000000004,-60.0,2477.0,2430.5,-2.4686278543509568,1.0,0.0,2.0,1.0,50.0,417.128,41.0,55.0,2.0,0.0,128.0,178.0,498.0,43.0,20.889261744966444,8.634538152610443,0.4194630872483221,0.0,0.8389261744966443,0.4194630872483221,17.197986577181208,0.8389261744966443,20.97315436241611,0,1,0.0,,0.0,2.581719758484281,괴산군,연풍면,"('괴산군', '연풍면')","('괴산군', '연풍면')",연풍면,11477.7,29663.0,20955.9,678.0,4809.7,3176.3,774.2,0.0,0.0,0.0,1.0,0.0,0.0,1.0,2.0,2.0,2.0,3.0,9.0,24708.4,15129.5,괴산군,연풍면,"('괴산군', '연풍면')"
연풍면,4376033000,연풍면,괴산군,2021,2428.0,266.0,73.0,999.0,107.0,10.955518945634267,3.0065897858319603,41.14497528830313,4.406919275123559,7.794823152179389,0.3720545680033105,0.3773584905660376,70.0,2419.0,2423.5,2.8883845677738806,1.0,0.0,2.0,1.0,50.0,417.128,43.0,63.0,2.0,0.0,139.0,257.0,546.0,38.0,22.487644151565075,6.95970695970696,0.4118616144975289,0.0,0.8237232289950578,0.4118616144975289,17.710049423393738,0.8237232289950578,20.59308072487644,0,1,0.0,,4.878048780487809,-3.989813242784381,괴산군,연풍면,"('괴산군', '연풍면')","('괴산군', '연풍면')",연풍면,11477.7,29663.0,20955.9,678.0,4809.7,3176.3,774.2,0.0,0.0,0.0,1.0,0.0,0.0,1.0,2.0,2.0,2.0,3.0,9.0,24708.4,15129.5,괴산군,연풍면,"('괴산군', '연풍면')"
연풍면,4376033000,연풍면,괴산군,2022,2284.0,208.0,65.0,1023.0,82.0,9.106830122591944,2.8458844133099825,44.789842381786336,3.5901926444833623,7.7336835707759,-5.930807248764413,-21.80451127819549,-94.0,2428.0,2356.0,-3.989813242784381,0.0,0.0,2.0,1.0,50.0,417.128,43.0,61.0,2.0,0.0,139.0,248.0,531.0,38.0,23.248686514886167,7.1563088512241055,0.0,0.0,0.8756567425569177,0.4378283712784588,18.826619964973727,0.8756567425569177,21.89141856392294,0,1,-100.0,,0.0,-0.17718715393134,괴산군,연풍면,"('괴산군', '연풍면')","('괴산군', '연풍면')",연풍면,11477.7,29663.0,20955.9,678.0,4809.7,3176.3,774.2,0.0,0.0,0.0,1.0,0.0,0.0,1.0,2.0,2.0,2.0,3.0,9.0,24708.4,15129.5,괴산군,연풍면,"('괴산군', '연풍면')"
연풍면,4376033000,연풍면,괴산군,2023,2231.0,184.0,74.0,1041.0,72.0,8.24742268041237,3.3168982519049752,46.66069027341999,3.227252353204841,7.710205194432532,-2.3204903677758293,-11.538461538461542,-4.0,2284.0,2257.5,-0.17718715393134,0.0,0.0,2.0,1.0,50.0,417.128,43.0,60.0,1.0,0.0,138.0,294.0,596.0,43.0,26.71447781264007,7.214765100671141,0.0,0.0,0.8964589870013449,0.4482294935006724,19.27386822052891,0.4482294935006724,22.411474675033617,0,1,,,0.0,0.5421278518183872,괴산군,연풍면,"('괴산군', '연풍면')","('괴산군', '연풍면')",연풍면,11477.7,29663.0,20955.9,678.0,4809.7,3176.3,774.2,0.0,0.0,0.0,1.0,0.0,0.0,1.0,2.0,2.0,2.0,3.0,9.0,24708.4,15129.5,괴산군,연풍면,"('괴산군', '연풍면')"
연풍면,4376033000,연풍면,괴산군,2024,2196.0,171.0,76.0,1076.0,66.0,7.786885245901639,3.460837887067396,48.998178506375226,3.0054644808743167,7.694392802629421,-1.5688032272523578,-7.065217391304346,12.0,2231.0,2213.5,0.5421278518183872,0.0,0.0,2.0,1.0,50.0,417.128,41.0,60.0,1.0,0.0,138.0,339.0,607.0,32.0,27.64116575591985,5.2718286655683695,0.0,0.0,0.9107468123861566,0.4553734061930783,18.670309653916213,0.4553734061930783,22.76867030965392,0,1,,,-4.651162790697672,6.693262411347519,괴산군,연풍면,"('괴산군', '연풍면')","('괴산군', '연풍면')",연풍면,11477.7,29663.0,20955.9,678.0,4809.7,3176.3,774.2,0.0,0.0,0.0,1.0,0.0,0.0,1.0,2.0,2.0,2.0,3.0,9.0,24708.4,15129.5,괴산군,연풍면,"('괴산군', '연풍면')"
영동읍,4374025000,영동읍,영동군,2017,22256.0,5448.0,2843.0,3946.0,2495.0,24.47879223580158,12.774083393242272,17.730050323508266,11.210460100647015,10.010366914163225,-0.5007153075822557,-1.8378378378378413,-94.0,22368.0,22312.0,-0.4212979562567228,10.0,5.0,8.0,6.0,118.0,575.921,488.0,431.0,57.0,44.0,1362.0,2138.0,9166.0,526.0,41.1843997124371,5.738599170848789,0.4493170381020848,0.2246585190510424,0.3594536304816679,0.2695902228612509,21.92667145938174,2.561107117181884,5.301941049604601,0,0,0.0,0.0,10.407239819004532,-0.3238575026988125,영동군,영동읍,"('영동군', '영동읍')","('영동군', '영동읍')",영동읍,2162.5,2401.7,1389.3,540.0,1661.9,1304.8,365.9,0.0,0.0,2.0,2.0,2.0,3.0,4.0,6.0,2.0,6.0,8.0,17.0,953.9,12.6,영동군,영동읍,"('영동군', '영동읍')"
영동읍,4374025000,영동읍,영동군,2018,22208.0,5409.0,2765.0,4100.0,2534.0,24.3560878962536,12.450468299711815,18.461815561959654,11.410302593659942,10.00820786330653,-0.2156721782890058,-0.7158590308370072,-72.0,22256.0,22232.0,-0.3238575026988125,10.0,5.0,8.0,6.0,118.0,575.921,489.0,443.0,64.0,44.0,1401.0,2141.0,8868.0,506.0,39.93155619596542,5.705908885881823,0.4502881844380403,0.2251440922190201,0.3602305475504322,0.2701729106628242,22.019092219020173,2.881844380403458,5.313400576368876,0,0,0.0,0.0,0.2049180327868827,-1.8519361150293487,영동군,영동읍,"('영동군', '영동읍')","('영동군', '영동읍')",영동읍,2162.5,2401.7,1389.3,540.0,1661.9,1304.8,365.9,0.0,0.0,2.0,2.0,2.0,3.0,4.0,6.0,2.0,6.0,8.0,17.0,953.9,12.6,영동군,영동읍,"('영동군', '영동읍')"
영동읍,4374025000,영동읍,영동군,2019,21746.0,5057.0,2629.0,4236.0,2415.0,23.25485146693645,12.08957969281707,19.47944449553941,11.105490664949876,9.987185111557697,-2.080331412103742,-6.5076723978554245,-407.0,22208.0,21977.0,-1.8519361150293487,10.0,5.0,8.0,7.0,118.0,575.921,493.0,466.0,68.0,45.0,1450.0,2169.0,9453.0,517.0,43.47006345994666,5.469163228604676,0.4598546859192495,0.2299273429596247,0.3678837487353996,0.3218982801434746,22.670836015819003,3.127011864250897,5.426285293847144,0,0,0.0,0.0,0.8179959100204526,-3.549241625055677,영동군,영동읍,"('영동군', '영동읍')","('영동군', '영동읍')",영동읍,2162.5,2401.7,1389.3,540.0,1661.9,1304.8,365.9,0.0,0.0,2.0,2.0,2.0,3.0,4.0,6.0,2.0,6.0,8.0,17.0,953.9,12.6,영동군,영동읍,"('영동군', '영동읍')"
영동읍,4374025000,영동읍,영동군,2021,20163.0,4131.0,2382.0,4481.0,1966.0,20.48802261568219,11.813718196696922,22.223875415364777,9.750533154788474,9.911604520638075,-3.577064702788002,-11.275773195876294,-595.0,20911.0,20537.0,-2.897209913814092,10.0,5.0,8.0,7.0,118.0,575.921,489.0,502.0,81.0,46.0,1517.0,2833.0,10239.0,467.0,50.78113375985717,4.560992284402773,0.4959579427664534,0.2479789713832267,0.3967663542131627,0.3471705599365174,24.25234340127957,4.017259336408273,5.85230372464415,0,0,0.0,0.0,1.0330578512396604,-1.448912062568936,영동군,영동읍,"('영동군', '영동읍')","('영동군', '영동읍')",영동읍,2162.5,2401.7,1389.3,540.0,1661.9,1304.8,365.9,0.0,0.0,2.0,2.0,2.0,3.0,4.0,6.0,2.0,6.0,8.0,17.0,953.9,12.6,영동군,영동읍,"('영동군', '영동읍')"
영동읍,4374025000,영동읍,영동군,2022,19729.0,3810.0,2200.0,4655.0,1768.0,19.311673171473466,11.151097369354757,23.594708297430177,8.961427340463278,9.889844913494969,-2.152457471606406,-7.770515613652873,-289.0,20163.0,19946.0,-1.448912062568936,10.0,5.0,8.0,7.0,118.0,575.921,489.0,513.0,89.0,47.0,1548.0,2809.0,10212.0,459.0,51.7613665162958,4.494712103407755,0.506868062243398,0.253434031121699,0.4054944497947185,0.3548076435703786,24.78584824370217,4.511125753966242,5.981043134472097,0,0,0.0,0.0,0.0,-0.6942671907703303,영동군,영동읍,"('영동군', '영동읍')","('영동군', '영동읍')",영동읍,2162.5,2401.7,1389.3,540.0,1661.9,1304.8,365.9,0.0,0.0,2.0,2.0,2.0,3.0,4.0,6.0,2.0,6.0,8.0,17.0,953.9,12.6,영동군,영동읍,"('영동군', '영동읍')"
영동읍,4374025000,영동읍,영동군,2023,19449.0,3628.0,2054.0,4888.0,1684.0,18.653915368399403,10.560954290709033,25.1323975525734,8.658542855673813,9.875550933843105,-1.419230574281516,-4.776902887139112,-136.0,19729.0,19589.0,-0.6942671907703303,10.0,5.0,8.0,7.0,118.0,575.921,413.0,502.0,35.0,11.0,1358.0,2876.0,10318.0,455.0,53.05157077484704,4.409769335142469,0.5141652527122218,0.2570826263561109,0.4113322021697774,0.3599156768985552,21.23502493701476,1.799578384492776,6.067149982004216,0,0,0.0,0.0,-15.541922290388545,-0.2997880808394066,영동군,영동읍,"('영동군', '영동읍')","('영동군', '영동읍')",영동읍,2162.5,2401.7,1389.3,540.0,1661.9,1304.8,365.9,0.0,0.0,2.0,2.0,2.0,3.0,4.0,6.0,2.0,6.0,8.0,17.0,953.9,12.6,영동군,영동읍,"('영동군', '영동읍')"
영동읍,4374025000,영동읍,영동군,2024,19245.0,3541.0,1926.0,5055.0,1619.0,18.399584307612365,10.007794232268122,26.26656274356976,8.412574694725903,9.865006565717849,-1.048897115532932,-2.3980154355016547,-58.0,19449.0,19347.0,-0.2997880808394066,10.0,5.0,8.0,7.0,118.0,575.921,410.0,505.0,39.0,14.0,1364.0,2906.0,10506.0,436.0,54.59080280592362,4.150009518370455,0.5196154845414394,0.2598077422707197,0.4156923876331514,0.3637308391790075,21.30423486619901,2.026500389711613,6.131462717588984,0,0,0.0,0.0,-0.7263922518159771,0.2498503500507508,영동군,영동읍,"('영동군', '영동읍')","('영동군', '영동읍')",영동읍,2162.5,2401.7,1389.3,540.0,1661.9,1304.8,365.9,0.0,0.0,2.0,2.0,2.0,3.0,4.0,6.0,2.0,6.0,8.0,17.0,953.9,12.6,영동군,영동읍,"('영동군', '영동읍')"
영서동,4315054700,영서동,제천시,2017,8336.0,1709.0,875.0,1895.0,790.0,20.50143953934741,10.496641074856043,22.732725527831093,9.476967370441455,9.028338763993148,-4.117782378651946,-9.720021130480715,-303.0,8694.0,8515.0,-3.5584263065179096,9.0,6.0,4.0,0.0,79.0,82.023,94.0,155.0,6.0,3.0,445.0,834.0,5840.0,152.0,70.05758157389636,2.602739726027397,1.079654510556622,0.7197696737044146,0.4798464491362764,0.0,11.276391554702496,0.7197696737044146,9.476967370441455,1,0,0.0,-25.0,13.25301204819278,5.701600654282042,제천시,영서동,"('제천시', '영서동')","('제천시', '영서동')",영서동,746.5,1243.7,438.3,378.5,1130.4,639.1,234.9,1.0,3.0,8.0,10.0,3.0,6.0,11.0,14.0,3.0,12.0,21.0,35.0,438.8,17.1,제천시,영서동,"('제천시', '영서동')"
영서동,4315054700,영서동,제천시,2019,10300.0,2247.0,1257.0,2143.0,1057.0,21.81553398058253,12.203883495145632,20.805825242718445,10.262135922330096,9.239899174217728,17.285356410840347,21.13207547169811,1549.0,8782.0,9541.0,16.235195472172727,9.0,8.0,4.0,0.0,79.0,82.023,97.0,192.0,10.0,3.0,485.0,854.0,5930.0,158.0,57.57281553398058,2.664418212478921,0.8737864077669903,0.7766990291262137,0.3883495145631068,0.0,9.41747572815534,0.970873786407767,7.669902912621359,1,0,12.5,33.33333333333333,5.434782608695654,0.0388651379712398,제천시,영서동,"('제천시', '영서동')","('제천시', '영서동')",영서동,746.5,1243.7,438.3,378.5,1130.4,639.1,234.9,1.0,3.0,8.0,10.0,3.0,6.0,11.0,14.0,3.0,12.0,21.0,35.0,438.8,17.1,제천시,영서동,"('제천시', '영서동')"
영서동,4315054700,영서동,제천시,2021,10146.0,2101.0,1242.0,2252.0,988.0,20.7076680465208,12.241277350680072,22.19593928641829,9.737827715355806,9.224834818126634,-1.3418903150525074,-4.673321234119787,-38.0,10284.0,10215.0,-0.3720019579050416,9.0,8.0,4.0,0.0,79.0,82.023,98.0,187.0,10.0,3.0,484.0,1296.0,6302.0,164.0,62.11314803863591,2.6023484608060934,0.8870490833826139,0.788488074117879,0.3942440370589395,0.0,9.658978907944016,0.9856100926473488,7.7863197319140545,1,0,-9.999999999999998,0.0,4.255319148936176,-0.1685755367147602,제천시,영서동,"('제천시', '영서동')","('제천시', '영서동')",영서동,746.5,1243.7,438.3,378.5,1130.4,639.1,234.9,1.0,3.0,8.0,10.0,3.0,6.0,11.0,14.0,3.0,12.0,21.0,35.0,438.8,17.1,제천시,영서동,"('제천시', '영서동')"
영서동,4315054700,영서동,제천시,2022,10023.0,1988.0,1217.0,2334.0,936.0,19.834380923875088,12.142073231567394,23.28644118527387,9.33852140077821,9.212637731024866,-1.2123004139562354,-5.3783912422655895,-17.0,10146.0,10084.5,-0.1685755367147602,9.0,8.0,4.0,0.0,79.0,82.023,102.0,187.0,12.0,4.0,501.0,1336.0,6070.0,152.0,60.56071036615784,2.504118616144975,0.8979347500748279,0.7981642222887358,0.3990821111443679,0.0,10.176593834181382,1.1972463334331038,7.881871695101267,1,0,0.0,0.0,4.081632653061229,-0.7232183215308121,제천시,영서동,"('제천시', '영서동')","('제천시', '영서동')",영서동,746.5,1243.7,438.3,378.5,1130.4,639.1,234.9,1.0,3.0,8.0,10.0,3.0,6.0,11.0,14.0,3.0,12.0,21.0,35.0,438.8,17.1,제천시,영서동,"('제천시', '영서동')"
영서동,4315054700,영서동,제천시,2023,9888.0,1854.0,1149.0,2420.0,845.0,18.75,11.62014563106796,24.474110032362457,8.545711974110032,9.199077179697472,-1.346902125112237,-6.7404426559356185,-72.0,10023.0,9955.5,-0.7232183215308121,9.0,8.0,4.0,0.0,79.0,82.023,93.0,174.0,4.0,3.0,459.0,1375.0,6061.0,140.0,61.29652103559871,2.309849859759116,0.9101941747572816,0.8090614886731393,0.4045307443365696,0.0,9.405339805825244,0.4045307443365696,7.98948220064725,1,0,0.0,0.0,-8.823529411764708,-0.5187407821797284,제천시,영서동,"('제천시', '영서동')","('제천시', '영서동')",영서동,746.5,1243.7,438.3,378.5,1130.4,639.1,234.9,1.0,3.0,8.0,10.0,3.0,6.0,11.0,14.0,3.0,12.0,21.0,35.0,438.8,17.1,제천시,영서동,"('제천시', '영서동')"
영서동,4315054700,영서동,제천시,2024,9775.0,1765.0,1107.0,2526.0,793.0,18.056265984654733,11.324808184143222,25.841432225063937,8.112531969309462,9.187583384853566,-1.1427993527508118,-4.800431499460622,-51.0,9888.0,9831.5,-0.5187407821797284,9.0,8.0,4.0,0.0,79.0,82.023,92.0,172.0,6.0,5.0,455.0,1338.0,6094.0,131.0,62.34271099744245,2.149655398752872,0.9207161125319694,0.8184143222506395,0.4092071611253197,0.0,9.411764705882351,0.6138107416879794,8.081841432225064,1,0,0.0,0.0,-1.0752688172043,-2.473112692887203,제천시,영서동,"('제천시', '영서동')","('제천시', '영서동')",영서동,746.5,1243.7,438.3,378.5,1130.4,639.1,234.9,1.0,3.0,8.0,10.0,3.0,6.0,11.0,14.0,3.0,12.0,21.0,35.0,438.8,17.1,제천시,영서동,"('제천시', '영서동')"
영운동,4311167000,영운동,청주시,2017,11696.0,3086.0,1346.0,1923.0,1439.0,26.385088919288645,11.508207934336523,16.441518467852255,12.303351573187411,9.36700218198956,-1.8380193033990744,-2.680542415641751,-220.0,11915.0,11805.5,-1.863538181356148,10.0,3.0,2.0,0.0,8.0,34.18,85.0,91.0,3.0,4.0,306.0,620.0,2264.0,62.0,19.35704514363885,2.7385159010600706,0.8549931600547195,0.2564979480164158,0.1709986320109439,0.0,7.267441860465116,0.2564979480164158,0.6839945280437756,1,0,0.0,0.0,10.389610389610391,-0.9537311509215104,청주시,영운동,"('청주시', '영운동')","('청주시', '영운동')",영운동,695.0,1244.3,88.6,346.9,1278.3,480.7,200.0,3.0,13.0,40.0,57.0,0.0,4.0,17.0,33.0,4.0,20.0,84.0,156.0,1244.3,88.6,청주시,영운동,"('청주시', '영운동')"
영운동,4311167000,영운동,청주시,2018,11581.0,2985.0,1291.0,2005.0,1381.0,25.77497625420948,11.14756929453415,17.312839996546067,11.924704256972628,9.357121103184378,-0.9832421340629228,-3.272845106934541,-111.0,11696.0,11638.5,-0.9537311509215104,9.0,3.0,2.0,0.0,8.0,34.18,85.0,94.0,4.0,4.0,317.0,620.0,2242.0,61.0,19.359295397634053,2.72078501338091,0.7771349624384769,0.2590449874794923,0.1726966583196615,0.0,7.339607978585613,0.345393316639323,0.6907866332786461,1,0,-9.999999999999998,0.0,0.0,-1.2348899904339508,청주시,영운동,"('청주시', '영운동')","('청주시', '영운동')",영운동,695.0,1244.3,88.6,346.9,1278.3,480.7,200.0,3.0,13.0,40.0,57.0,0.0,4.0,17.0,33.0,4.0,20.0,84.0,156.0,1244.3,88.6,청주시,영운동,"('청주시', '영운동')"
영운동,4311167000,영운동,청주시,2019,11417.0,2830.0,1299.0,2100.0,1308.0,24.78759744241044,11.37776999211702,18.39362354383813,11.456599807304896,9.342858751676328,-1.4161125982212197,-5.192629815745398,-142.0,11581.0,11499.0,-1.2348899904339508,9.0,3.0,2.0,0.0,8.0,34.18,82.0,95.0,5.0,4.0,319.0,603.0,2339.0,62.0,20.486993080494003,2.6507054296708,0.7882981518787773,0.2627660506262591,0.1751773670841727,0.0,7.182272050451082,0.4379434177104318,0.7007094683366909,1,0,0.0,0.0,-3.529411764705881,-5.66326990711516,청주시,영운동,"('청주시', '영운동')","('청주시', '영운동')",영운동,695.0,1244.3,88.6,346.9,1278.3,480.7,200.0,3.0,13.0,40.0,57.0,0.0,4.0,17.0,33.0,4.0,20.0,84.0,156.0,1244.3,88.6,청주시,영운동,"('청주시', '영운동')"
영운동,4311167000,영운동,청주시,2021,10548.0,2393.0,993.0,2358.0,1118.0,22.686765263557074,9.414106939704208,22.35494880546075,10.599165718619645,9.263691547473178,-1.97936994703094,-4.241696678671469,-148.0,10761.0,10654.5,-1.3890844244216058,8.0,3.0,2.0,0.0,8.0,34.18,91.0,106.0,7.0,4.0,365.0,981.0,2972.0,72.0,28.175957527493363,2.4226110363391657,0.7584376185058779,0.2844141069397042,0.1896094046264694,0.0,8.62722791050436,0.6636329161926431,0.7584376185058779,1,0,-11.111111111111116,0.0,3.409090909090917,-1.0802542899478993,청주시,영운동,"('청주시', '영운동')","('청주시', '영운동')",영운동,695.0,1244.3,88.6,346.9,1278.3,480.7,200.0,3.0,13.0,40.0,57.0,0.0,4.0,17.0,33.0,4.0,20.0,84.0,156.0,1244.3,88.6,청주시,영운동,"('청주시', '영운동')"
영운동,4311167000,영운동,청주시,2022,10373.0,2254.0,915.0,2484.0,1012.0,21.729490022172943,8.82097753783862,23.94678492239468,9.75609756097561,9.246961555431827,-1.659082290481606,-5.808608441287088,-113.0,10548.0,10460.5,-1.0802542899478993,8.0,3.0,2.0,0.0,8.0,34.18,90.0,109.0,9.0,4.0,375.0,972.0,3065.0,73.0,29.54786464860696,2.3817292006525284,0.7712330087727755,0.2892123782897908,0.1928082521931938,0.0,8.676371348693724,0.8676371348693723,0.7712330087727755,1,0,0.0,0.0,-1.098901098901095,-1.3339175307920743,청주시,영운동,"('청주시', '영운동')","('청주시', '영운동')",영운동,695.0,1244.3,88.6,346.9,1278.3,480.7,200.0,3.0,13.0,40.0,57.0,0.0,4.0,17.0,33.0,4.0,20.0,84.0,156.0,1244.3,88.6,청주시,영운동,"('청주시', '영운동')"
영운동,4311167000,영운동,청주시,2023,10168.0,2114.0,819.0,2596.0,962.0,20.790715971675848,8.054681353265146,25.53107789142408,9.461054287962234,9.22700081286929,-1.9762845849802368,-6.211180124223603,-137.0,10373.0,10270.5,-1.3339175307920743,5.0,3.0,2.0,0.0,8.0,34.18,87.0,106.0,8.0,1.0,355.0,982.0,3138.0,75.0,30.86152635719905,2.390057361376673,0.4917387883556254,0.2950432730133753,0.1966955153422502,0.0,8.556254917387884,0.7867820613690008,0.7867820613690008,1,0,-37.5,0.0,-3.3333333333333326,-2.549490101979604,청주시,영운동,"('청주시', '영운동')","('청주시', '영운동')",영운동,695.0,1244.3,88.6,346.9,1278.3,480.7,200.0,3.0,13.0,40.0,57.0,0.0,4.0,17.0,33.0,4.0,20.0,84.0,156.0,1244.3,88.6,청주시,영운동,"('청주시', '영운동')"
영운동,4311167000,영운동,청주시,2024,9836.0,1942.0,726.0,2685.0,883.0,19.74379829198861,7.381049206994714,27.297681984546564,8.977226514843432,9.193804403336085,-3.265145554681348,-8.136234626300853,-255.0,10168.0,10002.0,-2.549490101979604,4.0,3.0,2.0,0.0,8.0,34.18,85.0,99.0,8.0,2.0,341.0,1010.0,3337.0,63.0,33.92639284261895,1.8879232843871745,0.4066693777958519,0.3050020333468889,0.2033346888979259,0.0,8.641724278161854,0.8133387555917039,0.8133387555917039,1,0,-20.0,0.0,-2.298850574712641,-2.050489438433797,청주시,영운동,"('청주시', '영운동')","('청주시', '영운동')",영운동,695.0,1244.3,88.6,346.9,1278.3,480.7,200.0,3.0,13.0,40.0,57.0,0.0,4.0,17.0,33.0,4.0,20.0,84.0,156.0,1244.3,88.6,청주시,영운동,"('청주시', '영운동')"
영춘면,4380033000,영춘면,단양군,2017,3444.0,419.0,201.0,1160.0,178.0,12.166085946573752,5.83623693379791,33.681765389082464,5.168408826945412,8.144388865547622,-0.8064516129032251,-7.300884955752207,18.0,3472.0,3458.0,0.5205320994794679,1.0,0.0,4.0,1.0,121.0,612.786,44.0,61.0,0.0,0.0,147.0,262.0,1114.0,18.0,32.34610917537747,1.615798922800718,0.2903600464576074,0.0,1.1614401858304295,0.2903600464576074,12.775842044134729,0.0,35.1335656213705,0,1,0.0,,12.82051282051282,0.4377006127808579,단양군,영춘면,"('단양군', '영춘면')","('단양군', '영춘면')",영춘면,22776.8,34747.8,22866.9,1011.7,8999.5,4128.0,1137.5,0.0,0.0,0.0,0.0,0.0,0.0,1.0,1.0,2.0,2.0,2.0,7.0,21750.3,16325.0,단양군,영춘면,"('단양군', '영춘면')"
영춘면,4380033000,영춘면,단양군,2018,3410.0,380.0,199.0,1169.0,149.0,11.143695014662756,5.835777126099707,34.28152492668622,4.36950146627566,8.134467570277563,-0.9872241579558684,-9.307875894988072,15.0,3444.0,3427.0,0.4377006127808579,1.0,0.0,4.0,1.0,121.0,612.786,47.0,59.0,0.0,0.0,149.0,282.0,1139.0,23.0,33.40175953079179,2.019315188762072,0.2932551319648094,0.0,1.1730205278592376,0.2932551319648094,13.78299120234604,0.0,35.483870967741936,0,1,0.0,,6.818181818181812,-0.472883109206443,단양군,영춘면,"('단양군', '영춘면')","('단양군', '영춘면')",영춘면,22776.8,34747.8,22866.9,1011.7,8999.5,4128.0,1137.5,0.0,0.0,0.0,0.0,0.0,0.0,1.0,1.0,2.0,2.0,2.0,7.0,21750.3,16325.0,단양군,영춘면,"('단양군', '영춘면')"
영춘면,4380033000,영춘면,단양군,2019,3357.0,334.0,187.0,1216.0,137.0,9.949359547214776,5.570449806374739,36.22281799225499,4.08102472445636,8.118802996980035,-1.554252199413486,-12.105263157894742,-16.0,3410.0,3383.5,-0.472883109206443,1.0,0.0,4.0,1.0,121.0,612.786,55.0,64.0,0.0,1.0,170.0,290.0,1262.0,22.0,37.5930890676199,1.7432646592709984,0.2978850163836759,0.0,1.1915400655347037,0.2978850163836759,16.383675901102176,0.0,36.04408698242479,0,1,0.0,,17.021276595744684,-0.390625,단양군,영춘면,"('단양군', '영춘면')","('단양군', '영춘면')",영춘면,22776.8,34747.8,22866.9,1011.7,8999.5,4128.0,1137.5,0.0,0.0,0.0,0.0,0.0,0.0,1.0,1.0,2.0,2.0,2.0,7.0,21750.3,16325.0,단양군,영춘면,"('단양군', '영춘면')"
영춘면,4380033000,영춘면,단양군,2021,3193.0,245.0,135.0,1273.0,102.0,7.673034763545256,4.227998747259631,39.86846226119637,3.194487942373943,8.068716192714781,-3.213094877235523,-15.517241379310342,-30.0,3299.0,3246.0,-0.9242144177449167,1.0,0.0,4.0,1.0,121.0,612.786,57.0,65.0,2.0,2.0,195.0,401.0,1211.0,26.0,37.926714688380834,2.146985962014864,0.3131850923896023,0.0,1.2527403695584092,0.3131850923896023,17.851550266207326,0.6263701847792046,37.89539617914188,0,1,0.0,,1.7857142857142794,0.4111321948134092,단양군,영춘면,"('단양군', '영춘면')","('단양군', '영춘면')",영춘면,22776.8,34747.8,22866.9,1011.7,8999.5,4128.0,1137.5,0.0,0.0,0.0,0.0,0.0,0.0,1.0,1.0,2.0,2.0,2.0,7.0,21750.3,16325.0,단양군,영춘면,"('단양군', '영춘면')"
영춘면,4380033000,영춘면,단양군,2022,3131.0,233.0,120.0,1336.0,98.0,7.441711913126796,3.832641328648994,42.6700734589588,3.1299904183966785,8.049107721326406,-1.941747572815533,-4.897959183673473,13.0,3193.0,3162.0,0.4111321948134092,1.0,0.0,4.0,1.0,121.0,612.786,59.0,65.0,2.0,3.0,199.0,426.0,1241.0,29.0,39.63589907377835,2.3368251410153102,0.3193867773874161,0.0,1.2775471095496649,0.3193867773874161,18.843819865857554,0.6387735547748323,38.64580006387736,0,1,0.0,,3.5087719298245723,0.8348049446139026,단양군,영춘면,"('단양군', '영춘면')","('단양군', '영춘면')",영춘면,22776.8,34747.8,22866.9,1011.7,8999.5,4128.0,1137.5,0.0,0.0,0.0,0.0,0.0,0.0,1.0,1.0,2.0,2.0,2.0,7.0,21750.3,16325.0,단양군,영춘면,"('단양군', '영춘면')"
영춘면,4380033000,영춘면,단양군,2023,3098.0,216.0,107.0,1372.0,88.0,6.972240154938671,3.453841187863137,44.28663653970303,2.8405422853453843,8.038512020976814,-1.0539763653784728,-7.296137339055797,26.0,3131.0,3114.5,0.8348049446139026,1.0,0.0,4.0,1.0,121.0,612.786,49.0,65.0,3.0,1.0,194.0,424.0,1258.0,29.0,40.60684312459652,2.305246422893482,0.3227888960619754,0.0,1.2911555842479017,0.3227888960619754,15.816655907036798,0.9683666881859264,39.05745642349903,0,1,0.0,,-16.94915254237288,0.906148867313916,단양군,영춘면,"('단양군', '영춘면')","('단양군', '영춘면')",영춘면,22776.8,34747.8,22866.9,1011.7,8999.5,4128.0,1137.5,0.0,0.0,0.0,0.0,0.0,0.0,1.0,1.0,2.0,2.0,2.0,7.0,21750.3,16325.0,단양군,영춘면,"('단양군', '영춘면')"
영춘면,4380033000,영춘면,단양군,2024,3082.0,202.0,103.0,1432.0,78.0,6.554185593770279,3.3419857235561325,46.463335496430894,2.530824140168721,8.033334015880062,-0.5164622336991553,-6.481481481481477,28.0,3098.0,3090.0,0.906148867313916,1.0,0.0,4.0,1.0,121.0,612.786,46.0,63.0,2.0,1.0,185.0,455.0,1250.0,36.0,40.55807916937054,2.88,0.3244646333549643,0.0,1.2978585334198574,0.3244646333549643,14.925373134328357,0.6489292667099287,39.26022063595068,0,1,0.0,,-6.122448979591832,-0.0327439423706614,단양군,영춘면,"('단양군', '영춘면')","('단양군', '영춘면')",영춘면,22776.8,34747.8,22866.9,1011.7,8999.5,4128.0,1137.5,0.0,0.0,0.0,0.0,0.0,0.0,1.0,1.0,2.0,2.0,2.0,7.0,21750.3,16325.0,단양군,영춘면,"('단양군', '영춘면')"
오근장동,4311455000,오근장동,청주시,2017,19194.0,5881.0,4297.0,1664.0,3000.0,30.63978326560384,22.38720433468792,8.669375846618735,15.629884338855891,9.862353009177571,0.9997895179962192,-2.8736581337737377,48.0,19004.0,19099.0,0.2513220587465312,16.0,6.0,3.0,1.0,67.0,218.359,181.0,244.0,25.0,14.0,671.0,1260.0,6961.0,559.0,36.26654162759196,8.030455394339894,0.8335938314056475,0.3125976867771178,0.1562988433885589,0.0520996144628529,9.430030217776388,1.3024903615713244,3.4906741690111494,0,0,6.666666666666665,0.0,15.286624203821653,-3.1378546566817844,청주시,오근장동,"('청주시', '오근장동')","('청주시', '오근장동')",오근장동,2566.0,2589.4,950.9,475.1,1814.9,1482.8,219.1,0.0,0.0,20.0,58.0,1.0,1.0,8.0,38.0,0.0,2.0,34.0,173.0,1245.8,2.8,청주시,오근장동,"('청주시', '오근장동')"
오근장동,4311455000,오근장동,청주시,2018,18730.0,5528.0,4073.0,1704.0,2834.0,29.51414842498665,21.74586225306994,9.097704217832357,15.130806193272823,9.837881795438134,-2.4174221110763727,-6.002380547525932,-595.0,19194.0,18962.0,-3.1378546566817844,16.0,6.0,3.0,1.0,67.0,218.359,189.0,238.0,27.0,16.0,690.0,1305.0,7295.0,609.0,38.94821142552056,8.348183687457162,0.8542445274959958,0.3203416978109984,0.1601708489054992,0.0533902829684997,10.09076348104645,1.4415376401494928,3.5771489588894823,0,0,0.0,0.0,4.419889502762442,-0.5019624596160521,청주시,오근장동,"('청주시', '오근장동')","('청주시', '오근장동')",오근장동,2566.0,2589.4,950.9,475.1,1814.9,1482.8,219.1,0.0,0.0,20.0,58.0,1.0,1.0,8.0,38.0,0.0,2.0,34.0,173.0,1245.8,2.8,청주시,오근장동,"('청주시', '오근장동')"
오근장동,4311455000,오근장동,청주시,2019,18723.0,5285.0,4049.0,1786.0,2712.0,28.22731399882497,21.62580782994178,9.539069593548042,14.484858195801957,9.837507993602152,-0.0373731980779501,-4.395803183791602,-94.0,18730.0,18726.5,-0.5019624596160521,15.0,6.0,3.0,1.0,67.0,218.359,191.0,240.0,30.0,16.0,715.0,1378.0,7751.0,728.0,41.39828019014047,9.3923364727132,0.801153661272232,0.3204614645088928,0.1602307322544464,0.0534102440848154,10.201356620199755,1.602307322544464,3.578486353682636,0,0,-6.25,0.0,1.0582010582010692,-2.0254255548373195,청주시,오근장동,"('청주시', '오근장동')","('청주시', '오근장동')",오근장동,2566.0,2589.4,950.9,475.1,1814.9,1482.8,219.1,0.0,0.0,20.0,58.0,1.0,1.0,8.0,38.0,0.0,2.0,34.0,173.0,1245.8,2.8,청주시,오근장동,"('청주시', '오근장동')"
오근장동,4311455000,오근장동,청주시,2021,18290.0,4655.0,3661.0,1964.0,2373.0,25.4510661563696,20.01640240568617,10.73810825587753,12.97430289775834,9.814109741384913,-0.6248302091822922,-5.539772727272729,-166.0,18405.0,18347.5,-0.9047554162692464,14.0,6.0,3.0,1.0,67.0,218.359,212.0,234.0,48.0,20.0,790.0,3054.0,9627.0,814.0,52.63531984691088,8.45538589384024,0.7654455986878075,0.3280481137233461,0.164024056861673,0.0546746856205576,11.59103335155823,2.6243849097867686,3.663203936577364,0,0,-6.666666666666665,0.0,5.472636815920406,-0.9389929163692272,청주시,오근장동,"('청주시', '오근장동')","('청주시', '오근장동')",오근장동,2566.0,2589.4,950.9,475.1,1814.9,1482.8,219.1,0.0,0.0,20.0,58.0,1.0,1.0,8.0,38.0,0.0,2.0,34.0,173.0,1245.8,2.8,청주시,오근장동,"('청주시', '오근장동')"
오근장동,4311455000,오근장동,청주시,2022,18132.0,4390.0,3418.0,2092.0,2207.0,24.211339069049195,18.85065078314582,11.537613059783808,12.1718508713876,9.80543361206074,-0.8638600328048085,-5.69280343716434,-171.0,18290.0,18211.0,-0.9389929163692272,12.0,6.0,3.0,1.0,67.0,218.359,215.0,255.0,66.0,21.0,857.0,3228.0,9895.0,812.0,54.57202735495257,8.206164729661445,0.6618133686300464,0.3309066843150232,0.1654533421575116,0.0551511140525038,11.857489521288333,3.639973527465255,3.695124641517759,0,0,-14.28571428571429,0.0,1.4150943396226356,-1.6849246510593336,청주시,오근장동,"('청주시', '오근장동')","('청주시', '오근장동')",오근장동,2566.0,2589.4,950.9,475.1,1814.9,1482.8,219.1,0.0,0.0,20.0,58.0,1.0,1.0,8.0,38.0,0.0,2.0,34.0,173.0,1245.8,2.8,청주시,오근장동,"('청주시', '오근장동')"
오근장동,4311455000,오근장동,청주시,2023,17834.0,4129.0,3217.0,2241.0,2057.0,23.152405517550743,18.03857799708422,12.56588538746215,11.534148256139956,9.788862026694824,-1.6435031987646176,-5.94533029612756,-303.0,18132.0,17983.0,-1.6849246510593336,12.0,6.0,3.0,1.0,67.0,218.359,204.0,227.0,65.0,16.0,807.0,3340.0,9954.0,769.0,55.814735897723445,7.725537472372915,0.672872042166648,0.336436021083324,0.168218010541662,0.056072670180554,11.438824716833016,3.64472356173601,3.7568689020971178,0,0,0.0,0.0,-5.116279069767438,-1.1283497884344147,청주시,오근장동,"('청주시', '오근장동')","('청주시', '오근장동')",오근장동,2566.0,2589.4,950.9,475.1,1814.9,1482.8,219.1,0.0,0.0,20.0,58.0,1.0,1.0,8.0,38.0,0.0,2.0,34.0,173.0,1245.8,2.8,청주시,오근장동,"('청주시', '오근장동')"
오근장동,4311455000,오근장동,청주시,2024,17616.0,3844.0,3013.0,2434.0,1920.0,21.821071752951863,17.103769300635786,13.816984559491372,10.8991825613079,9.77656285896246,-1.2223842099360782,-6.902397674981831,-200.0,17834.0,17725.0,-1.1283497884344147,12.0,7.0,3.0,1.0,67.0,218.359,189.0,240.0,70.0,19.0,794.0,3511.0,10838.0,757.0,61.52361489554951,6.984683520944824,0.6811989100817438,0.3973660308810173,0.1702997275204359,0.0567665758401453,10.728882833787468,3.973660308810172,3.803360581289737,0,0,0.0,16.666666666666675,-7.352941176470584,-0.8550175278593211,청주시,오근장동,"('청주시', '오근장동')","('청주시', '오근장동')",오근장동,2566.0,2589.4,950.9,475.1,1814.9,1482.8,219.1,0.0,0.0,20.0,58.0,1.0,1.0,8.0,38.0,0.0,2.0,34.0,173.0,1245.8,2.8,청주시,오근장동,"('청주시', '오근장동')"
오송읍,4311325000,오송읍,청주시,2017,21975.0,6591.0,3966.0,2650.0,3377.0,29.993174061433447,18.04778156996587,12.05915813424346,15.367463026166098,9.997660722553375,0.0091020798252294,-2.3989338071968014,-145.0,21973.0,21974.0,-0.6598707563484117,26.0,0.0,5.0,1.0,115.0,409.64,172.0,288.0,39.0,15.0,764.0,1134.0,12234.0,4253.0,55.672354948805456,34.763773091384664,1.1831626848691696,0.0,0.2275312855517633,0.0455062571103526,7.82707622298066,1.7747440273037542,5.233219567690558,0,1,0.0,,10.967741935483865,-0.4598538484303504,청주시,오송읍,"('청주시', '오송읍')","('청주시', '오송읍')",오송읍,2859.1,11418.2,1851.8,462.9,2766.8,970.1,282.0,0.0,0.0,1.0,46.0,0.0,0.0,5.0,25.0,3.0,5.0,12.0,108.0,8020.2,40.0,청주시,오송읍,"('청주시', '오송읍')"
오송읍,4311325000,오송읍,청주시,2018,21952.0,6594.0,3775.0,2734.0,3368.0,30.038265306122447,17.196610787172013,12.454446064139942,15.342565597667637,9.996613530525613,-0.1046643913538147,0.0455166135639562,-101.0,21975.0,21963.5,-0.4598538484303504,26.0,1.0,5.0,1.0,115.0,409.64,184.0,312.0,43.0,15.0,839.0,1217.0,13461.0,4745.0,61.32015306122449,35.249981427828544,1.184402332361516,0.0455539358600583,0.2277696793002915,0.0455539358600583,8.38192419825073,1.958819241982508,5.238702623906706,0,0,0.0,inf,6.976744186046502,-2.76657060518732,청주시,오송읍,"('청주시', '오송읍')","('청주시', '오송읍')",오송읍,2859.1,11418.2,1851.8,462.9,2766.8,970.1,282.0,0.0,0.0,1.0,46.0,0.0,0.0,5.0,25.0,3.0,5.0,12.0,108.0,8020.2,40.0,청주시,오송읍,"('청주시', '오송읍')"
오송읍,4311325000,오송읍,청주시,2019,21423.0,6259.0,3506.0,2825.0,3206.0,29.216262895019373,16.365588386313775,13.186761891425103,14.965224291649164,9.97222039021722,-2.4098032069970854,-5.0803760994843845,-600.0,21952.0,21687.5,-2.76657060518732,26.0,1.0,5.0,1.0,115.0,409.64,185.0,317.0,55.0,15.0,877.0,1289.0,15152.0,5099.0,70.72772254119405,33.652323125659976,1.2136488820426643,0.0466788031554871,0.2333940157774354,0.0466788031554871,8.635578583765112,2.56733417355179,5.368062362881015,0,0,0.0,0.0,0.5434782608695565,9.528039977790115,청주시,오송읍,"('청주시', '오송읍')","('청주시', '오송읍')",오송읍,2859.1,11418.2,1851.8,462.9,2766.8,970.1,282.0,0.0,0.0,1.0,46.0,0.0,0.0,5.0,25.0,3.0,5.0,12.0,108.0,8020.2,40.0,청주시,오송읍,"('청주시', '오송읍')"
오송읍,4311325000,오송읍,청주시,2021,24178.0,7317.0,3512.0,3210.0,3699.0,30.263049052857973,14.525601786748284,13.27653238481264,15.29903217801307,10.093198407761935,2.4404711465130013,3.949424634180998,556.0,23602.0,23890.0,2.3273336123901216,21.0,3.0,5.0,1.0,115.0,409.64,215.0,386.0,72.0,15.0,1073.0,2172.0,19269.0,6633.0,79.69641823145008,34.42316674451191,0.8685581933989578,0.1240797419141368,0.2067995698568947,0.0413599139713789,8.892381503846472,2.977913805939284,4.756390106708578,0,0,-4.545454545454541,200.0,10.256410256410264,1.6252154641713863,청주시,오송읍,"('청주시', '오송읍')","('청주시', '오송읍')",오송읍,2859.1,11418.2,1851.8,462.9,2766.8,970.1,282.0,0.0,0.0,1.0,46.0,0.0,0.0,5.0,25.0,3.0,5.0,12.0,108.0,8020.2,40.0,청주시,오송읍,"('청주시', '오송읍')"
오송읍,4311325000,오송읍,청주시,2024,41899.0,15300.0,5658.0,4481.0,7339.0,36.516384639251534,13.503902241103608,10.694765984868374,17.5159311678083,10.643017239276974,32.650541379092004,35.927505330490405,9976.0,31586.0,36742.5,27.151119276042728,26.0,1.0,5.0,1.0,115.0,409.64,233.0,524.0,59.0,8.0,1302.0,3307.0,24451.0,8702.0,58.35700136041433,35.58954643981841,0.6205398696866273,0.0238669180648702,0.1193345903243514,0.0238669180648702,5.560991909114776,1.4081481658273467,2.7446955774600825,0,0,30.000000000000004,0.0,21.354166666666675,12.995445831994417,청주시,오송읍,"('청주시', '오송읍')","('청주시', '오송읍')",오송읍,2859.1,11418.2,1851.8,462.9,2766.8,970.1,282.0,0.0,0.0,1.0,46.0,0.0,0.0,5.0,25.0,3.0,5.0,12.0,108.0,8020.2,40.0,청주시,오송읍,"('청주시', '오송읍')"
오창읍,4311425300,오창읍,청주시,2017,62477.0,22950.0,13628.0,4319.0,10398.0,36.73351793459994,21.81282712038029,6.912943963378523,16.642924596251422,11.042553767995877,4.925769179094441,3.860252522966912,2061.0,59544.0,61010.5,3.378107047147622,71.0,1.0,11.0,2.0,218.0,801.484,531.0,877.0,55.0,9.0,2100.0,3702.0,29072.0,14101.0,46.53232389519344,48.50371491469455,1.1364182018982985,0.0160058901675816,0.1760647918433983,0.0320117803351633,8.499127678985866,0.8803239592169919,3.4892840565328043,0,0,1.4285714285714235,0.0,26.12826603325416,6.972944362194214,청주시,오창읍,"('청주시', '오창읍')","('청주시', '오창읍')",오창읍,1247.5,8864.8,515.5,361.9,1457.1,950.5,192.2,1.0,3.0,13.0,61.0,0.0,1.0,6.0,45.0,4.0,5.0,23.0,173.0,4632.6,6.0,청주시,오창읍,"('청주시', '오창읍')"
오창읍,4311425300,오창읍,청주시,2018,67884.0,25101.0,14661.0,4581.0,11286.0,36.97631253314478,21.59713629132049,6.748276471628071,16.625419833834187,11.125555645131156,8.654384813611404,9.372549019607844,4545.0,62477.0,65180.5,6.972944362194214,75.0,1.0,11.0,2.0,218.0,801.484,547.0,923.0,58.0,10.0,2207.0,4000.0,31833.0,15234.0,46.89322962701078,47.85599849213081,1.1048258794414,0.0147310117258853,0.1620411289847386,0.0294620234517706,8.057863414059279,0.8543986801013493,3.211360556243003,0,0,5.633802816901401,0.0,3.0131826741996326,0.305694101127704,청주시,오창읍,"('청주시', '오창읍')","('청주시', '오창읍')",오창읍,1247.5,8864.8,515.5,361.9,1457.1,950.5,192.2,1.0,3.0,13.0,61.0,0.0,1.0,6.0,45.0,4.0,5.0,23.0,173.0,4632.6,6.0,청주시,오창읍,"('청주시', '오창읍')"
오창읍,4311425300,오창읍,청주시,2019,68854.0,24746.0,14645.0,4807.0,11017.0,35.9398146803381,21.26964301275162,6.981438986841723,16.00052284544108,11.139743599782216,1.428908137410878,-1.4142862834150003,209.0,67884.0,68369.0,0.305694101127704,83.0,2.0,12.0,2.0,218.0,801.484,557.0,978.0,62.0,13.0,2326.0,4262.0,33202.0,14988.0,48.2208731518866,45.14185892416119,1.205449211374793,0.0290469689487901,0.1742818136927411,0.0290469689487901,8.089580852238068,0.9004560374124959,3.166119615418131,0,0,10.666666666666668,100.0,1.8281535648994485,0.8177368269507631,청주시,오창읍,"('청주시', '오창읍')","('청주시', '오창읍')",오창읍,1247.5,8864.8,515.5,361.9,1457.1,950.5,192.2,1.0,3.0,13.0,61.0,0.0,1.0,6.0,45.0,4.0,5.0,23.0,173.0,4632.6,6.0,청주시,오창읍,"('청주시', '오창읍')"
오창읍,4311425300,오창읍,청주시,2021,70536.0,23949.0,14120.0,5573.0,10423.0,33.95287512759442,20.018146761937167,7.900930021549279,14.7768515368039,11.163878496766865,0.6707961065281376,-2.288861689106492,-51.0,70066.0,70301.0,-0.0725451985035774,90.0,2.0,14.0,2.0,218.0,801.484,631.0,1124.0,101.0,17.0,2704.0,6624.0,37448.0,16551.0,53.09062039242372,44.19728690450759,1.2759441987070432,0.0283543155268231,0.1984802086877622,0.0283543155268231,8.945786548712714,1.4318929341045707,3.0906203924237268,0,0,-1.098901098901095,-33.333333333333336,8.793103448275863,-1.8778538812785388,청주시,오창읍,"('청주시', '오창읍')","('청주시', '오창읍')",오창읍,1247.5,8864.8,515.5,361.9,1457.1,950.5,192.2,1.0,3.0,13.0,61.0,0.0,1.0,6.0,45.0,4.0,5.0,23.0,173.0,4632.6,6.0,청주시,오창읍,"('청주시', '오창읍')"
오창읍,4311425300,오창읍,청주시,2022,69624.0,22320.0,13431.0,5882.0,9598.0,32.057911065149945,19.2907618062737,8.44823624037688,13.785476272549696,11.15086461446935,-1.2929567880231363,-6.801954152574218,-1316.0,70536.0,70080.0,-1.8778538812785388,86.0,3.0,14.0,2.0,218.0,801.484,644.0,1196.0,127.0,21.0,2885.0,6882.0,38273.0,16849.0,54.97098701597151,44.0232017349045,1.2352062507181434,0.0430885901413305,0.2010800873262093,0.028725726760887,9.249684017005633,1.824083649316328,3.1311042169366887,0,0,-4.444444444444439,50.0,2.060221870047552,-2.1885704767491543,청주시,오창읍,"('청주시', '오창읍')","('청주시', '오창읍')",오창읍,1247.5,8864.8,515.5,361.9,1457.1,950.5,192.2,1.0,3.0,13.0,61.0,0.0,1.0,6.0,45.0,4.0,5.0,23.0,173.0,4632.6,6.0,청주시,오창읍,"('청주시', '오창읍')"
오창읍,4311425300,오창읍,청주시,2023,68457.0,20977.0,12680.0,6177.0,8989.0,30.6425931606702,18.52257621572666,9.023182435689558,13.13087047343588,11.133961089914534,-1.6761461564977598,-6.017025089605732,-1511.0,69624.0,69040.5,-2.1885704767491543,84.0,3.0,14.0,2.0,218.0,801.484,615.0,1124.0,111.0,17.0,2765.0,7208.0,38769.0,17346.0,56.632630702484775,44.74193298769635,1.2270476357421447,0.0438231298479337,0.2045079392903574,0.0292154198986224,8.983741618826418,1.6214558043735483,3.1844807689498515,0,0,-2.3255813953488413,0.0,-4.503105590062106,-0.2290583077405659,청주시,오창읍,"('청주시', '오창읍')","('청주시', '오창읍')",오창읍,1247.5,8864.8,515.5,361.9,1457.1,950.5,192.2,1.0,3.0,13.0,61.0,0.0,1.0,6.0,45.0,4.0,5.0,23.0,173.0,4632.6,6.0,청주시,오창읍,"('청주시', '오창읍')"
오창읍,4311425300,오창읍,청주시,2024,68626.0,20335.0,12156.0,6533.0,8766.0,29.631626497245943,17.71340308337948,9.519715559700405,12.77358435578352,11.13642675065466,0.2468702981433645,-3.060494827668403,-157.0,68457.0,68541.5,-0.2290583077405659,79.0,3.0,14.0,2.0,218.0,801.484,610.0,1102.0,129.0,22.0,2731.0,7296.0,39230.0,17421.0,57.164922915513074,44.40734132041805,1.151167196106432,0.0437152099787252,0.2040043132340512,0.0291434733191501,8.888759362340805,1.8797540290851864,3.17663859178737,0,0,-5.952380952380953,0.0,-0.8130081300813052,-1.704553782116109,청주시,오창읍,"('청주시', '오창읍')","('청주시', '오창읍')",오창읍,1247.5,8864.8,515.5,361.9,1457.1,950.5,192.2,1.0,3.0,13.0,61.0,0.0,1.0,6.0,45.0,4.0,5.0,23.0,173.0,4632.6,6.0,청주시,오창읍,"('청주시', '오창읍')"
옥산면,4311332000,옥산면,청주시,2017,12526.0,3557.0,1901.0,1951.0,1663.0,28.396934376496887,15.176433019319816,15.575602746287723,13.27638511895258,9.435561763085358,13.686694499909247,21.773365285861,1414.0,11018.0,11772.0,12.01155283724091,7.0,0.0,3.0,1.0,89.0,552.226,102.0,148.0,16.0,8.0,373.0,867.0,16665.0,13306.0,133.04326999840333,79.84398439843984,0.5588376177550695,0.0,0.239501836180744,0.0798339453935813,8.143062430145298,1.2773431262973016,7.10522114002874,0,1,0.0,,17.24137931034482,-1.9537688442211056,청주시,옥산면,"('청주시', '옥산면')","('청주시', '옥산면')",옥산면,6016.4,8010.3,2304.0,650.3,2760.9,1746.6,678.8,0.0,0.0,3.0,52.0,0.0,0.0,4.0,36.0,1.0,1.0,13.0,148.0,5104.6,36.8,청주시,옥산면,"('청주시', '옥산면')"
옥산면,4311332000,옥산면,청주시,2019,17133.0,5384.0,2770.0,2275.0,2505.0,31.4247358898033,16.16762972042258,13.278468452693632,14.620907021537382,9.748761707332973,38.73997894566361,58.4927877539005,4716.0,12349.0,14741.0,31.99240214368089,12.0,0.0,4.0,1.0,89.0,552.226,110.0,171.0,17.0,8.0,425.0,1076.0,19259.0,15059.0,112.40880172766008,78.19201412326704,0.7004027315706531,0.0,0.2334675771902177,0.0583668942975544,6.420358372730987,0.9922372030584252,5.194653592482345,0,1,0.0,,1.85185185185186,4.3355807800631565,청주시,옥산면,"('청주시', '옥산면')","('청주시', '옥산면')",옥산면,6016.4,8010.3,2304.0,650.3,2760.9,1746.6,678.8,0.0,0.0,3.0,52.0,0.0,0.0,4.0,36.0,1.0,1.0,13.0,148.0,5104.6,36.8,청주시,옥산면,"('청주시', '옥산면')"
옥산면,4311332000,옥산면,청주시,2021,17932.0,5237.0,2967.0,2506.0,2461.0,29.20477358911443,16.545839839393263,13.975016729868392,13.72406870399286,9.79434210527533,-0.4773004773004796,-4.989114658925975,-177.0,18018.0,17975.0,-0.9847009735744088,18.0,0.0,4.0,1.0,89.0,552.226,136.0,214.0,31.0,10.0,540.0,1620.0,21030.0,15247.0,117.27637742583092,72.50118877793628,1.0037921035021191,0.0,0.2230649118893598,0.0557662279723399,7.584207004238232,1.7287530671425386,4.963194289538256,0,1,0.0,,11.475409836065564,-1.0911532650663085,청주시,옥산면,"('청주시', '옥산면')","('청주시', '옥산면')",옥산면,6016.4,8010.3,2304.0,650.3,2760.9,1746.6,678.8,0.0,0.0,3.0,52.0,0.0,0.0,4.0,36.0,1.0,1.0,13.0,148.0,5104.6,36.8,청주시,옥산면,"('청주시', '옥산면')"
옥산면,4311332000,옥산면,청주시,2022,17810.0,4837.0,2904.0,2661.0,2289.0,27.15889949466592,16.30544637843908,14.94104435710275,12.852330151600224,9.787515376283707,-0.6803479812625524,-7.637960664502574,-195.0,17932.0,17871.0,-1.0911532650663085,18.0,0.0,4.0,1.0,89.0,552.226,134.0,227.0,36.0,10.0,563.0,1713.0,22392.0,16327.0,125.72711959573272,72.91443372633083,1.0106681639528354,0.0,0.2245929253228523,0.056148231330713,7.523862998315552,2.021336327905671,4.997192588433465,0,1,0.0,,-1.4705882352941124,-1.6730252932033347,청주시,옥산면,"('청주시', '옥산면')","('청주시', '옥산면')",옥산면,6016.4,8010.3,2304.0,650.3,2760.9,1746.6,678.8,0.0,0.0,3.0,52.0,0.0,0.0,4.0,36.0,1.0,1.0,13.0,148.0,5104.6,36.8,청주시,옥산면,"('청주시', '옥산면')"
옥산면,4311332000,옥산면,청주시,2023,17575.0,4515.0,2756.0,2810.0,2122.0,25.689900426742536,15.68136557610242,15.988620199146514,12.073968705547651,9.774232716678863,-1.3194834362717622,-6.657018813314042,-296.0,17810.0,17692.5,-1.6730252932033347,17.0,0.0,4.0,1.0,89.0,552.226,124.0,219.0,19.0,2.0,521.0,1747.0,20108.0,14072.0,114.41251778093884,69.98209667793913,0.9672830725462304,0.0,0.2275960170697012,0.0568990042674253,7.055476529160739,1.0810810810810811,5.064011379800854,0,1,-5.555555555555558,,-7.462686567164178,-2.564028859697031,청주시,옥산면,"('청주시', '옥산면')","('청주시', '옥산면')",옥산면,6016.4,8010.3,2304.0,650.3,2760.9,1746.6,678.8,0.0,0.0,3.0,52.0,0.0,0.0,4.0,36.0,1.0,1.0,13.0,148.0,5104.6,36.8,청주시,옥산면,"('청주시', '옥산면')"
옥산면,4311332000,옥산면,청주시,2024,17214.0,4216.0,2648.0,2973.0,2016.0,24.491692808179387,15.382827930754036,17.270826071802023,11.71139769954688,9.75347828520942,-2.054054054054056,-6.622369878183831,-446.0,17575.0,17394.5,-2.564028859697031,17.0,0.0,4.0,1.0,89.0,552.226,121.0,223.0,21.0,2.0,512.0,1816.0,19278.0,13891.0,111.99024050191704,72.05622989936715,0.9875682583943302,0.0,0.2323690019751365,0.0580922504937841,7.029162309747879,1.2199372603694667,5.170210293946788,0,1,0.0,,-2.419354838709676,-2.681485401781776,청주시,옥산면,"('청주시', '옥산면')","('청주시', '옥산면')",옥산면,6016.4,8010.3,2304.0,650.3,2760.9,1746.6,678.8,0.0,0.0,3.0,52.0,0.0,0.0,4.0,36.0,1.0,1.0,13.0,148.0,5104.6,36.8,청주시,옥산면,"('청주시', '옥산면')"
옥천읍,4373025000,옥천읍,옥천군,2017,29305.0,6526.0,3970.0,5245.0,3061.0,22.269237331513395,13.547176249786729,17.897969629756012,10.445316498890977,10.28551342891053,-0.9464255534899492,-3.002378121284188,-239.0,29585.0,29445.0,-0.8116827984377654,23.0,6.0,8.0,4.0,180.0,464.904,470.0,504.0,43.0,45.0,1472.0,2675.0,13072.0,3092.0,44.60672240232043,23.65361077111384,0.7848490018768128,0.2047432178809077,0.2729909571745436,0.1364954785872718,16.038218734004438,1.4673263948131718,6.142296536427231,0,0,0.0,0.0,10.328638497652577,0.7625791516306938,옥천군,옥천읍,"('옥천군', '옥천읍')","('옥천군', '옥천읍')",옥천읍,1372.3,2701.9,866.5,437.7,1464.9,1083.2,231.2,2.0,3.0,3.0,5.0,4.0,4.0,4.0,8.0,5.0,8.0,12.0,22.0,919.4,10.2,옥천군,옥천읍,"('옥천군', '옥천읍')"
옥천읍,4373025000,옥천읍,옥천군,2018,29443.0,6425.0,3858.0,5488.0,3008.0,21.821825221614645,13.103284312060593,18.63940495194104,10.216350236049315,10.290211469825053,0.470909401126085,-1.547655531719272,224.0,29305.0,29374.0,0.7625791516306938,22.0,6.0,8.0,4.0,180.0,464.904,490.0,523.0,48.0,45.0,1540.0,2723.0,13635.0,3181.0,46.30981897225147,23.32966629996333,0.7472064667323303,0.20378358183609,0.27171144244812,0.13585572122406,16.642325849947355,1.6302686546887206,6.1135074550827015,0,0,-4.347826086956519,0.0,4.255319148936176,-0.3646898432174505,옥천군,옥천읍,"('옥천군', '옥천읍')","('옥천군', '옥천읍')",옥천읍,1372.3,2701.9,866.5,437.7,1464.9,1083.2,231.2,2.0,3.0,3.0,5.0,4.0,4.0,4.0,8.0,5.0,8.0,12.0,22.0,919.4,10.2,옥천군,옥천읍,"('옥천군', '옥천읍')"
옥천읍,4373025000,옥천읍,옥천군,2019,29237.0,6203.0,3722.0,5718.0,2928.0,21.21626705886377,12.730444300030785,19.55741013099839,10.014707391319218,10.283190309420853,-0.6996569643039074,-3.4552529182879432,-107.0,29443.0,29340.0,-0.3646898432174505,22.0,6.0,8.0,4.0,180.0,464.904,497.0,555.0,53.0,45.0,1604.0,2770.0,13987.0,3229.0,47.8400656702124,23.085722456566813,0.752471183773985,0.2052194137565413,0.2736258850087218,0.1368129425043609,16.99900810616684,1.8127714881827823,6.156582412696241,0,0,0.0,0.0,1.4285714285714235,-0.5393891503761982,옥천군,옥천읍,"('옥천군', '옥천읍')","('옥천군', '옥천읍')",옥천읍,1372.3,2701.9,866.5,437.7,1464.9,1083.2,231.2,2.0,3.0,3.0,5.0,4.0,4.0,4.0,8.0,5.0,8.0,12.0,22.0,919.4,10.2,옥천군,옥천읍,"('옥천군', '옥천읍')"
옥천읍,4373025000,옥천읍,옥천군,2021,29064.0,5730.0,3526.0,6300.0,2701.0,19.71511147811725,12.131846958436554,21.67630057803468,9.29328378750344,10.277255573901035,0.3002381198881965,-2.996444895886241,341.0,28977.0,29020.5,1.175031443290088,20.0,6.0,8.0,4.0,180.0,464.904,541.0,582.0,62.0,48.0,1723.0,4662.0,16866.0,3344.0,58.03055326176714,19.82687062729752,0.6881365262868154,0.2064409578860445,0.2752546105147261,0.137627305257363,18.61409303605836,2.1332232314891275,6.193228736581338,0,0,5.263157894736836,0.0,5.048543689320395,-0.7625782075945856,옥천군,옥천읍,"('옥천군', '옥천읍')","('옥천군', '옥천읍')",옥천읍,1372.3,2701.9,866.5,437.7,1464.9,1083.2,231.2,2.0,3.0,3.0,5.0,4.0,4.0,4.0,8.0,5.0,8.0,12.0,22.0,919.4,10.2,옥천군,옥천읍,"('옥천군', '옥천읍')"
옥천읍,4373025000,옥천읍,옥천군,2022,28635.0,5379.0,3239.0,6624.0,2510.0,18.784704033525408,11.311332285664395,23.132530120481928,8.765496769687447,10.262385024827958,-1.4760528488852231,-6.125654450261775,-220.0,29064.0,28849.5,-0.7625782075945856,16.0,6.0,8.0,4.0,180.0,464.904,554.0,614.0,69.0,50.0,1787.0,4827.0,17208.0,3533.0,60.09429020429544,20.53114830311483,0.5587567661952156,0.2095337873232058,0.2793783830976078,0.1396891915488039,19.346953029509343,2.409638554216868,6.286013619696176,0,0,-20.0,0.0,2.402957486136792,-0.5373700477662264,옥천군,옥천읍,"('옥천군', '옥천읍')","('옥천군', '옥천읍')",옥천읍,1372.3,2701.9,866.5,437.7,1464.9,1083.2,231.2,2.0,3.0,3.0,5.0,4.0,4.0,4.0,8.0,5.0,8.0,12.0,22.0,919.4,10.2,옥천군,옥천읍,"('옥천군', '옥천읍')"
옥천읍,4373025000,옥천읍,옥천군,2023,28309.0,5202.0,3025.0,6827.0,2413.0,18.37578155356954,10.685647673884633,24.116005510615,8.523791020523507,10.250935054274718,-1.1384669111227486,-3.290574456218631,-153.0,28635.0,28472.0,-0.5373700477662264,15.0,6.0,8.0,4.0,180.0,464.904,500.0,598.0,36.0,11.0,1638.0,4985.0,17285.0,3255.0,61.05832067540358,18.83135666763089,0.5298668268041965,0.2119467307216785,0.2825956409622381,0.141297820481119,17.662227560139886,1.2716803843300717,6.3584019216503584,0,0,-6.25,0.0,-9.747292418772568,-0.1738174207623135,옥천군,옥천읍,"('옥천군', '옥천읍')","('옥천군', '옥천읍')",옥천읍,1372.3,2701.9,866.5,437.7,1464.9,1083.2,231.2,2.0,3.0,3.0,5.0,4.0,4.0,4.0,8.0,5.0,8.0,12.0,22.0,919.4,10.2,옥천군,옥천읍,"('옥천군', '옥천읍')"
옥천읍,4373025000,옥천읍,옥천군,2024,28072.0,5044.0,2841.0,7115.0,2341.0,17.968082074665144,10.120404673696209,25.345540039897408,8.339270447420917,10.24252791726305,-0.8371895863506285,-3.037293348712033,-49.0,28309.0,28190.5,-0.1738174207623135,12.0,6.0,8.0,4.0,180.0,464.904,504.0,620.0,37.0,15.0,1670.0,5032.0,17937.0,3534.0,63.89640923339983,19.702291353069075,0.4274722143060701,0.213736107153035,0.2849814762040467,0.1424907381020233,17.953833000854942,1.3180393274437163,6.412083214591052,0,0,-20.0,0.0,0.8000000000000007,4.955912591921374,옥천군,옥천읍,"('옥천군', '옥천읍')","('옥천군', '옥천읍')",옥천읍,1372.3,2701.9,866.5,437.7,1464.9,1083.2,231.2,2.0,3.0,3.0,5.0,4.0,4.0,4.0,8.0,5.0,8.0,12.0,22.0,919.4,10.2,옥천군,옥천읍,"('옥천군', '옥천읍')"
용담명암산성동,4311169000,용담.명암.산성동,청주시,2018,14092.0,3559.0,2768.0,1387.0,1788.0,25.25546409310247,19.642350269656543,9.842463809253475,12.68804995742265,9.553362539461128,22.528475784714374,30.175566934893936,2563.0,11501.0,12796.5,20.02891415621459,12.0,2.0,3.0,1.0,36.0,84.315,103.0,184.0,14.0,4.0,446.0,722.0,2932.0,17.0,20.80613113823446,0.5798090040927694,0.8515469770082317,0.1419244961680386,0.2128867442520579,0.0709622480840193,7.309111552653987,0.9934714731762702,2.5546409310246947,0,0,0.0,0.0,8.421052631578952,-0.8181268452317434,청주시,용담명암산성동,"('청주시', '용담명암산성동')","('청주시', '용담명암산성동')",용담·명암·산성동,1565.6,1564.4,1376.7,30.2,1637.6,585.0,54.3,5.0,13.0,47.0,57.0,0.0,10.0,19.0,32.0,6.0,28.0,105.0,168.0,1522.4,1336.2,청주시,용담명암산성동,"('청주시', '용담명암산성동')"
용담명암산성동,4311169000,용담.명암.산성동,청주시,2019,14021.0,3406.0,2691.0,1413.0,1701.0,24.292133228728336,19.19263961201056,10.077740532059051,12.131802296555168,9.54831148472113,-0.5038319613965392,-4.298960382129813,-115.0,14092.0,14056.5,-0.8181268452317434,11.0,2.0,3.0,1.0,36.0,84.315,105.0,186.0,16.0,4.0,456.0,731.0,2958.0,16.0,21.09692603951216,0.5409060175794456,0.7845374794950432,0.1426431780900078,0.2139647671350117,0.0713215890450039,7.488766849725411,1.1411454247200628,2.5675772056201414,0,0,-8.333333333333337,0.0,1.941747572815533,-3.5109354031409814,청주시,용담명암산성동,"('청주시', '용담명암산성동')","('청주시', '용담명암산성동')",용담·명암·산성동,1565.6,1564.4,1376.7,30.2,1637.6,585.0,54.3,5.0,13.0,47.0,57.0,0.0,10.0,19.0,32.0,6.0,28.0,105.0,168.0,1522.4,1336.2,청주시,용담명암산성동,"('청주시', '용담명암산성동')"
용담명암산성동,4311169000,용담.명암.산성동,청주시,2021,13402.0,2977.0,2528.0,1546.0,1465.0,22.21310252201164,18.862856290105952,11.535591702730937,10.93120429786599,9.503159228533116,-1.0922509225092305,-3.936753791545655,-154.0,13550.0,13476.0,-1.1427723360047493,9.0,2.0,3.0,1.0,36.0,84.315,112.0,205.0,34.0,3.0,523.0,1010.0,3479.0,41.0,25.958812117594388,1.178499568841621,0.6715415609610507,0.1492314579913445,0.2238471869870168,0.0746157289956722,8.356961647515297,2.536934785852858,2.6861662438442027,0,0,0.0,0.0,4.672897196261672,-2.1048660882685777,청주시,용담명암산성동,"('청주시', '용담명암산성동')","('청주시', '용담명암산성동')",용담·명암·산성동,1565.6,1564.4,1376.7,30.2,1637.6,585.0,54.3,5.0,13.0,47.0,57.0,0.0,10.0,19.0,32.0,6.0,28.0,105.0,168.0,1522.4,1336.2,청주시,용담명암산성동,"('청주시', '용담명암산성동')"
용담명암산성동,4311169000,용담.명암.산성동,청주시,2022,13108.0,2739.0,2318.0,1671.0,1326.0,20.895636252670123,17.68385718645102,12.747940189197438,10.115959719255416,9.480978009818704,-2.193702432472766,-7.994625461874372,-279.0,13402.0,13255.0,-2.1048660882685777,9.0,0.0,3.0,1.0,36.0,84.315,123.0,205.0,42.0,3.0,543.0,1012.0,3373.0,45.0,25.732377174244736,1.3341239252890602,0.68660360085444,0.0,0.22886786695148,0.0762892889838266,9.38358254501068,3.2041501373207204,2.74641440341776,0,1,0.0,-100.0,9.82142857142858,-1.2837266507802292,청주시,용담명암산성동,"('청주시', '용담명암산성동')","('청주시', '용담명암산성동')",용담·명암·산성동,1565.6,1564.4,1376.7,30.2,1637.6,585.0,54.3,5.0,13.0,47.0,57.0,0.0,10.0,19.0,32.0,6.0,28.0,105.0,168.0,1522.4,1336.2,청주시,용담명암산성동,"('청주시', '용담명암산성동')"
용담명암산성동,4311169000,용담.명암.산성동,청주시,2023,12910.0,2617.0,2161.0,1729.0,1249.0,20.27110766847405,16.738962044926414,13.392718822618123,9.67467079783114,9.465757483840688,-1.5105279218797674,-4.4541803577948125,-167.0,13108.0,13009.0,-1.2837266507802292,8.0,0.0,3.0,1.0,36.0,84.315,111.0,208.0,48.0,2.0,543.0,1054.0,3426.0,44.0,26.53756777691712,1.284296555750146,0.6196746707978311,0.0,0.2323780015491866,0.0774593338497288,8.597986057319908,3.718048024786986,2.78853601859024,0,1,-11.111111111111116,,-9.756097560975608,-1.8786692759295496,청주시,용담명암산성동,"('청주시', '용담명암산성동')","('청주시', '용담명암산성동')",용담·명암·산성동,1565.6,1564.4,1376.7,30.2,1637.6,585.0,54.3,5.0,13.0,47.0,57.0,0.0,10.0,19.0,32.0,6.0,28.0,105.0,168.0,1522.4,1336.2,청주시,용담명암산성동,"('청주시', '용담명암산성동')"
용담명암산성동,4311169000,용담.명암.산성동,청주시,2024,12640.0,2471.0,2037.0,1771.0,1170.0,19.549050632911392,16.115506329113924,14.011075949367088,9.25632911392405,9.444621667700847,-2.091402013942678,-5.5789071455865535,-240.0,12910.0,12775.0,-1.8786692759295496,8.0,0.0,3.0,1.0,36.0,84.315,108.0,198.0,52.0,2.0,549.0,1057.0,3071.0,30.0,24.295886075949365,0.976880494952784,0.6329113924050633,0.0,0.2373417721518987,0.0791139240506329,8.544303797468354,4.113924050632912,2.848101265822785,0,1,0.0,,-2.7027027027026973,-1.6840929044616488,청주시,용담명암산성동,"('청주시', '용담명암산성동')","('청주시', '용담명암산성동')",용담·명암·산성동,1565.6,1564.4,1376.7,30.2,1637.6,585.0,54.3,5.0,13.0,47.0,57.0,0.0,10.0,19.0,32.0,6.0,28.0,105.0,168.0,1522.4,1336.2,청주시,용담명암산성동,"('청주시', '용담명암산성동')"
용두동,4315056000,용두동,제천시,2017,17742.0,4771.0,2300.0,2301.0,2237.0,26.890993123661367,12.963589223311915,12.969225566452486,12.60849960545598,9.783689989080532,-3.250081797360671,-4.599080183963212,-572.0,18338.0,18040.0,-3.1707317073170733,11.0,0.0,3.0,1.0,126.0,150.622,139.0,248.0,40.0,9.0,576.0,1163.0,8491.0,3649.0,47.85818960658325,42.97491461547521,0.6199977454627438,0.0,0.1690902942171119,0.0563634314057039,7.834516965392853,2.254537256228159,7.101792357118701,0,1,0.0,,14.876033057851236,-0.6677607379322054,제천시,용두동,"('제천시', '용두동')","('제천시', '용두동')",용두동,2966.9,2978.1,1864.1,293.6,2357.5,1696.7,338.1,0.0,0.0,6.0,9.0,1.0,2.0,8.0,12.0,1.0,6.0,17.0,31.0,1673.4,20.4,제천시,용두동,"('제천시', '용두동')"
용두동,4315056000,용두동,제천시,2018,17600.0,4720.0,2306.0,2376.0,2247.0,26.81818181818182,13.102272727272728,13.5,12.767045454545457,9.775654181026242,-0.8003607259609913,-1.068958289666733,-118.0,17742.0,17671.0,-0.6677607379322054,11.0,0.0,3.0,1.0,126.0,150.622,149.0,260.0,44.0,9.0,622.0,1194.0,8905.0,4072.0,50.596590909090914,45.72711959573274,0.625,0.0,0.1704545454545454,0.0568181818181818,8.465909090909092,2.5,7.159090909090909,0,1,0.0,,7.194244604316546,3.0806284482034334,제천시,용두동,"('제천시', '용두동')","('제천시', '용두동')",용두동,2966.9,2978.1,1864.1,293.6,2357.5,1696.7,338.1,0.0,0.0,6.0,9.0,1.0,2.0,8.0,12.0,1.0,6.0,17.0,31.0,1673.4,20.4,제천시,용두동,"('제천시', '용두동')"
용두동,4315056000,용두동,제천시,2019,18107.0,5019.0,2253.0,2509.0,2348.0,27.718561882145025,12.442701717567791,13.856519578063734,12.967360689236209,9.804053882820645,2.8806818181818183,6.334745762711869,550.0,17600.0,17853.5,3.0806284482034334,11.0,0.0,3.0,1.0,126.0,150.622,158.0,272.0,48.0,10.0,652.0,1256.0,9697.0,4483.0,53.55387419230132,46.230793028771785,0.6074998619318496,0.0,0.165681780526868,0.0552272601756226,8.725907107748386,2.650908488429889,6.958634782128459,0,1,0.0,,6.040268456375841,-0.5596032911322271,제천시,용두동,"('제천시', '용두동')","('제천시', '용두동')",용두동,2966.9,2978.1,1864.1,293.6,2357.5,1696.7,338.1,0.0,0.0,6.0,9.0,1.0,2.0,8.0,12.0,1.0,6.0,17.0,31.0,1673.4,20.4,제천시,용두동,"('제천시', '용두동')"
용두동,4315056000,용두동,제천시,2021,17816.0,4691.0,2100.0,2806.0,2139.0,26.33026493039964,11.787157611136058,15.749887741356083,12.006061966771442,9.787852208937204,-0.967204002223454,-2.2300958732805354,-170.0,17990.0,17903.0,-0.9495615260012288,10.0,0.0,3.0,1.0,126.0,150.622,181.0,290.0,62.0,13.0,743.0,1708.0,10174.0,4507.0,57.10597215985631,44.2991940239827,0.5612932195779076,0.0,0.1683879658733722,0.0561293219577907,10.159407274360126,3.480017961383026,7.072294566681635,0,1,0.0,,9.036144578313255,3.2882920224377576,제천시,용두동,"('제천시', '용두동')","('제천시', '용두동')",용두동,2966.9,2978.1,1864.1,293.6,2357.5,1696.7,338.1,0.0,0.0,6.0,9.0,1.0,2.0,8.0,12.0,1.0,6.0,17.0,31.0,1673.4,20.4,제천시,용두동,"('제천시', '용두동')"
용두동,4315056000,용두동,제천시,2022,18373.0,4862.0,2021.0,3009.0,2263.0,26.462744244271484,10.99983671692157,16.377292766559627,12.316986882926033,9.818637474619734,3.1264032330489355,3.6452781922830857,595.0,17816.0,18094.5,3.2882920224377576,10.0,0.0,3.0,2.0,126.0,150.622,183.0,301.0,73.0,13.0,770.0,1759.0,10389.0,4729.0,56.54493006041474,45.51929925883146,0.5442769281010178,0.0,0.1632830784303053,0.1088553856202035,9.960267784248629,3.97322157513743,6.857889294072824,0,1,0.0,,1.104972375690605,2.0681297966877605,제천시,용두동,"('제천시', '용두동')","('제천시', '용두동')",용두동,2966.9,2978.1,1864.1,293.6,2357.5,1696.7,338.1,0.0,0.0,6.0,9.0,1.0,2.0,8.0,12.0,1.0,6.0,17.0,31.0,1673.4,20.4,제천시,용두동,"('제천시', '용두동')"
용두동,4315056000,용두동,제천시,2023,18762.0,5251.0,1931.0,3211.0,2440.0,27.9874213836478,10.29207973563586,17.1143801300501,13.005010126852149,9.839588826685896,2.1172372503129644,8.000822706705058,384.0,18373.0,18567.5,2.0681297966877605,10.0,0.0,3.0,2.0,126.0,150.622,157.0,295.0,34.0,4.0,685.0,1810.0,10922.0,5161.0,58.21341008421277,47.25325032045413,0.5329922183136127,0.0,0.1598976654940838,0.1065984436627225,8.367977827523719,1.812173542266283,6.715701950751519,0,1,0.0,,-14.207650273224049,-1.2343691300381046,제천시,용두동,"('제천시', '용두동')","('제천시', '용두동')",용두동,2966.9,2978.1,1864.1,293.6,2357.5,1696.7,338.1,0.0,0.0,6.0,9.0,1.0,2.0,8.0,12.0,1.0,6.0,17.0,31.0,1673.4,20.4,제천시,용두동,"('제천시', '용두동')"
용두동,4315056000,용두동,제천시,2024,18504.0,5160.0,1848.0,3383.0,2408.0,27.88586251621271,9.987029831387808,18.282533506268912,13.013402507565932,9.825742203911275,-1.375119923249124,-1.7330032374785809,-230.0,18762.0,18633.0,-1.2343691300381046,9.0,0.0,3.0,3.0,126.0,150.622,159.0,301.0,39.0,4.0,688.0,1775.0,10641.0,5244.0,57.50648508430609,49.28108260501832,0.4863813229571984,0.0,0.1621271076523994,0.1621271076523994,8.592736705577174,2.1076523994811933,6.809338521400779,0,1,-9.999999999999998,,1.273885350318471,4.929150064648917,제천시,용두동,"('제천시', '용두동')","('제천시', '용두동')",용두동,2966.9,2978.1,1864.1,293.6,2357.5,1696.7,338.1,0.0,0.0,6.0,9.0,1.0,2.0,8.0,12.0,1.0,6.0,17.0,31.0,1673.4,20.4,제천시,용두동,"('제천시', '용두동')"
용산동,4313055000,용산동,충주시,2017,16398.0,3990.0,2714.0,1890.0,1938.0,24.3322356384925,16.55079887791194,11.525795828759604,11.81851445298207,9.704914655156124,-1.2822828246342732,-2.7303754266211566,-258.0,16611.0,16504.5,-1.5632100336271926,12.0,0.0,4.0,0.0,29.0,18.997,86.0,174.0,52.0,10.0,456.0,843.0,2533.0,59.0,15.44700573240639,2.329253849190683,0.7317965605561654,0.0,0.2439321868520551,0.0,5.244542017319186,3.1711184290767163,1.7685083546773996,1,1,0.0,,13.157894736842104,2.972972972972973,충주시,용산동,"('충주시', '용산동')","('충주시', '용산동')",용산동,3009.7,3788.7,1711.6,1163.5,1703.6,1516.5,183.8,0.0,0.0,1.0,11.0,0.0,0.0,8.0,10.0,0.0,1.0,14.0,29.0,3788.7,1711.6,충주시,용산동,"('충주시', '용산동')"
용산동,4313055000,용산동,충주시,2018,16902.0,4046.0,2725.0,1984.0,1961.0,23.93799550349071,16.122352384333215,11.738255827712695,11.602177257129334,9.735187237104428,3.073545554335899,1.403508771929829,495.0,16398.0,16650.0,2.972972972972973,12.0,0.0,4.0,0.0,29.0,18.997,88.0,186.0,58.0,10.0,482.0,856.0,2477.0,62.0,14.655070405869129,2.503027856277756,0.7099751508697195,0.0,0.2366583836232398,0.0,5.206484439711277,3.431546562536978,1.715773281268489,1,1,0.0,,2.3255813953488413,-6.664426865398125,충주시,용산동,"('충주시', '용산동')","('충주시', '용산동')",용산동,3009.7,3788.7,1711.6,1163.5,1703.6,1516.5,183.8,0.0,0.0,1.0,11.0,0.0,0.0,8.0,10.0,0.0,1.0,14.0,29.0,3788.7,1711.6,충주시,용산동,"('충주시', '용산동')"
용산동,4313055000,용산동,충주시,2019,15839.0,3683.0,2350.0,2023.0,1732.0,23.2527306016794,14.836795252225516,12.772270976703073,10.935033777384936,9.67023053206242,-6.2891965447876,-8.971824023727137,-1091.0,16902.0,16370.5,-6.664426865398125,13.0,0.0,4.0,1.0,29.0,18.997,90.0,201.0,63.0,11.0,522.0,899.0,2689.0,62.0,16.977081886482733,2.3056898475269616,0.8207588862933266,0.0,0.252541195782562,0.0631352989456405,5.682176905107646,3.977523833575352,1.8309236694235749,0,1,8.333333333333325,,2.2727272727272707,-1.849077055504192,충주시,용산동,"('충주시', '용산동')","('충주시', '용산동')",용산동,3009.7,3788.7,1711.6,1163.5,1703.6,1516.5,183.8,0.0,0.0,1.0,11.0,0.0,0.0,8.0,10.0,0.0,1.0,14.0,29.0,3788.7,1711.6,충주시,용산동,"('충주시', '용산동')"
용산동,4313055000,용산동,충주시,2021,15150.0,3354.0,2122.0,2145.0,1572.0,22.13861386138614,14.006600660066008,14.158415841584157,10.376237623762377,9.625755810937516,-2.4343122102009285,-5.494505494505497,-343.0,15528.0,15339.0,-2.236130125823065,13.0,0.0,4.0,1.0,29.0,18.997,99.0,216.0,75.0,11.0,574.0,1133.0,2850.0,89.0,18.81188118811881,3.12280701754386,0.858085808580858,0.0,0.264026402640264,0.066006600660066,6.534653465346535,4.950495049504951,1.914191419141914,0,1,-7.14285714285714,,0.0,-2.605405043367603,충주시,용산동,"('충주시', '용산동')","('충주시', '용산동')",용산동,3009.7,3788.7,1711.6,1163.5,1703.6,1516.5,183.8,0.0,0.0,1.0,11.0,0.0,0.0,8.0,10.0,0.0,1.0,14.0,29.0,3788.7,1711.6,충주시,용산동,"('충주시', '용산동')"
용산동,4313055000,용산동,충주시,2022,14711.0,3073.0,1952.0,2216.0,1416.0,20.889130582557268,13.268982394126844,15.063557881857117,9.625450343280535,9.596350792250211,-2.897689768976897,-8.378056052474658,-389.0,15150.0,14930.5,-2.605405043367603,9.0,0.0,4.0,1.0,29.0,18.997,101.0,222.0,80.0,10.0,596.0,1113.0,2973.0,74.0,20.2093671402352,2.489068281197444,0.6117870980898648,0.0,0.2719053769288287,0.0679763442322071,6.865610767452926,5.438107538576576,1.9713139827340085,0,1,-30.76923076923077,,2.020202020202011,-2.73802544915342,충주시,용산동,"('충주시', '용산동')","('충주시', '용산동')",용산동,3009.7,3788.7,1711.6,1163.5,1703.6,1516.5,183.8,0.0,0.0,1.0,11.0,0.0,0.0,8.0,10.0,0.0,1.0,14.0,29.0,3788.7,1711.6,충주시,용산동,"('충주시', '용산동')"
용산동,4313055000,용산동,충주시,2023,14288.0,2861.0,1766.0,2347.0,1300.0,20.023796192609183,12.360022396416571,16.42637178051512,9.098544232922732,9.56717530311628,-2.8753993610223683,-6.898795964855187,-397.0,14711.0,14499.5,-2.73802544915342,9.0,0.0,4.0,1.0,29.0,18.997,97.0,224.0,28.0,0.0,533.0,1171.0,2917.0,67.0,20.41573348264278,2.296880356530682,0.62989921612542,0.0,0.2799552071668533,0.0699888017917133,6.788913773796192,1.9596864501679727,2.0296752519596866,0,1,0.0,,-3.960396039603964,-2.046452343860643,충주시,용산동,"('충주시', '용산동')","('충주시', '용산동')",용산동,3009.7,3788.7,1711.6,1163.5,1703.6,1516.5,183.8,0.0,0.0,1.0,11.0,0.0,0.0,8.0,10.0,0.0,1.0,14.0,29.0,3788.7,1711.6,충주시,용산동,"('충주시', '용산동')"
용산동,4313055000,용산동,충주시,2024,13956.0,2686.0,1624.0,2527.0,1199.0,19.246202350243625,11.636572083691602,18.10690742333047,8.59128690169103,9.543664802306663,-2.3236282194848856,-6.116742397763019,-289.0,14288.0,14122.0,-2.046452343860643,8.0,0.0,4.0,1.0,29.0,18.997,93.0,227.0,37.0,0.0,540.0,1181.0,2917.0,73.0,20.901404413872168,2.5025711347274595,0.5732301519059902,0.0,0.2866150759529951,0.0716537689882487,6.663800515907137,2.6511894525652044,2.0779593006592147,0,1,-11.111111111111116,,-4.123711340206182,-1.8262854658115013,충주시,용산동,"('충주시', '용산동')","('충주시', '용산동')",용산동,3009.7,3788.7,1711.6,1163.5,1703.6,1516.5,183.8,0.0,0.0,1.0,11.0,0.0,0.0,8.0,10.0,0.0,1.0,14.0,29.0,3788.7,1711.6,충주시,용산동,"('충주시', '용산동')"
용산면,4374031000,용산면,영동군,2017,3499.0,505.0,179.0,1179.0,207.0,14.432695055730209,5.115747356387539,33.69534152615033,5.915975993140898,8.160232492367689,-0.8781869688385235,-10.460992907801414,-8.0,3530.0,3514.5,-0.2276283966424811,1.0,0.0,1.0,0.0,80.0,552.204,39.0,53.0,3.0,0.0,121.0,229.0,1658.0,1138.0,47.3849671334667,68.6369119420989,0.2857959416976279,0.0,0.2857959416976279,0.0,11.146041726207487,0.8573878250928837,22.863675335810232,1,1,0.0,,14.705882352941169,-0.5467625899280576,영동군,용산면,"('영동군', '용산면')","('영동군', '용산면')",용산면,10278.1,11825.7,13033.9,788.8,12992.2,3344.1,697.2,0.0,0.0,0.0,6.0,0.0,0.0,0.0,11.0,1.0,1.0,1.0,32.0,5945.0,7093.4,영동군,용산면,"('영동군', '용산면')"
용산면,4374031000,용산면,영동군,2018,3451.0,485.0,181.0,1209.0,200.0,14.053897421037382,5.244856563314981,35.03332367429731,5.795421616922631,8.146419323098003,-1.3718205201486144,-3.960396039603964,-19.0,3499.0,3475.0,-0.5467625899280576,1.0,0.0,1.0,0.0,80.0,552.204,39.0,62.0,3.0,0.0,134.0,235.0,1728.0,1147.0,50.07244277021153,66.37731481481481,0.2897710808461315,0.0,0.2897710808461315,0.0,11.301072152999131,0.8693132425383947,23.181686467690525,1,1,0.0,,0.0,-0.1460920379839299,영동군,용산면,"('영동군', '용산면')","('영동군', '용산면')",용산면,10278.1,11825.7,13033.9,788.8,12992.2,3344.1,697.2,0.0,0.0,0.0,6.0,0.0,0.0,0.0,11.0,1.0,1.0,1.0,32.0,5945.0,7093.4,영동군,용산면,"('영동군', '용산면')"
용산면,4374031000,용산면,영동군,2019,3394.0,444.0,180.0,1225.0,190.0,13.081909251620509,5.303476723629935,36.09310548025928,5.598114319387154,8.129764445794171,-1.6516951608229524,-8.453608247422684,-5.0,3451.0,3422.5,-0.1460920379839299,1.0,0.0,1.0,0.0,80.0,552.204,38.0,63.0,4.0,1.0,140.0,261.0,1853.0,1204.0,54.59634649381261,64.97571505666487,0.2946375957572186,0.0,0.2946375957572186,0.0,11.196228638774306,1.1785503830288744,23.571007660577493,1,1,0.0,,-2.564102564102566,-1.55409444112373,영동군,용산면,"('영동군', '용산면')","('영동군', '용산면')",용산면,10278.1,11825.7,13033.9,788.8,12992.2,3344.1,697.2,0.0,0.0,0.0,6.0,0.0,0.0,0.0,11.0,1.0,1.0,1.0,32.0,5945.0,7093.4,영동군,용산면,"('영동군', '용산면')"
용산면,4374031000,용산면,영동군,2021,3228.0,387.0,142.0,1269.0,165.0,11.988847583643125,4.39900867410161,39.31226765799256,5.111524163568773,8.07961802938984,-2.122498483929658,-1.7766497461928932,12.0,3298.0,3263.0,0.3677597303095311,1.0,0.0,1.0,0.0,80.0,552.204,43.0,62.0,3.0,1.0,149.0,514.0,2354.0,1463.0,72.92441140024783,62.149532710280376,0.3097893432465923,0.0,0.3097893432465923,0.0,13.320941759603471,0.9293680297397768,24.783147459727388,1,1,0.0,,7.499999999999996,3.408044212465459,영동군,용산면,"('영동군', '용산면')","('영동군', '용산면')",용산면,10278.1,11825.7,13033.9,788.8,12992.2,3344.1,697.2,0.0,0.0,0.0,6.0,0.0,0.0,0.0,11.0,1.0,1.0,1.0,32.0,5945.0,7093.4,영동군,용산면,"('영동군', '용산면')"
용산면,4374031000,용산면,영동군,2022,3286.0,393.0,135.0,1330.0,162.0,11.95982958003652,4.108338405356056,40.47474132684115,4.930006086427268,8.097426298597213,1.7967781908302394,1.5503875968992276,111.0,3228.0,3257.0,3.408044212465459,1.0,0.0,1.0,0.0,80.0,552.204,45.0,67.0,4.0,1.0,157.0,462.0,2428.0,1534.0,73.88922702373706,63.17957166392092,0.3043213633597078,0.0,0.3043213633597078,0.0,13.694461351186852,1.217285453438831,24.345709068776628,1,1,0.0,,4.651162790697683,0.7654623392529087,영동군,용산면,"('영동군', '용산면')","('영동군', '용산면')",용산면,10278.1,11825.7,13033.9,788.8,12992.2,3344.1,697.2,0.0,0.0,0.0,6.0,0.0,0.0,0.0,11.0,1.0,1.0,1.0,32.0,5945.0,7093.4,영동군,용산면,"('영동군', '용산면')"
용산면,4374031000,용산면,영동군,2023,3246.0,385.0,119.0,1337.0,154.0,11.860751694393098,3.666050523721504,41.189155884165125,4.74430067775724,8.085178748074537,-1.2172854534388322,-2.035623409669207,25.0,3286.0,3266.0,0.7654623392529087,1.0,0.0,1.0,0.0,80.0,552.204,37.0,65.0,0.0,0.0,140.0,508.0,2467.0,1585.0,76.00123228589032,64.2480745845156,0.3080714725816389,0.0,0.3080714725816389,0.0,11.39864448552064,0.0,24.64571780653112,1,1,0.0,,-17.777777777777782,0.2170542635658914,영동군,용산면,"('영동군', '용산면')","('영동군', '용산면')",용산면,10278.1,11825.7,13033.9,788.8,12992.2,3344.1,697.2,0.0,0.0,0.0,6.0,0.0,0.0,0.0,11.0,1.0,1.0,1.0,32.0,5945.0,7093.4,영동군,용산면,"('영동군', '용산면')"
용산면,4374031000,용산면,영동군,2024,3204.0,347.0,99.0,1382.0,150.0,10.830212234706616,3.089887640449438,43.13358302122347,4.681647940074907,8.07215530818825,-1.2939001848428888,-9.870129870129873,7.0,3246.0,3225.0,0.2170542635658914,1.0,0.0,1.0,0.0,80.0,552.204,36.0,65.0,1.0,0.0,141.0,540.0,2548.0,1629.0,79.52559300873908,63.93249607535322,0.3121098626716604,0.0,0.3121098626716604,0.0,11.235955056179776,0.3121098626716604,24.96878901373283,1,1,0.0,,-2.7027027027026973,0.0314415972331394,영동군,용산면,"('영동군', '용산면')","('영동군', '용산면')",용산면,10278.1,11825.7,13033.9,788.8,12992.2,3344.1,697.2,0.0,0.0,0.0,6.0,0.0,0.0,0.0,11.0,1.0,1.0,1.0,32.0,5945.0,7093.4,영동군,용산면,"('영동군', '용산면')"
용암1동,4311172000,용암1동,청주시,2017,44437.0,12246.0,6982.0,3826.0,5840.0,27.55811598442739,15.712131782073495,8.60994216531269,13.142201318720886,10.701827734724208,0.8533623839676707,-1.3533107781536935,291.0,44061.0,44249.0,0.6576419806097313,73.0,0.0,12.0,1.0,78.0,102.735,421.0,691.0,61.0,16.0,1775.0,2713.0,9643.0,187.0,21.700384814456424,1.9392305299180752,1.6427751648401108,0.0,0.2700452325764566,0.0225037693813713,9.47408690955735,1.372729932263654,1.7552940117469675,0,1,0.0,,19.943019943019948,-2.9974337040205303,청주시,용암1동,"('청주시', '용암1동')","('청주시', '용암1동')",용암1동,1809.5,2188.9,667.3,259.5,1425.1,486.7,74.8,0.0,0.0,13.0,52.0,0.0,1.0,7.0,23.0,3.0,11.0,33.0,129.0,1568.6,5.7,청주시,용암1동,"('청주시', '용암1동')"
용암1동,4311172000,용암1동,청주시,2018,43238.0,11690.0,6607.0,4088.0,5571.0,27.03640316388362,15.280540265507192,9.454646375873072,12.884499745594152,10.67447501721441,-2.6982019488264286,-4.5402580434427575,-1314.0,44437.0,43837.5,-2.9974337040205303,68.0,0.0,12.0,1.0,78.0,102.735,456.0,722.0,66.0,14.0,1887.0,2840.0,10478.0,164.0,24.23331328923632,1.5651841954571484,1.5726906887460104,0.0,0.2775336509551783,0.0231278042462648,10.546278736296776,1.5264350802534807,1.8039687312086592,0,1,-6.849315068493156,,8.313539192399055,-0.3359241969674154,청주시,용암1동,"('청주시', '용암1동')","('청주시', '용암1동')",용암1동,1809.5,2188.9,667.3,259.5,1425.1,486.7,74.8,0.0,0.0,13.0,52.0,0.0,1.0,7.0,23.0,3.0,11.0,33.0,129.0,1568.6,5.7,청주시,용암1동,"('청주시', '용암1동')"
용암1동,4311172000,용암1동,청주시,2021,54832.0,15068.0,8538.0,5627.0,7220.0,27.48030347242486,15.57119929967902,10.262255617157864,13.16749343449081,10.91202924411439,1.184720428123276,-0.6134160015830115,519.0,54190.0,54511.0,0.9521014107244408,65.0,0.0,13.0,1.0,78.0,102.735,532.0,896.0,137.0,23.0,2369.0,4315.0,12269.0,198.0,22.375620075868103,1.6138234574944983,1.1854391596148235,0.0,0.2370878319229646,0.0182375255325357,9.702363583309015,2.4985409979573974,1.4225269915377885,0,1,10.169491525423725,,12.23628691983123,4.978235764413254,청주시,용암1동,"('청주시', '용암1동')","('청주시', '용암1동')",용암1동,1809.5,2188.9,667.3,259.5,1425.1,486.7,74.8,0.0,0.0,13.0,52.0,0.0,1.0,7.0,23.0,3.0,11.0,33.0,129.0,1568.6,5.7,청주시,용암1동,"('청주시', '용암1동')"
용암1동,4311172000,용암1동,청주시,2022,57738.0,15848.0,8791.0,6308.0,7570.0,27.44812774948907,15.225674599050883,10.925213897260038,13.110949461359937,10.963670814584455,5.299824919754892,5.17653305017256,2802.0,54832.0,56285.0,4.978235764413254,69.0,2.0,13.0,1.0,78.0,102.735,571.0,971.0,176.0,40.0,2611.0,4645.0,13090.0,173.0,22.671377602272333,1.3216195569136746,1.1950535176140495,0.0346392323946101,0.2251550105649659,0.017319616197305,9.889500848661196,3.048252450725692,1.3509300633897952,0,0,6.153846153846154,inf,7.330827067669166,0.5247259860188142,청주시,용암1동,"('청주시', '용암1동')","('청주시', '용암1동')",용암1동,1809.5,2188.9,667.3,259.5,1425.1,486.7,74.8,0.0,0.0,13.0,52.0,0.0,1.0,7.0,23.0,3.0,11.0,33.0,129.0,1568.6,5.7,청주시,용암1동,"('청주시', '용암1동')"
용암1동,4311172000,용암1동,청주시,2023,58132.0,15658.0,8485.0,6902.0,7421.0,26.935250808504783,14.596091653478291,11.872978738044452,12.765774444367988,10.97047156574606,0.6823928781738209,-1.1988894497728442,304.0,57738.0,57935.0,0.5247259860188142,63.0,1.0,13.0,1.0,78.0,102.735,541.0,959.0,173.0,39.0,2587.0,4953.0,13586.0,163.0,23.3709488749742,1.1997644634182247,1.083740452762678,0.0172022294089314,0.2236289823161081,0.0172022294089314,9.306406110231888,2.975985687745132,1.3417738938966493,0,0,-8.695652173913048,-50.0,-5.25394045534151,-1.096392626154325,청주시,용암1동,"('청주시', '용암1동')","('청주시', '용암1동')",용암1동,1809.5,2188.9,667.3,259.5,1425.1,486.7,74.8,0.0,0.0,13.0,52.0,0.0,1.0,7.0,23.0,3.0,11.0,33.0,129.0,1568.6,5.7,청주시,용암1동,"('청주시', '용암1동')"
용암1동,4311172000,용암1동,청주시,2024,57520.0,15014.0,8163.0,7411.0,7111.0,26.102225312934628,14.191585535465926,12.884214186369958,12.362656467315716,10.959887992394927,-1.052776439826597,-4.112913526631756,-634.0,58132.0,57826.0,-1.096392626154325,58.0,2.0,13.0,1.0,78.0,102.735,504.0,985.0,172.0,40.0,2556.0,5033.0,13839.0,138.0,24.059457579972182,0.9971818773032732,1.0083449235048678,0.0347705146036161,0.2260083449235048,0.017385257301808,8.762169680111265,2.990264255910988,1.3560500695410291,0,0,-7.936507936507942,100.0,-6.839186691312382,-2.1193099512751856,청주시,용암1동,"('청주시', '용암1동')","('청주시', '용암1동')",용암1동,1809.5,2188.9,667.3,259.5,1425.1,486.7,74.8,0.0,0.0,13.0,52.0,0.0,1.0,7.0,23.0,3.0,11.0,33.0,129.0,1568.6,5.7,청주시,용암1동,"('청주시', '용암1동')"
용암2동,4311173000,용암2동,청주시,2018,30642.0,8768.0,5015.0,2520.0,4288.0,28.614320214085243,16.36642516806997,8.224006265909537,13.993864630246067,10.3301268958757,29.63574057621525,33.69929856663616,6977.0,23637.0,27139.5,25.70791650546252,4.0,2.0,1.0,1.0,91.0,122.99,166.0,226.0,25.0,3.0,621.0,1147.0,5015.0,167.0,16.36642516806997,3.3300099700897303,0.130539781998564,0.065269890999282,0.032634945499641,0.032634945499641,5.417400952940408,0.8158736374910254,2.9697800404673327,0,0,0.0,0.0,1.8404907975460016,8.161352309831429,청주시,용암2동,"('청주시', '용암2동')","('청주시', '용암2동')",용암2동,893.1,2957.2,750.1,306.0,874.6,608.7,77.8,1.0,4.0,16.0,52.0,1.0,2.0,5.0,27.0,5.0,13.0,36.0,133.0,2466.3,13.4,청주시,용암2동,"('청주시', '용암2동')"
용암2동,4311173000,용암2동,청주시,2019,33367.0,9423.0,5571.0,2805.0,4636.0,28.240477118110707,16.696136901729254,8.406509425480264,13.893967093235831,10.415322666595292,8.89302264865217,7.470346715328469,2612.0,30642.0,32004.5,8.161352309831429,4.0,2.0,2.0,1.0,91.0,122.99,176.0,230.0,26.0,3.0,652.0,1177.0,5295.0,158.0,15.868972337938684,2.983947119924457,0.1198789222884886,0.0599394611442443,0.0599394611442443,0.0299697305721221,5.274672580693499,0.779212994875176,2.727245482063116,0,0,0.0,0.0,6.024096385542177,11.207931419209965,청주시,용암2동,"('청주시', '용암2동')","('청주시', '용암2동')",용암2동,893.1,2957.2,750.1,306.0,874.6,608.7,77.8,1.0,4.0,16.0,52.0,1.0,2.0,5.0,27.0,5.0,13.0,36.0,133.0,2466.3,13.4,청주시,용암2동,"('청주시', '용암2동')"
용암2동,4311173000,용암2동,청주시,2021,39938.0,11384.0,6557.0,3647.0,5517.0,28.50418148129601,16.417947819119636,9.131654063798887,13.813911562922527,10.595083530603336,6.672008547008557,4.970032272936842,2323.0,37440.0,38689.0,6.004290625242318,8.0,4.0,2.0,1.0,91.0,122.99,199.0,284.0,44.0,6.0,798.0,1978.0,6821.0,179.0,17.07897240723121,2.624248643893857,0.2003104812459312,0.1001552406229656,0.0500776203114828,0.0250388101557414,4.982723220992538,1.1017076468526217,2.2785317241724674,0,0,14.28571428571428,100.0,11.17318435754191,2.257107540173053,청주시,용암2동,"('청주시', '용암2동')","('청주시', '용암2동')",용암2동,893.1,2957.2,750.1,306.0,874.6,608.7,77.8,1.0,4.0,16.0,52.0,1.0,2.0,5.0,27.0,5.0,13.0,36.0,133.0,2466.3,13.4,청주시,용암2동,"('청주시', '용암2동')"
용암2동,4311173000,용암2동,청주시,2022,40962.0,11541.0,6624.0,4031.0,5592.0,28.17489380401347,16.17108539622089,9.840828084566184,13.651677164200969,10.620400086646336,2.5639741599479127,1.3791286015460311,913.0,39938.0,40450.0,2.257107540173053,9.0,4.0,2.0,1.0,91.0,122.99,217.0,313.0,62.0,9.0,900.0,2079.0,7008.0,195.0,17.108539622088763,2.7825342465753424,0.2197158341877838,0.0976514818612372,0.0488257409306186,0.0244128704653093,5.297592890972121,1.5135979688491774,2.221571212343147,0,0,12.5,0.0,9.045226130653262,7.908533445677106,청주시,용암2동,"('청주시', '용암2동')","('청주시', '용암2동')",용암2동,893.1,2957.2,750.1,306.0,874.6,608.7,77.8,1.0,4.0,16.0,52.0,1.0,2.0,5.0,27.0,5.0,13.0,36.0,133.0,2466.3,13.4,청주시,용암2동,"('청주시', '용암2동')"
용암2동,4311173000,용암2동,청주시,2023,44490.0,12435.0,7438.0,4499.0,6037.0,27.95010114632501,16.718363677230837,10.112384805574283,13.569341425039337,10.703019723800088,8.612860700161118,7.746295814920723,3379.0,40962.0,42726.0,7.908533445677106,8.0,3.0,2.0,1.0,91.0,122.99,193.0,296.0,65.0,9.0,850.0,2361.0,7355.0,166.0,16.531804899977523,2.256968048946295,0.1798156889188581,0.0674308833445718,0.0449539222297145,0.0224769611148572,4.338053495167454,1.461002472465723,2.045403461452012,0,0,-11.111111111111116,-25.0,-11.05990783410138,-0.8646798545356287,청주시,용암2동,"('청주시', '용암2동')","('청주시', '용암2동')",용암2동,893.1,2957.2,750.1,306.0,874.6,608.7,77.8,1.0,4.0,16.0,52.0,1.0,2.0,5.0,27.0,5.0,13.0,36.0,133.0,2466.3,13.4,청주시,용암2동,"('청주시', '용암2동')"
용암2동,4311173000,용암2동,청주시,2024,44329.0,11953.0,7308.0,4902.0,5791.0,26.96428974260641,16.48582192244355,11.05822373615466,13.063682916375283,10.699394369397588,-0.3618790739492006,-3.876156011258547,-384.0,44490.0,44409.5,-0.8646798545356287,10.0,3.0,2.0,1.0,91.0,122.99,185.0,322.0,76.0,7.0,855.0,2411.0,7850.0,151.0,17.708497823095488,1.923566878980892,0.2255859595298788,0.0676757878589636,0.0451171919059757,0.0225585959529878,4.173340251302759,1.7144532924270794,2.0528322317218977,0,0,25.0,0.0,-4.145077720207258,-1.517333665982468,청주시,용암2동,"('청주시', '용암2동')","('청주시', '용암2동')",용암2동,893.1,2957.2,750.1,306.0,874.6,608.7,77.8,1.0,4.0,16.0,52.0,1.0,2.0,5.0,27.0,5.0,13.0,36.0,133.0,2466.3,13.4,청주시,용암2동,"('청주시', '용암2동')"
용화면,4374037000,용화면,영동군,2017,1069.0,134.0,54.0,416.0,65.0,12.53507951356408,5.051449953227316,38.91487371375117,6.080449017773621,6.974478911025045,1.03969754253308,2.290076335877856,24.0,1058.0,1063.5,2.2566995768688294,0.0,0.0,1.0,0.0,30.0,259.987,11.0,2.0,0.0,0.0,18.0,44.0,103.0,11.0,9.635173058933583,10.679611650485436,0.0,0.0,0.9354536950420954,0.0,10.28999064546305,0.0,28.063610851262865,1,1,,,0.0,-3.270803270803271,영동군,용화면,"('영동군', '용화면')","('영동군', '용화면')",용화면,21960.9,24931.2,23170.5,1405.8,22921.5,5248.1,1442.1,0.0,0.0,0.0,0.0,0.0,0.0,0.0,0.0,0.0,1.0,1.0,1.0,19486.5,17725.7,영동군,용화면,"('영동군', '용화면')"
용화면,4374037000,용화면,영동군,2018,1010.0,112.0,46.0,410.0,50.0,11.08910891089109,4.554455445544554,40.5940594059406,4.950495049504951,6.917705609835305,-5.51917680074836,-16.417910447761198,-34.0,1069.0,1039.5,-3.270803270803271,0.0,0.0,1.0,0.0,30.0,259.987,11.0,2.0,0.0,0.0,19.0,43.0,116.0,10.0,11.485148514851486,8.620689655172415,0.0,0.0,0.99009900990099,0.0,10.89108910891089,0.0,29.7029702970297,1,1,,,0.0,-0.1001001001001,영동군,용화면,"('영동군', '용화면')","('영동군', '용화면')",용화면,21960.9,24931.2,23170.5,1405.8,22921.5,5248.1,1442.1,0.0,0.0,0.0,0.0,0.0,0.0,0.0,0.0,0.0,1.0,1.0,1.0,19486.5,17725.7,영동군,용화면,"('영동군', '용화면')"
용화면,4374037000,용화면,영동군,2019,988.0,96.0,59.0,399.0,46.0,9.7165991902834,5.97165991902834,40.38461538461539,4.65587044534413,6.895682697747868,-2.17821782178218,-14.28571428571429,-1.0,1010.0,999.0,-0.1001001001001,0.0,0.0,1.0,0.0,30.0,259.987,12.0,1.0,0.0,0.0,21.0,42.0,120.0,12.0,12.145748987854253,10.0,0.0,0.0,1.0121457489878545,0.0,12.145748987854253,0.0,30.364372469635622,1,1,,,9.090909090909085,4.395604395604396,영동군,용화면,"('영동군', '용화면')","('영동군', '용화면')",용화면,21960.9,24931.2,23170.5,1405.8,22921.5,5248.1,1442.1,0.0,0.0,0.0,0.0,0.0,0.0,0.0,0.0,0.0,1.0,1.0,1.0,19486.5,17725.7,영동군,용화면,"('영동군', '용화면')"
용화면,4374037000,용화면,영동군,2021,973.0,70.0,53.0,432.0,33.0,7.194244604316546,5.4470709146968135,44.39876670092497,3.391572456320658,6.880384082186005,-4.043392504930965,-16.666666666666664,-23.0,1014.0,993.5,-2.3150478107700048,0.0,0.0,1.0,0.0,30.0,259.987,11.0,2.0,0.0,0.0,22.0,60.0,133.0,10.0,13.66906474820144,7.518796992481203,0.0,0.0,1.027749229188078,0.0,11.305241521068858,0.0,30.832476875642342,1,1,,,0.0,0.4142931123770067,영동군,용화면,"('영동군', '용화면')","('영동군', '용화면')",용화면,21960.9,24931.2,23170.5,1405.8,22921.5,5248.1,1442.1,0.0,0.0,0.0,0.0,0.0,0.0,0.0,0.0,0.0,1.0,1.0,1.0,19486.5,17725.7,영동군,용화면,"('영동군', '용화면')"
용화면,4374037000,용화면,영동군,2022,958.0,65.0,48.0,438.0,30.0,6.784968684759916,5.010438413361169,45.72025052192067,3.1315240083507305,6.86484777797086,-1.541623843782114,-7.14285714285714,4.0,973.0,965.5,0.4142931123770067,0.0,0.0,1.0,0.0,30.0,259.987,11.0,4.0,0.0,0.0,24.0,60.0,133.0,9.0,13.883089770354909,6.7669172932330826,0.0,0.0,1.04384133611691,0.0,11.482254697286011,0.0,31.315240083507305,1,1,,,0.0,0.6295907660020986,영동군,용화면,"('영동군', '용화면')","('영동군', '용화면')",용화면,21960.9,24931.2,23170.5,1405.8,22921.5,5248.1,1442.1,0.0,0.0,0.0,0.0,0.0,0.0,0.0,0.0,0.0,1.0,1.0,1.0,19486.5,17725.7,영동군,용화면,"('영동군', '용화면')"
용화면,4374037000,용화면,영동군,2023,948.0,57.0,46.0,447.0,21.0,6.012658227848101,4.852320675105485,47.151898734177216,2.2151898734177213,6.854354502255021,-1.043841336116913,-12.307692307692308,6.0,958.0,953.0,0.6295907660020986,0.0,0.0,1.0,0.0,30.0,259.987,10.0,3.0,0.0,0.0,22.0,63.0,124.0,5.0,13.080168776371307,4.032258064516129,0.0,0.0,1.0548523206751057,0.0,10.548523206751057,0.0,31.645569620253163,1,1,,,-9.090909090909092,-1.825993555316864,영동군,용화면,"('영동군', '용화면')","('영동군', '용화면')",용화면,21960.9,24931.2,23170.5,1405.8,22921.5,5248.1,1442.1,0.0,0.0,0.0,0.0,0.0,0.0,0.0,0.0,0.0,1.0,1.0,1.0,19486.5,17725.7,영동군,용화면,"('영동군', '용화면')"
용화면,4374037000,용화면,영동군,2024,914.0,51.0,40.0,454.0,18.0,5.579868708971554,4.3763676148796495,49.671772428884026,1.9693654266958425,6.81783057145415,-3.58649789029536,-10.526315789473683,-17.0,948.0,931.0,-1.825993555316864,0.0,0.0,1.0,0.0,30.0,259.987,7.0,5.0,0.0,0.0,21.0,64.0,115.0,5.0,12.582056892778992,4.3478260869565215,0.0,0.0,1.0940919037199124,0.0,7.658643326039387,0.0,32.82275711159737,1,1,,,-30.000000000000004,-0.4441976679622432,영동군,용화면,"('영동군', '용화면')","('영동군', '용화면')",용화면,21960.9,24931.2,23170.5,1405.8,22921.5,5248.1,1442.1,0.0,0.0,0.0,0.0,0.0,0.0,0.0,0.0,0.0,1.0,1.0,1.0,19486.5,17725.7,영동군,용화면,"('영동군', '용화면')"
우암동,4311451000,우암동,청주시,2017,13098.0,3849.0,1040.0,2564.0,1693.0,29.38616582684379,7.940143533363872,19.575507711100933,12.925637501908689,9.480214825778,1.6451963371100442,3.079807177289773,248.0,12886.0,12992.0,1.908866995073892,3.0,0.0,3.0,0.0,16.0,38.419,233.0,359.0,22.0,4.0,977.0,1559.0,6751.0,263.0,51.54222018628798,3.895719152718116,0.2290426019239578,0.0,0.2290426019239578,0.0,17.78897541609406,1.6796457474423576,1.221560543594442,1,1,0.0,,13.10679611650485,0.9728661548985332,청주시,우암동,"('청주시', '우암동')","('청주시', '우암동')",우암동,546.9,879.8,18.4,159.0,1147.6,532.5,25.1,3.0,17.0,44.0,58.0,1.0,10.0,19.0,34.0,7.0,24.0,87.0,162.0,879.8,18.4,청주시,우암동,"('청주시', '우암동')"
우암동,4311451000,우암동,청주시,2018,13216.0,3963.0,1006.0,2657.0,1743.0,29.986380145278453,7.611985472154964,20.104418886198548,13.1885593220339,9.48918349576076,0.9009009009008916,2.961808261886212,128.0,13098.0,13157.0,0.9728661548985332,3.0,0.0,3.0,0.0,16.0,38.419,236.0,376.0,20.0,3.0,1006.0,1569.0,6885.0,225.0,52.09594430992736,3.2679738562091507,0.2269975786924939,0.0,0.2269975786924939,0.0,17.857142857142854,1.513317191283293,1.2106537530266344,1,1,0.0,,1.2875536480686731,-2.446037649043438,청주시,우암동,"('청주시', '우암동')","('청주시', '우암동')",우암동,546.9,879.8,18.4,159.0,1147.6,532.5,25.1,3.0,17.0,44.0,58.0,1.0,10.0,19.0,34.0,7.0,24.0,87.0,162.0,879.8,18.4,청주시,우암동,"('청주시', '우암동')"
우암동,4311451000,우암동,청주시,2019,12867.0,3792.0,934.0,2759.0,1694.0,29.470739100023312,7.258879303644983,21.442449677469497,13.165462034662315,9.46242117318499,-2.640738498789341,-4.314912944738836,-319.0,13216.0,13041.5,-2.446037649043438,3.0,0.0,3.0,0.0,16.0,38.419,230.0,379.0,22.0,3.0,1020.0,1558.0,6721.0,228.0,52.2343980725888,3.392352328522541,0.2331545814875262,0.0,0.2331545814875262,0.0,17.875184580710343,1.709800264241859,1.2434911012668066,1,1,0.0,,-2.5423728813559365,-3.712517848643503,청주시,우암동,"('청주시', '우암동')","('청주시', '우암동')",우암동,546.9,879.8,18.4,159.0,1147.6,532.5,25.1,3.0,17.0,44.0,58.0,1.0,10.0,19.0,34.0,7.0,24.0,87.0,162.0,879.8,18.4,청주시,우암동,"('청주시', '우암동')"
우암동,4311451000,우암동,청주시,2021,12332.0,3598.0,831.0,2903.0,1641.0,29.17612714888096,6.738566331495297,23.54038274408044,13.306843983133312,9.41995278900604,-0.1053057918185551,1.667137609494218,95.0,12345.0,12338.5,0.7699477246018559,3.0,0.0,3.0,0.0,16.0,38.419,252.0,372.0,25.0,3.0,1055.0,2339.0,7538.0,221.0,61.12552708400908,2.931812151764394,0.2432695426532598,0.0,0.2432695426532598,0.0,20.434641582873823,2.0272461887771653,1.2974375608173854,1,1,0.0,,4.564315352697101,0.625660193385878,청주시,우암동,"('청주시', '우암동')","('청주시', '우암동')",우암동,546.9,879.8,18.4,159.0,1147.6,532.5,25.1,3.0,17.0,44.0,58.0,1.0,10.0,19.0,34.0,7.0,24.0,87.0,162.0,879.8,18.4,청주시,우암동,"('청주시', '우암동')"
우암동,4311451000,우암동,청주시,2022,12282.0,3628.0,754.0,3011.0,1666.0,29.53916300276828,6.139065298811269,24.515551213157465,13.564566031590946,9.415890054889344,-0.4054492377554286,0.8337965536409087,77.0,12332.0,12307.0,0.625660193385878,3.0,0.0,3.0,0.0,16.0,38.419,253.0,387.0,30.0,3.0,1085.0,2294.0,6969.0,210.0,56.74157303370787,3.013344812742144,0.2442598925256472,0.0,0.2442598925256472,0.0,20.599250936329582,2.4425989252564726,1.3027194268034523,1,1,0.0,,0.3968253968253954,-0.1226141333224342,청주시,우암동,"('청주시', '우암동')","('청주시', '우암동')",우암동,546.9,879.8,18.4,159.0,1147.6,532.5,25.1,3.0,17.0,44.0,58.0,1.0,10.0,19.0,34.0,7.0,24.0,87.0,162.0,879.8,18.4,청주시,우암동,"('청주시', '우암동')"
우암동,4311451000,우암동,청주시,2023,12185.0,3612.0,724.0,3102.0,1702.0,29.643003693065246,5.941731637258925,25.45752974969224,13.967993434550676,9.407960966059306,-0.7897736524995924,-0.4410143329658167,-15.0,12282.0,12233.5,-0.1226141333224342,3.0,0.0,3.0,0.0,16.0,38.419,243.0,354.0,25.0,1.0,1045.0,2335.0,6407.0,184.0,52.581042265080015,2.8718589043233966,0.2462043496101764,0.0,0.2462043496101764,0.0,19.94255231842429,2.051702913418137,1.3130898645876077,1,1,0.0,,-3.9525691699604737,-0.6364688378244338,청주시,우암동,"('청주시', '우암동')","('청주시', '우암동')",우암동,546.9,879.8,18.4,159.0,1147.6,532.5,25.1,3.0,17.0,44.0,58.0,1.0,10.0,19.0,34.0,7.0,24.0,87.0,162.0,879.8,18.4,청주시,우암동,"('청주시', '우암동')"
우암동,4311451000,우암동,청주시,2024,12011.0,3596.0,667.0,3194.0,1728.0,29.939222379485468,5.553242860711015,26.59229040046624,14.386812088918491,9.39357817555449,-1.427985227739026,-0.4429678848283491,-77.0,12185.0,12098.0,-0.6364688378244338,3.0,0.0,3.0,0.0,16.0,38.419,236.0,366.0,32.0,2.0,1043.0,2388.0,8318.0,213.0,69.25318458080093,2.560711709545564,0.2497710432103905,0.0,0.2497710432103905,0.0,19.648655399217382,2.664224460910832,1.3321122304554158,1,1,0.0,,-2.8806584362139898,0.7163681799250312,청주시,우암동,"('청주시', '우암동')","('청주시', '우암동')",우암동,546.9,879.8,18.4,159.0,1147.6,532.5,25.1,3.0,17.0,44.0,58.0,1.0,10.0,19.0,34.0,7.0,24.0,87.0,162.0,879.8,18.4,청주시,우암동,"('청주시', '우암동')"
운천신봉동,4311370000,운천.신봉동,청주시,2017,19646.0,5493.0,2242.0,2338.0,2576.0,27.959890053955007,11.411992263056092,11.900641351929146,13.112083884760256,9.885629034234816,-2.2149221044248657,-3.5300316122233943,-457.0,20091.0,19868.5,-2.300123310768301,14.0,3.0,3.0,1.0,31.0,37.14,214.0,223.0,40.0,13.0,754.0,1392.0,7354.0,454.0,37.43255624554617,6.173511014413925,0.7126132546065357,0.152702840272829,0.152702840272829,0.0509009467576097,10.892802606128472,2.0360378703043875,1.5779293494859004,0,0,0.0,0.0,4.90196078431373,-4.870172148865796,청주시,운천신봉동,"('청주시', '운천신봉동')","('청주시', '운천신봉동')",운천·신봉동,866.5,1795.3,67.1,170.1,949.9,527.5,87.4,0.0,3.0,33.0,56.0,1.0,2.0,16.0,30.0,2.0,10.0,62.0,150.0,1390.8,59.5,청주시,운천신봉동,"('청주시', '운천신봉동')"
운천신봉동,4311370000,운천.신봉동,청주시,2018,18751.0,5136.0,1978.0,2403.0,2387.0,27.3905391712442,10.548770732227617,12.815316516452455,12.72998773398752,9.83900236330972,-4.555634734806069,-6.499180775532498,-935.0,19646.0,19198.5,-4.870172148865796,12.0,3.0,3.0,1.0,31.0,37.14,221.0,232.0,41.0,16.0,783.0,1414.0,7261.0,485.0,38.72326809236841,6.679520727172565,0.639965868487014,0.1599914671217535,0.1599914671217535,0.0533304890405845,11.786038077969174,2.186550050663965,1.6532451602581193,0,0,-14.28571428571429,0.0,3.2710280373831724,-4.077521911916817,청주시,운천신봉동,"('청주시', '운천신봉동')","('청주시', '운천신봉동')",운천·신봉동,866.5,1795.3,67.1,170.1,949.9,527.5,87.4,0.0,3.0,33.0,56.0,1.0,2.0,16.0,30.0,2.0,10.0,62.0,150.0,1390.8,59.5,청주시,운천신봉동,"('청주시', '운천신봉동')"
운천신봉동,4311370000,운천.신봉동,청주시,2019,17987.0,4800.0,1779.0,2553.0,2202.0,26.685939845443933,9.890476455217655,14.193584255295493,12.242174904097403,9.79740455372797,-4.07444936270066,-6.542056074766355,-749.0,18751.0,18369.0,-4.077521911916817,12.0,3.0,3.0,1.0,31.0,37.14,222.0,240.0,45.0,17.0,799.0,1389.0,6891.0,466.0,38.31100239061544,6.762443767232622,0.6671484961360983,0.1667871240340245,0.1667871240340245,0.0555957080113415,12.34224717851782,2.501806860510369,1.7234669483515872,0,0,0.0,0.0,0.4524886877828038,-4.270199579234662,청주시,운천신봉동,"('청주시', '운천신봉동')","('청주시', '운천신봉동')",운천·신봉동,866.5,1795.3,67.1,170.1,949.9,527.5,87.4,0.0,3.0,33.0,56.0,1.0,2.0,16.0,30.0,2.0,10.0,62.0,150.0,1390.8,59.5,청주시,운천신봉동,"('청주시', '운천신봉동')"
운천신봉동,4311370000,운천.신봉동,청주시,2021,16746.0,4278.0,1470.0,2952.0,1951.0,25.54639914009316,8.778215693299893,17.62809029021856,11.65054341335244,9.725914702764378,-2.565892825973115,-3.670344517000679,-372.0,17187.0,16966.5,-2.192555919016886,11.0,2.0,3.0,1.0,31.0,37.14,225.0,255.0,48.0,18.0,849.0,2605.0,7404.0,460.0,44.21354353278395,6.212857914640734,0.6568732831721008,0.119431506031291,0.1791472590469365,0.0597157530156455,13.436044428520244,2.866356144750985,1.8511883434850112,0,0,0.0,-33.333333333333336,1.8099547511312155,-2.261428398205408,청주시,운천신봉동,"('청주시', '운천신봉동')","('청주시', '운천신봉동')",운천·신봉동,866.5,1795.3,67.1,170.1,949.9,527.5,87.4,0.0,3.0,33.0,56.0,1.0,2.0,16.0,30.0,2.0,10.0,62.0,150.0,1390.8,59.5,청주시,운천신봉동,"('청주시', '운천신봉동')"
운천신봉동,4311370000,운천.신봉동,청주시,2022,16242.0,3986.0,1328.0,3129.0,1826.0,24.54131264622584,8.176332963920698,19.26486885851496,11.24245782539096,9.695355758842355,-3.009673951988534,-6.825619448340348,-373.0,16746.0,16494.0,-2.261428398205408,10.0,2.0,3.0,1.0,31.0,37.14,237.0,266.0,50.0,19.0,879.0,2642.0,7155.0,491.0,44.05245659401552,6.862334032145354,0.6156877231867997,0.1231375446373599,0.1847063169560399,0.0615687723186799,14.591799039527151,3.0784386159339983,1.908631941879079,0,0,-9.090909090909092,0.0,5.333333333333323,-10.12707468879668,청주시,운천신봉동,"('청주시', '운천신봉동')","('청주시', '운천신봉동')",운천·신봉동,866.5,1795.3,67.1,170.1,949.9,527.5,87.4,0.0,3.0,33.0,56.0,1.0,2.0,16.0,30.0,2.0,10.0,62.0,150.0,1390.8,59.5,청주시,운천신봉동,"('청주시', '운천신봉동')"
운천신봉동,4311370000,운천.신봉동,청주시,2023,14606.0,3343.0,1131.0,3135.0,1525.0,22.887854306449405,7.743393126112556,21.463782007394222,10.440914692592084,9.589187682180055,-10.072651151336045,-16.131460110386353,-1562.0,16242.0,15424.0,-10.12707468879668,8.0,2.0,3.0,1.0,31.0,37.14,209.0,250.0,22.0,5.0,794.0,2624.0,7378.0,475.0,50.5134876078324,6.438059094605585,0.5477201150212241,0.136930028755306,0.205395043132959,0.068465014377653,14.309188004929482,1.506230316308366,2.122415445707244,0,0,-20.0,0.0,-11.81434599156118,-4.90724117295033,청주시,운천신봉동,"('청주시', '운천신봉동')","('청주시', '운천신봉동')",운천·신봉동,866.5,1795.3,67.1,170.1,949.9,527.5,87.4,0.0,3.0,33.0,56.0,1.0,2.0,16.0,30.0,2.0,10.0,62.0,150.0,1390.8,59.5,청주시,운천신봉동,"('청주시', '운천신봉동')"
운천신봉동,4311370000,운천.신봉동,청주시,2024,13801.0,3040.0,984.0,3270.0,1388.0,22.02738931961452,7.129918121875227,23.693935222085354,10.057242228823998,9.53249633228804,-5.511433657401065,-9.063715225845048,-697.0,14606.0,14203.5,-4.90724117295033,7.0,2.0,3.0,1.0,31.0,37.14,195.0,260.0,25.0,7.0,785.0,2631.0,7123.0,496.0,51.61220201434679,6.963358135617015,0.5072096224911239,0.1449170349974639,0.2173755524961959,0.0724585174987319,14.129410912252736,1.8114629374683,2.246214042460691,0,0,-12.5,0.0,-6.6985645933014375,-1.0296480210311083,청주시,운천신봉동,"('청주시', '운천신봉동')","('청주시', '운천신봉동')",운천·신봉동,866.5,1795.3,67.1,170.1,949.9,527.5,87.4,0.0,3.0,33.0,56.0,1.0,2.0,16.0,30.0,2.0,10.0,62.0,150.0,1390.8,59.5,청주시,운천신봉동,"('청주시', '운천신봉동')"
원남면,4377032000,원남면,음성군,2017,3131.0,437.0,135.0,1184.0,184.0,13.957202171830083,4.311721494730119,37.81539444267008,5.876716703928457,8.049107721326406,0.0639181847235548,-8.577405857740583,50.0,3129.0,3130.0,1.5974440894568689,1.0,0.0,2.0,0.0,111.0,529.378,44.0,50.0,3.0,0.0,118.0,272.0,3201.0,2381.0,102.23570744171192,74.38300531084036,0.3193867773874161,0.0,0.6387735547748323,0.0,14.05301820504631,0.9581603321622484,35.45193229000319,1,1,0.0,,22.222222222222232,0.6097560975609756,음성군,원남면,"('음성군', '원남면')","('음성군', '원남면')",원남면,7662.2,29488.7,4270.4,588.3,4266.2,2930.4,689.6,0.0,0.0,0.0,4.0,0.0,0.0,1.0,13.0,0.0,0.0,1.0,27.0,23838.1,62.3,음성군,원남면,"('음성군', '원남면')"
원남면,4377032000,원남면,음성군,2018,3101.0,415.0,129.0,1226.0,174.0,13.382779748468234,4.159948403740729,39.53563366655917,5.611093195743309,8.03947991910045,-0.95816033216225,-5.034324942791757,19.0,3131.0,3116.0,0.6097560975609756,1.0,0.0,2.0,1.0,111.0,529.378,46.0,49.0,4.0,0.0,128.0,274.0,3357.0,2523.0,108.25540148339246,75.15638963360144,0.3224766204450177,0.0,0.6449532408900355,0.3224766204450177,14.833924540470814,1.289906481780071,35.794904869396966,0,1,0.0,,4.545454545454541,0.8078849571820973,음성군,원남면,"('음성군', '원남면')","('음성군', '원남면')",원남면,7662.2,29488.7,4270.4,588.3,4266.2,2930.4,689.6,0.0,0.0,0.0,4.0,0.0,0.0,1.0,13.0,0.0,0.0,1.0,27.0,23838.1,62.3,음성군,원남면,"('음성군', '원남면')"
원남면,4377032000,원남면,음성군,2019,3088.0,378.0,150.0,1267.0,161.0,12.240932642487047,4.857512953367875,41.02979274611399,5.213730569948186,8.035278911144667,-0.4192196065785247,-8.915662650602407,25.0,3101.0,3094.5,0.8078849571820973,1.0,0.0,2.0,1.0,111.0,529.378,41.0,51.0,3.0,0.0,129.0,294.0,3318.0,2503.0,107.44818652849742,75.43701024713683,0.3238341968911917,0.0,0.6476683937823835,0.3238341968911917,13.27720207253886,0.9715025906735753,35.94559585492228,0,1,0.0,,-10.869565217391308,0.7479674796747967,음성군,원남면,"('음성군', '원남면')","('음성군', '원남면')",원남면,7662.2,29488.7,4270.4,588.3,4266.2,2930.4,689.6,0.0,0.0,0.0,4.0,0.0,0.0,1.0,13.0,0.0,0.0,1.0,27.0,23838.1,62.3,음성군,원남면,"('음성군', '원남면')"
원남면,4377032000,원남면,음성군,2021,3001.0,319.0,119.0,1345.0,130.0,10.629790069976677,3.96534488503832,44.81839386871043,4.33188937020993,8.006700845440367,-1.992161985630303,-8.333333333333337,7.0,3062.0,3031.5,0.2309087910275441,1.0,0.0,2.0,1.0,111.0,529.378,40.0,53.0,3.0,0.0,136.0,534.0,3869.0,2940.0,128.92369210263246,75.98862755233911,0.3332222592469177,0.0,0.6664445184938355,0.3332222592469177,13.32889036987671,0.9996667777407532,36.98767077640787,0,1,0.0,,2.564102564102555,2.2977022977022976,음성군,원남면,"('음성군', '원남면')","('음성군', '원남면')",원남면,7662.2,29488.7,4270.4,588.3,4266.2,2930.4,689.6,0.0,0.0,0.0,4.0,0.0,0.0,1.0,13.0,0.0,0.0,1.0,27.0,23838.1,62.3,음성군,원남면,"('음성군', '원남면')"
원남면,4377032000,원남면,음성군,2022,3005.0,301.0,97.0,1388.0,120.0,10.016638935108151,3.2279534109816974,46.18968386023295,3.9933444259567374,8.008032846969307,0.1332889036987694,-5.642633228840122,69.0,3001.0,3003.0,2.2977022977022976,1.0,0.0,2.0,1.0,111.0,529.378,40.0,54.0,3.0,0.0,138.0,545.0,3845.0,2943.0,127.95341098169716,76.54096228868661,0.3327787021630615,0.0,0.6655574043261231,0.3327787021630615,13.31114808652246,0.9983361064891848,36.93843594009984,0,1,0.0,,0.0,1.167250291812573,음성군,원남면,"('음성군', '원남면')","('음성군', '원남면')",원남면,7662.2,29488.7,4270.4,588.3,4266.2,2930.4,689.6,0.0,0.0,0.0,4.0,0.0,0.0,1.0,13.0,0.0,0.0,1.0,27.0,23838.1,62.3,음성군,원남면,"('음성군', '원남면')"
원남면,4377032000,원남면,음성군,2023,2992.0,286.0,83.0,1444.0,112.0,9.558823529411764,2.7740641711229945,48.26203208556149,3.7433155080213902,8.003697339094368,-0.4326123128119752,-4.983388704318936,35.0,3005.0,2998.5,1.167250291812573,1.0,0.0,2.0,1.0,111.0,529.378,32.0,49.0,2.0,0.0,120.0,584.0,3774.0,2733.0,126.13636363636364,72.41653418124007,0.3342245989304812,0.0,0.6684491978609625,0.3342245989304812,10.6951871657754,0.6684491978609625,37.09893048128343,0,1,0.0,,-20.0,2.797202797202797,음성군,원남면,"('음성군', '원남면')","('음성군', '원남면')",원남면,7662.2,29488.7,4270.4,588.3,4266.2,2930.4,689.6,0.0,0.0,0.0,4.0,0.0,0.0,1.0,13.0,0.0,0.0,1.0,27.0,23838.1,62.3,음성군,원남면,"('음성군', '원남면')"
원남면,4377032000,원남면,음성군,2024,3014.0,262.0,100.0,1508.0,94.0,8.69276708692767,3.3178500331785004,50.033178500331786,3.11877903118779,8.01102337918644,0.7352941176470562,-8.391608391608397,84.0,2992.0,3003.0,2.797202797202797,1.0,0.0,2.0,1.0,111.0,529.378,35.0,53.0,3.0,0.0,130.0,636.0,3981.0,2853.0,132.0836098208361,71.66541070082893,0.33178500331785,0.0,0.6635700066357,0.33178500331785,11.612475116124752,0.9953550099535502,36.82813536828136,0,1,0.0,,9.375,1.6977363515312915,음성군,원남면,"('음성군', '원남면')","('음성군', '원남면')",원남면,7662.2,29488.7,4270.4,588.3,4266.2,2930.4,689.6,0.0,0.0,0.0,4.0,0.0,0.0,1.0,13.0,0.0,0.0,1.0,27.0,23838.1,62.3,음성군,원남면,"('음성군', '원남면')"
율량사천동,4311454000,율량.사천동,청주시,2017,50143.0,15570.0,8040.0,4154.0,7617.0,31.051193586343057,16.034142352870788,8.284306882316574,15.19055501266378,10.82263420239148,0.8223750351872061,0.561906607246665,105.0,49734.0,49938.5,0.2102586181002633,52.0,2.0,10.0,1.0,76.0,115.739,488.0,642.0,48.0,17.0,1836.0,3537.0,15218.0,1108.0,30.349201284326828,7.280851623077934,1.0370340825239814,0.0398859262509223,0.1994296312546118,0.0199429631254611,9.732166005225055,0.9572622300221368,1.5156651975350497,0,0,1.9607843137254832,0.0,19.31540342298288,-1.0255692609104177,청주시,율량사천동,"('청주시', '율량사천동')","('청주시', '율량사천동')",율량·사천동,803.0,946.0,432.0,337.8,2170.8,732.0,160.4,7.0,15.0,39.0,58.0,0.0,6.0,19.0,35.0,7.0,19.0,67.0,165.0,353.4,32.6,청주시,율량사천동,"('청주시', '율량사천동')"
율량사천동,4311454000,율량.사천동,청주시,2018,49899.0,15422.0,7738.0,4420.0,7457.0,30.906430990601013,15.5073247960881,8.857892943746368,14.944187258261689,10.817756241458644,-0.4866083002612487,-0.9505459216441858,-513.0,50143.0,50021.0,-1.0255692609104177,52.0,2.0,10.0,1.0,76.0,115.739,513.0,720.0,53.0,17.0,2008.0,3763.0,15913.0,1091.0,31.89041864566424,6.856029661283228,1.0421050522054551,0.0400809635463636,0.2004048177318182,0.0200404817731818,10.280767149642278,1.062145533978637,1.5230766147618189,0,0,0.0,0.0,5.122950819672134,-1.0151876086803566,청주시,율량사천동,"('청주시', '율량사천동')","('청주시', '율량사천동')",율량·사천동,803.0,946.0,432.0,337.8,2170.8,732.0,160.4,7.0,15.0,39.0,58.0,0.0,6.0,19.0,35.0,7.0,19.0,67.0,165.0,353.4,32.6,청주시,율량사천동,"('청주시', '율량사천동')"
율량사천동,4311454000,율량.사천동,청주시,2019,49590.0,15118.0,7406.0,4770.0,7315.0,30.485985077636617,14.934462593264772,9.618874773139746,14.75095785440613,10.81154447948318,-0.6192508867913227,-1.9712099597976929,-505.0,49899.0,49744.5,-1.0151876086803566,52.0,2.0,10.0,1.0,76.0,115.739,514.0,784.0,62.0,18.0,2141.0,3908.0,16755.0,1175.0,33.7870538415003,7.012831990450612,1.048598507763662,0.0403307118370639,0.2016535591853196,0.0201653559185319,10.36499294212543,1.2502520669489816,1.5325670498084292,0,0,0.0,0.0,0.1949317738791478,-3.955330449880313,청주시,율량사천동,"('청주시', '율량사천동')","('청주시', '율량사천동')",율량·사천동,803.0,946.0,432.0,337.8,2170.8,732.0,160.4,7.0,15.0,39.0,58.0,0.0,6.0,19.0,35.0,7.0,19.0,67.0,165.0,353.4,32.6,청주시,율량사천동,"('청주시', '율량사천동')"
율량사천동,4311454000,율량.사천동,청주시,2021,47655.0,14050.0,6500.0,5572.0,6630.0,29.48274053089917,13.639702024971148,11.692372258944497,13.91249606547057,10.771742835371729,-0.1926822627599689,-0.7067137809187329,-126.0,47747.0,47701.0,-0.2641454057566927,48.0,4.0,10.0,1.0,76.0,115.739,542.0,876.0,84.0,20.0,2383.0,5185.0,17994.0,1277.0,37.75889203651243,7.096810047793708,1.0072395341517155,0.0839366278459763,0.2098415696149407,0.020984156961494,11.373413073129788,1.762669184765502,1.5947959290735494,0,0,0.0,100.0,1.879699248120304,2.494272296575818,청주시,율량사천동,"('청주시', '율량사천동')","('청주시', '율량사천동')",율량·사천동,803.0,946.0,432.0,337.8,2170.8,732.0,160.4,7.0,15.0,39.0,58.0,0.0,6.0,19.0,35.0,7.0,19.0,67.0,165.0,353.4,32.6,청주시,율량사천동,"('청주시', '율량사천동')"
율량사천동,4311454000,율량.사천동,청주시,2022,48806.0,14278.0,6248.0,6091.0,6552.0,29.254599844281444,12.801704708437486,12.480022947998195,13.424578945211657,10.795608535103078,2.415276466267957,1.622775800711751,1203.0,47655.0,48230.5,2.494272296575818,46.0,4.0,10.0,1.0,76.0,115.739,563.0,918.0,98.0,22.0,2511.0,5288.0,18339.0,1242.0,37.57529811908372,6.77245215115328,0.942507068803016,0.0819571364176535,0.2048928410441339,0.0204892841044133,11.53546695078474,2.007949842232512,1.5571855919354176,0,0,-4.166666666666663,0.0,3.874538745387457,-1.549747727483775,청주시,율량사천동,"('청주시', '율량사천동')","('청주시', '율량사천동')",율량·사천동,803.0,946.0,432.0,337.8,2170.8,732.0,160.4,7.0,15.0,39.0,58.0,0.0,6.0,19.0,35.0,7.0,19.0,67.0,165.0,353.4,32.6,청주시,율량사천동,"('청주시', '율량사천동')"
율량사천동,4311454000,율량.사천동,청주시,2023,48113.0,13832.0,5879.0,6456.0,6310.0,28.748986760335043,12.219150749277745,13.418410824517284,13.114958535115251,10.781307689847692,-1.4199073884358482,-3.123686790867064,-751.0,48806.0,48459.5,-1.549747727483775,40.0,4.0,10.0,1.0,76.0,115.739,551.0,870.0,89.0,17.0,2420.0,5472.0,18855.0,1161.0,39.18899257996799,6.157517899761337,0.8313761353480348,0.0831376135348034,0.2078440338370087,0.0207844033837008,11.45220626441918,1.8498119011493777,1.579614657161266,0,0,-13.043478260869568,0.0,-2.131438721136769,-2.23062381852552,청주시,율량사천동,"('청주시', '율량사천동')","('청주시', '율량사천동')",율량·사천동,803.0,946.0,432.0,337.8,2170.8,732.0,160.4,7.0,15.0,39.0,58.0,0.0,6.0,19.0,35.0,7.0,19.0,67.0,165.0,353.4,32.6,청주시,율량사천동,"('청주시', '율량사천동')"
율량사천동,4311454000,율량.사천동,청주시,2024,47107.0,13187.0,5426.0,7022.0,6003.0,27.99371643280192,11.518457978644363,14.906489481393423,12.743329016918931,10.760176888919194,-2.0909109804003068,-4.6631000578369,-1062.0,48113.0,47610.0,-2.23062381852552,38.0,4.0,10.0,1.0,76.0,115.739,526.0,869.0,90.0,19.0,2377.0,5358.0,18691.0,1087.0,39.67775489842274,5.815633192445562,0.806674167321205,0.0849130702443373,0.2122826756108434,0.0212282675610843,11.166068737130365,1.9105440804975904,1.61334833464241,0,0,-5.000000000000004,0.0,-4.537205081669693,-1.2714897800002136,청주시,율량사천동,"('청주시', '율량사천동')","('청주시', '율량사천동')",율량·사천동,803.0,946.0,432.0,337.8,2170.8,732.0,160.4,7.0,15.0,39.0,58.0,0.0,6.0,19.0,35.0,7.0,19.0,67.0,165.0,353.4,32.6,청주시,율량사천동,"('청주시', '율량사천동')"
음성읍,4377025000,음성읍,음성군,2017,18079.0,3932.0,1918.0,3590.0,1755.0,21.748990541512253,10.608993860279885,19.85729299186902,9.70739532053764,9.802506322682014,-1.712514950527344,-5.458042798749696,-258.0,18394.0,18236.5,-1.414745153949497,10.0,3.0,7.0,4.0,126.0,638.262,275.0,357.0,23.0,18.0,976.0,1632.0,8257.0,1340.0,45.67177388129874,16.22865447499092,0.5531279384921732,0.1659383815476519,0.3871895569445213,0.2212511753968692,15.211018308534763,1.2721942585319983,6.969412025001383,0,0,0.0,0.0,15.062761506276146,-1.3446784767750035,음성군,음성읍,"('음성군', '음성읍')","('음성군', '음성읍')",음성읍,1960.4,25499.8,5501.5,640.2,1434.2,1370.1,449.5,0.0,1.0,1.0,6.0,2.0,4.0,6.0,8.0,2.0,5.0,7.0,26.0,21659.8,3072.6,음성군,음성읍,"('음성군', '음성읍')"
음성읍,4377025000,음성읍,음성군,2018,17766.0,3688.0,1811.0,3734.0,1629.0,20.75875267364629,10.193628278734662,21.01767420916357,9.16919959473151,9.785041797329646,-1.7312904474805046,-6.205493387589012,-241.0,18079.0,17922.5,-1.3446784767750035,9.0,3.0,7.0,4.0,126.0,638.262,286.0,376.0,24.0,19.0,1030.0,1618.0,8554.0,1323.0,48.14814814814815,15.46644844517185,0.5065856129685917,0.1688618709895306,0.3940110323089046,0.225149161319374,16.09816503433525,1.3508949679162447,7.092198581560284,0,0,-9.999999999999998,0.0,4.000000000000004,-1.6494141735866226,음성군,음성읍,"('음성군', '음성읍')","('음성군', '음성읍')",음성읍,1960.4,25499.8,5501.5,640.2,1434.2,1370.1,449.5,0.0,1.0,1.0,6.0,2.0,4.0,6.0,8.0,2.0,5.0,7.0,26.0,21659.8,3072.6,음성군,음성읍,"('음성군', '음성읍')"
음성읍,4377025000,음성읍,음성군,2019,17398.0,3513.0,1680.0,3855.0,1557.0,20.191976089205657,9.65628233130245,22.157719278077938,8.949304517760662,9.764110536067486,-2.07137228413824,-4.7451193058568375,-290.0,17766.0,17582.0,-1.6494141735866226,9.0,3.0,7.0,4.0,126.0,638.262,285.0,364.0,31.0,21.0,1037.0,1648.0,8895.0,1268.0,51.12656627198528,14.25519955030916,0.5173008391769169,0.1724336130589723,0.402345097137602,0.2299114840786297,16.381193240602368,1.7818140016093804,7.242211748476837,0,0,0.0,0.0,-0.3496503496503544,-1.9039855599871904,음성군,음성읍,"('음성군', '음성읍')","('음성군', '음성읍')",음성읍,1960.4,25499.8,5501.5,640.2,1434.2,1370.1,449.5,0.0,1.0,1.0,6.0,2.0,4.0,6.0,8.0,2.0,5.0,7.0,26.0,21659.8,3072.6,음성군,음성읍,"('음성군', '음성읍')"
음성읍,4377025000,음성읍,음성군,2021,16669.0,3041.0,1464.0,4222.0,1357.0,18.24344591757154,8.7827704121423,25.3284540164377,8.140860279560862,9.721305985943088,-1.6636186655654583,-6.574500768049152,-81.0,16951.0,16810.0,-0.4818560380725759,9.0,2.0,7.0,5.0,126.0,638.262,306.0,387.0,32.0,22.0,1108.0,2232.0,8854.0,1310.0,53.11656368108465,14.795572622543482,0.5399244105825184,0.1199832023516707,0.4199412082308477,0.2999580058791769,18.35742995980563,1.919731237626732,7.558941748155259,0,0,0.0,0.0,5.154639175257736,2.064993584196234,음성군,음성읍,"('음성군', '음성읍')","('음성군', '음성읍')",음성읍,1960.4,25499.8,5501.5,640.2,1434.2,1370.1,449.5,0.0,1.0,1.0,6.0,2.0,4.0,6.0,8.0,2.0,5.0,7.0,26.0,21659.8,3072.6,음성군,음성읍,"('음성군', '음성읍')"
음성읍,4377025000,음성읍,음성군,2022,16842.0,3010.0,1403.0,4448.0,1327.0,17.871986699916874,8.33036456477853,26.41016506353165,7.879111744448402,9.731631045589936,1.0378547003419447,-1.0194015126603118,346.0,16669.0,16755.5,2.064993584196234,9.0,2.0,7.0,5.0,126.0,638.262,309.0,393.0,35.0,23.0,1132.0,2287.0,8487.0,1218.0,50.39187744923406,14.351360904913395,0.5343783398646241,0.1187507421921387,0.4156275976724854,0.2968768554803467,18.34698966868543,2.078137988362428,7.481296758104738,0,0,0.0,0.0,0.9803921568627416,-1.1693451667066443,음성군,음성읍,"('음성군', '음성읍')","('음성군', '음성읍')",음성읍,1960.4,25499.8,5501.5,640.2,1434.2,1370.1,449.5,0.0,1.0,1.0,6.0,2.0,4.0,6.0,8.0,2.0,5.0,7.0,26.0,21659.8,3072.6,음성군,음성읍,"('음성군', '음성읍')"
음성읍,4377025000,음성읍,음성군,2023,16510.0,2792.0,1299.0,4655.0,1210.0,16.910963052695337,7.867958812840703,28.195033313143547,7.328891580860085,9.711721536914174,-1.9712623203895,-7.242524916943527,-195.0,16842.0,16676.0,-1.1693451667066443,10.0,2.0,7.0,5.0,126.0,638.262,271.0,379.0,13.0,6.0,1048.0,2264.0,8491.0,1217.0,51.42943670502726,14.332822989047225,0.6056935190793458,0.1211387038158691,0.423985463355542,0.3028467595396729,16.41429436705027,0.7874015748031495,7.631738340399758,0,0,11.111111111111116,0.0,-12.297734627831714,-1.6488905234767683,음성군,음성읍,"('음성군', '음성읍')","('음성군', '음성읍')",음성읍,1960.4,25499.8,5501.5,640.2,1434.2,1370.1,449.5,0.0,1.0,1.0,6.0,2.0,4.0,6.0,8.0,2.0,5.0,7.0,26.0,21659.8,3072.6,음성군,음성읍,"('음성군', '음성읍')"
음성읍,4377025000,음성읍,음성군,2024,16118.0,2613.0,1186.0,4855.0,1129.0,16.211688795135874,7.358233031393473,30.121603176572776,7.0045911403399925,9.687691938884456,-2.374318594791036,-6.4111747851002825,-269.0,16510.0,16314.0,-1.6488905234767683,9.0,2.0,7.0,5.0,126.0,638.262,269.0,395.0,15.0,8.0,1061.0,2299.0,8969.0,1353.0,55.6458617694503,15.085293789720147,0.5583819332423378,0.1240848740538528,0.4342970591884849,0.3102121851346321,16.689415560243205,0.9306365554038964,7.817347065392727,0,0,-9.999999999999998,0.0,-0.7380073800738018,-2.300081920725944,음성군,음성읍,"('음성군', '음성읍')","('음성군', '음성읍')",음성읍,1960.4,25499.8,5501.5,640.2,1434.2,1370.1,449.5,0.0,1.0,1.0,6.0,2.0,4.0,6.0,8.0,2.0,5.0,7.0,26.0,21659.8,3072.6,음성군,음성읍,"('음성군', '음성읍')"
이원면,4373036000,이원면,옥천군,2017,4471.0,650.0,245.0,1596.0,268.0,14.538134645493178,5.479758443301275,35.69671214493402,5.994184746141803,8.405367376233981,-1.193370165745855,-1.9607843137254943,-2.0,4525.0,4498.0,-0.0444642063139172,1.0,0.0,2.0,0.0,86.0,468.043,76.0,45.0,0.0,1.0,143.0,250.0,1547.0,824.0,34.60076045627377,53.264382676147385,0.2236636099306642,0.0,0.4473272198613285,0.0,16.998434354730485,0.0,19.23507045403713,1,1,0.0,,2.7027027027026973,-0.6549232158988257,옥천군,이원면,"('옥천군', '이원면')","('옥천군', '이원면')",이원면,8010.6,12868.6,6409.5,671.5,9333.1,3172.2,566.4,0.0,0.0,0.0,5.0,0.0,0.0,0.0,9.0,2.0,2.0,4.0,20.0,8287.8,2788.1,옥천군,이원면,"('옥천군', '이원면')"
이원면,4373036000,이원면,옥천군,2018,4385.0,602.0,226.0,1630.0,251.0,13.728620296465222,5.153933865450399,37.172177879133415,5.72405929304447,8.385944904806284,-1.923507045403716,-7.384615384615389,-29.0,4471.0,4428.0,-0.6549232158988257,1.0,0.0,2.0,0.0,86.0,468.043,81.0,46.0,1.0,1.0,150.0,260.0,1679.0,832.0,38.289623717217786,49.55330553901132,0.2280501710376282,0.0,0.4561003420752565,0.0,18.47206385404789,0.2280501710376282,19.612314709236035,1,1,0.0,,6.578947368421062,-0.3917953445494353,옥천군,이원면,"('옥천군', '이원면')","('옥천군', '이원면')",이원면,8010.6,12868.6,6409.5,671.5,9333.1,3172.2,566.4,0.0,0.0,0.0,5.0,0.0,0.0,0.0,9.0,2.0,2.0,4.0,20.0,8287.8,2788.1,옥천군,이원면,"('옥천군', '이원면')"
이원면,4373036000,이원면,옥천군,2019,4293.0,548.0,207.0,1665.0,233.0,12.764966224085722,4.821802935010482,38.78406708595388,5.427440018634988,8.36474106822456,-2.098061573546184,-8.97009966777409,-17.0,4385.0,4339.0,-0.3917953445494353,1.0,0.0,2.0,0.0,86.0,468.043,83.0,47.0,2.0,1.0,157.0,276.0,1693.0,776.0,39.436291637549495,45.83579444772593,0.2329373398555788,0.0,0.4658746797111577,0.0,19.333799208013044,0.4658746797111577,20.032611227579785,1,1,0.0,,2.4691358024691468,0.1404165691551603,옥천군,이원면,"('옥천군', '이원면')","('옥천군', '이원면')",이원면,8010.6,12868.6,6409.5,671.5,9333.1,3172.2,566.4,0.0,0.0,0.0,5.0,0.0,0.0,0.0,9.0,2.0,2.0,4.0,20.0,8287.8,2788.1,옥천군,이원면,"('옥천군', '이원면')"
이원면,4373036000,이원면,옥천군,2021,4048.0,462.0,159.0,1722.0,189.0,11.41304347826087,3.9278656126482216,42.5395256916996,4.6689723320158105,8.305978210967302,-4.820126969198213,-14.60258780036968,-114.0,4253.0,4150.5,-2.746657029273581,1.0,0.0,2.0,0.0,86.0,468.043,99.0,55.0,2.0,1.0,188.0,518.0,1733.0,790.0,42.81126482213439,45.585689555683786,0.2470355731225296,0.0,0.4940711462450592,0.0,24.45652173913044,0.4940711462450592,21.245059288537547,1,1,0.0,,7.608695652173902,0.9924327006574866,옥천군,이원면,"('옥천군', '이원면')","('옥천군', '이원면')",이원면,8010.6,12868.6,6409.5,671.5,9333.1,3172.2,566.4,0.0,0.0,0.0,5.0,0.0,0.0,0.0,9.0,2.0,2.0,4.0,20.0,8287.8,2788.1,옥천군,이원면,"('옥천군', '이원면')"
이원면,4373036000,이원면,옥천군,2022,4013.0,426.0,143.0,1790.0,180.0,10.6154996262148,3.563418888612011,44.60503364066783,4.48542237727386,8.297294370266917,-0.8646245059288571,-7.792207792207795,40.0,4048.0,4030.5,0.9924327006574866,1.0,0.0,2.0,0.0,86.0,468.043,100.0,58.0,3.0,1.0,194.0,530.0,1764.0,720.0,43.957139297283824,40.81632653061224,0.24919013207077,0.0,0.49838026414154,0.0,24.919013207077,0.7475703962123099,21.43035135808622,1,1,0.0,,1.0101010101010166,0.3005635566687539,옥천군,이원면,"('옥천군', '이원면')","('옥천군', '이원면')",이원면,8010.6,12868.6,6409.5,671.5,9333.1,3172.2,566.4,0.0,0.0,0.0,5.0,0.0,0.0,0.0,9.0,2.0,2.0,4.0,20.0,8287.8,2788.1,옥천군,이원면,"('옥천군', '이원면')"
이원면,4373036000,이원면,옥천군,2023,3972.0,395.0,134.0,1826.0,163.0,9.944612286002014,3.3736153071500503,45.9718026183283,4.103726082578047,8.287025025165063,-1.0216795414901614,-7.276995305164324,12.0,4013.0,3992.5,0.3005635566687539,1.0,0.0,2.0,0.0,86.0,468.043,61.0,54.0,2.0,1.0,150.0,603.0,2073.0,651.0,52.19033232628399,31.403762662807527,0.2517623363544813,0.0,0.5035246727089627,0.0,15.357502517623365,0.5035246727089627,21.6515609264854,1,1,0.0,,-39.0,-1.2002042900919303,옥천군,이원면,"('옥천군', '이원면')","('옥천군', '이원면')",이원면,8010.6,12868.6,6409.5,671.5,9333.1,3172.2,566.4,0.0,0.0,0.0,5.0,0.0,0.0,0.0,9.0,2.0,2.0,4.0,20.0,8287.8,2788.1,옥천군,이원면,"('옥천군', '이원면')"
이원면,4373036000,이원면,옥천군,2024,3860.0,366.0,113.0,1863.0,148.0,9.481865284974091,2.927461139896373,48.26424870466322,3.83419689119171,8.258422462458876,-2.8197381671701938,-7.341772151898729,-47.0,3972.0,3916.0,-1.2002042900919303,1.0,0.0,2.0,0.0,86.0,468.043,61.0,60.0,2.0,1.0,155.0,656.0,2053.0,627.0,53.18652849740933,30.54067218704335,0.2590673575129533,0.0,0.5181347150259067,0.0,15.803108808290157,0.5181347150259067,22.27979274611399,1,1,0.0,,0.0,2.427372498386056,옥천군,이원면,"('옥천군', '이원면')","('옥천군', '이원면')",이원면,8010.6,12868.6,6409.5,671.5,9333.1,3172.2,566.4,0.0,0.0,0.0,5.0,0.0,0.0,0.0,9.0,2.0,2.0,4.0,20.0,8287.8,2788.1,옥천군,이원면,"('옥천군', '이원면')"
이월면,4375035000,이월면,진천군,2017,7036.0,1366.0,665.0,1664.0,585.0,19.41444002274019,9.451392836839114,23.649801023308697,8.314383172256964,8.85879510585745,-3.29851566794942,-6.566347469220246,-190.0,7276.0,7156.0,-2.655114589155953,3.0,1.0,4.0,0.0,106.0,524.077,66.0,152.0,4.0,5.0,311.0,866.0,10451.0,8463.0,148.53610005685047,80.97789685197588,0.4263786242183058,0.1421262080727686,0.5685048322910744,0.0,9.380329732802728,0.5685048322910744,15.065378055713472,1,0,-25.0,0.0,24.52830188679245,-5.571847507331378,진천군,이월면,"('진천군', '이월면')","('진천군', '이월면')",이월면,5212.1,30442.9,2586.2,637.0,6021.9,2220.6,498.2,0.0,0.0,1.0,9.0,0.0,0.0,3.0,14.0,2.0,2.0,6.0,42.0,25736.3,28.1,진천군,이월면,"('진천군', '이월면')"
이월면,4375035000,이월면,진천군,2018,6604.0,1231.0,533.0,1668.0,514.0,18.640218049666867,8.070866141732283,25.25741974560872,7.783161720169594,8.795430805040018,-6.1398521887436,-9.882869692532948,-380.0,7036.0,6820.0,-5.571847507331378,2.0,1.0,4.0,0.0,106.0,524.077,81.0,161.0,4.0,5.0,346.0,887.0,11418.0,9359.0,172.89521502119928,81.96706953932387,0.3028467595396729,0.1514233797698364,0.6056935190793458,0.0,12.265293761356755,0.6056935190793458,16.050878255602665,1,0,-33.333333333333336,0.0,22.72727272727273,-3.4325473521453422,진천군,이월면,"('진천군', '이월면')","('진천군', '이월면')",이월면,5212.1,30442.9,2586.2,637.0,6021.9,2220.6,498.2,0.0,0.0,1.0,9.0,0.0,0.0,3.0,14.0,2.0,2.0,6.0,42.0,25736.3,28.1,진천군,이월면,"('진천군', '이월면')"
이월면,4375035000,이월면,진천군,2019,6331.0,1105.0,442.0,1736.0,434.0,17.453798767967147,6.981519507186857,27.420628652661502,6.8551571631653765,8.753213480544126,-4.133858267716539,-10.235580828594635,-222.0,6604.0,6467.5,-3.4325473521453422,2.0,1.0,4.0,0.0,106.0,524.077,80.0,163.0,4.0,5.0,352.0,935.0,12105.0,9731.0,191.2020217975044,80.3882693102024,0.3159058600537039,0.1579529300268519,0.6318117201074079,0.0,12.636234402148162,0.6318117201074079,16.74301058284631,1,0,0.0,0.0,-1.2345679012345734,-3.4037748023874816,진천군,이월면,"('진천군', '이월면')","('진천군', '이월면')",이월면,5212.1,30442.9,2586.2,637.0,6021.9,2220.6,498.2,0.0,0.0,1.0,9.0,0.0,0.0,3.0,14.0,2.0,2.0,6.0,42.0,25736.3,28.1,진천군,이월면,"('진천군', '이월면')"
이월면,4375035000,이월면,진천군,2021,6211.0,1044.0,362.0,1889.0,389.0,16.808887457736272,5.828369022701659,30.41378199967799,6.263081629367252,8.734077192559303,2.3734959617603524,6.313645621181263,224.0,6067.0,6139.0,3.648802736602053,1.0,1.0,4.0,0.0,106.0,524.077,91.0,179.0,7.0,5.0,402.0,1324.0,12294.0,9574.0,197.9391402350668,77.87538636733366,0.1610046691354049,0.1610046691354049,0.6440186765416198,0.0,14.651424891321849,1.1270326839478344,17.066494928352924,1,0,0.0,0.0,3.409090909090917,2.638733407964177,진천군,이월면,"('진천군', '이월면')","('진천군', '이월면')",이월면,5212.1,30442.9,2586.2,637.0,6021.9,2220.6,498.2,0.0,0.0,1.0,9.0,0.0,0.0,3.0,14.0,2.0,2.0,6.0,42.0,25736.3,28.1,진천군,이월면,"('진천군', '이월면')"
이월면,4375035000,이월면,진천군,2022,6295.0,1080.0,337.0,1996.0,401.0,17.156473391580622,5.353455123113583,31.707704527402704,6.370135027799841,8.747510946478448,1.3524392207374003,3.4482758620689724,165.0,6211.0,6253.0,2.638733407964177,1.0,1.0,4.0,0.0,106.0,524.077,97.0,187.0,7.0,5.0,415.0,1292.0,12566.0,9907.0,199.61874503574265,78.83972624542416,0.1588562351072279,0.1588562351072279,0.6354249404289118,0.0,15.409054805401112,1.1119936457505957,16.838760921366166,1,0,0.0,0.0,6.593406593406592,-1.092808356769787,진천군,이월면,"('진천군', '이월면')","('진천군', '이월면')",이월면,5212.1,30442.9,2586.2,637.0,6021.9,2220.6,498.2,0.0,0.0,1.0,9.0,0.0,0.0,3.0,14.0,2.0,2.0,6.0,42.0,25736.3,28.1,진천군,이월면,"('진천군', '이월면')"
이월면,4375035000,이월면,진천군,2023,6150.0,1023.0,303.0,2059.0,369.0,16.634146341463417,4.926829268292683,33.479674796747965,6.0,8.724207360800564,-2.30341540905481,-5.277777777777781,-68.0,6295.0,6222.5,-1.092808356769787,1.0,1.0,4.0,0.0,106.0,524.077,93.0,175.0,1.0,0.0,377.0,1276.0,12705.0,10127.0,206.5853658536585,79.70877607241243,0.1626016260162601,0.1626016260162601,0.6504065040650406,0.0,15.121951219512194,0.1626016260162601,17.235772357723576,1,0,0.0,0.0,-4.123711340206182,5.084475613643608,진천군,이월면,"('진천군', '이월면')","('진천군', '이월면')",이월면,5212.1,30442.9,2586.2,637.0,6021.9,2220.6,498.2,0.0,0.0,1.0,9.0,0.0,0.0,3.0,14.0,2.0,2.0,6.0,42.0,25736.3,28.1,진천군,이월면,"('진천군', '이월면')"
이월면,4375035000,이월면,진천군,2024,6398.0,1029.0,314.0,2192.0,376.0,16.08315098468271,4.90778368240075,34.26070647077212,5.876836511409816,8.763740720509464,4.032520325203248,0.5865102639296182,319.0,6150.0,6274.0,5.084475613643608,1.0,1.0,4.0,0.0,106.0,524.077,86.0,174.0,6.0,2.0,377.0,1268.0,12058.0,9692.0,188.4651453579244,80.37817216785537,0.1562988433885589,0.1562988433885589,0.6251953735542357,0.0,13.441700531416068,0.9377930603313536,16.567677399187247,1,0,0.0,0.0,-7.526881720430111,2.0244491162500973,진천군,이월면,"('진천군', '이월면')","('진천군', '이월면')",이월면,5212.1,30442.9,2586.2,637.0,6021.9,2220.6,498.2,0.0,0.0,1.0,9.0,0.0,0.0,3.0,14.0,2.0,2.0,6.0,42.0,25736.3,28.1,진천군,이월면,"('진천군', '이월면')"
장안면,4372032500,장안면,보은군,2017,1654.0,350.0,170.0,487.0,138.0,21.16082224909311,10.278113663845224,29.44377267230956,8.34340991535671,7.410951875583635,0.0604960677555999,-3.314917127071826,6.0,1653.0,1653.5,0.3628666465074085,0.0,0.0,1.0,0.0,38.0,196.988,11.0,15.0,1.0,0.0,35.0,85.0,1238.0,995.0,74.84885126964933,80.37156704361874,0.0,0.0,0.6045949214026601,0.0,6.650544135429262,0.6045949214026601,22.97460701330109,1,1,,,0.0,-1.46163215590743,보은군,장안면,"('보은군', '장안면')","('보은군', '장안면')",장안면,8519.7,9151.2,8956.8,548.2,8423.5,2117.0,649.0,0.0,0.0,0.0,4.0,0.0,0.0,0.0,6.0,0.0,0.0,4.0,20.0,5579.7,5968.4,보은군,장안면,"('보은군', '장안면')"
장안면,4372032500,장안면,보은군,2018,1630.0,324.0,155.0,489.0,116.0,19.87730061349693,9.509202453987731,30.0,7.116564417177915,7.396335293800808,-1.45102781136639,-7.428571428571429,-24.0,1654.0,1642.0,-1.46163215590743,1.0,0.0,1.0,0.0,38.0,196.988,11.0,14.0,1.0,0.0,34.0,92.0,1098.0,826.0,67.36196319018404,75.22768670309654,0.6134969325153374,0.0,0.6134969325153374,0.0,6.748466257668712,0.6134969325153374,23.31288343558282,1,1,inf,,0.0,-6.099110546378653,보은군,장안면,"('보은군', '장안면')","('보은군', '장안면')",장안면,8519.7,9151.2,8956.8,548.2,8423.5,2117.0,649.0,0.0,0.0,0.0,4.0,0.0,0.0,0.0,6.0,0.0,0.0,4.0,20.0,5579.7,5968.4,보은군,장안면,"('보은군', '장안면')"
장안면,4372032500,장안면,보은군,2019,1518.0,278.0,122.0,488.0,97.0,18.31357048748353,8.036890645586297,32.14756258234519,6.389986824769434,7.325148957955575,-6.871165644171784,-14.197530864197528,-96.0,1630.0,1574.0,-6.099110546378653,1.0,0.0,1.0,0.0,38.0,196.988,11.0,14.0,1.0,0.0,37.0,98.0,1044.0,762.0,68.77470355731225,72.98850574712644,0.6587615283267457,0.0,0.6587615283267457,0.0,7.246376811594203,0.6587615283267457,25.032938076416336,1,1,0.0,,0.0,-2.345058626465661,보은군,장안면,"('보은군', '장안면')","('보은군', '장안면')",장안면,8519.7,9151.2,8956.8,548.2,8423.5,2117.0,649.0,0.0,0.0,0.0,4.0,0.0,0.0,0.0,6.0,0.0,0.0,4.0,20.0,5579.7,5968.4,보은군,장안면,"('보은군', '장안면')"
장안면,4372032500,장안면,보은군,2021,1455.0,238.0,119.0,517.0,80.0,16.3573883161512,8.1786941580756,35.53264604810997,5.498281786941581,7.282761179605593,-0.8179959100204526,-2.4590163934426257,14.0,1467.0,1461.0,0.9582477754962354,1.0,0.0,1.0,0.0,38.0,196.988,11.0,16.0,1.0,0.0,40.0,166.0,1232.0,835.0,84.67353951890034,67.77597402597402,0.6872852233676976,0.0,0.6872852233676976,0.0,7.560137457044673,0.6872852233676976,26.116838487972508,1,1,0.0,,0.0,-0.4856052722858134,보은군,장안면,"('보은군', '장안면')","('보은군', '장안면')",장안면,8519.7,9151.2,8956.8,548.2,8423.5,2117.0,649.0,0.0,0.0,0.0,4.0,0.0,0.0,0.0,6.0,0.0,0.0,4.0,20.0,5579.7,5968.4,보은군,장안면,"('보은군', '장안면')"
장안면,4372032500,장안면,보은군,2022,1428.0,224.0,115.0,514.0,80.0,15.68627450980392,8.053221288515406,35.99439775910364,5.602240896358544,7.2640301428995295,-1.855670103092788,-5.882352941176472,-7.0,1455.0,1441.5,-0.4856052722858134,1.0,0.0,1.0,0.0,38.0,196.988,11.0,16.0,1.0,0.0,41.0,149.0,1239.0,864.0,86.76470588235294,69.73365617433413,0.7002801120448179,0.0,0.7002801120448179,0.0,7.703081232492997,0.7002801120448179,26.61064425770308,1,1,0.0,,0.0,-2.202486678507993,보은군,장안면,"('보은군', '장안면')","('보은군', '장안면')",장안면,8519.7,9151.2,8956.8,548.2,8423.5,2117.0,649.0,0.0,0.0,0.0,4.0,0.0,0.0,0.0,6.0,0.0,0.0,4.0,20.0,5579.7,5968.4,보은군,장안면,"('보은군', '장안면')"
장안면,4372032500,장안면,보은군,2023,1387.0,204.0,100.0,525.0,76.0,14.708002883922134,7.209805335255948,37.85147801009373,5.47945205479452,7.234898420314831,-2.8711484593837544,-8.92857142857143,-31.0,1428.0,1407.5,-2.202486678507993,1.0,0.0,1.0,0.0,38.0,196.988,9.0,13.0,1.0,0.0,33.0,166.0,1228.0,794.0,88.53640951694304,64.65798045602605,0.7209805335255948,0.0,0.7209805335255948,0.0,6.4888248017303525,0.7209805335255948,27.3972602739726,1,1,0.0,,-18.181818181818176,1.8711766822598053,보은군,장안면,"('보은군', '장안면')","('보은군', '장안면')",장안면,8519.7,9151.2,8956.8,548.2,8423.5,2117.0,649.0,0.0,0.0,0.0,4.0,0.0,0.0,0.0,6.0,0.0,0.0,4.0,20.0,5579.7,5968.4,보은군,장안면,"('보은군', '장안면')"
장안면,4372032500,장안면,보은군,2024,1392.0,193.0,96.0,526.0,77.0,13.864942528735632,6.896551724137931,37.78735632183909,5.531609195402299,7.238496840894365,0.3604902667627918,-5.392156862745101,26.0,1387.0,1389.5,1.8711766822598053,1.0,0.0,1.0,0.0,38.0,196.988,8.0,14.0,1.0,0.0,34.0,157.0,1267.0,856.0,91.02011494252874,67.5611681136543,0.7183908045977011,0.0,0.7183908045977011,0.0,5.747126436781609,0.7183908045977011,27.298850574712645,1,1,0.0,,-11.111111111111116,1.4357501794687724,보은군,장안면,"('보은군', '장안면')","('보은군', '장안면')",장안면,8519.7,9151.2,8956.8,548.2,8423.5,2117.0,649.0,0.0,0.0,0.0,4.0,0.0,0.0,0.0,6.0,0.0,0.0,4.0,20.0,5579.7,5968.4,보은군,장안면,"('보은군', '장안면')"
장연면,4376032000,장연면,괴산군,2017,2024.0,255.0,66.0,730.0,107.0,12.598814229249012,3.260869565217391,36.06719367588933,5.286561264822135,7.6128310304073565,-1.0752688172043,-6.25,11.0,2046.0,2035.0,0.5405405405405406,0.0,0.0,1.0,0.0,83.0,392.794,22.0,13.0,1.0,0.0,40.0,75.0,403.0,10.0,19.911067193675887,2.481389578163772,0.0,0.0,0.4940711462450592,0.0,10.869565217391305,0.4940711462450592,41.00790513833992,1,1,,,15.789473684210533,-0.7990012484394506,괴산군,장연면,"('괴산군', '장연면')","('괴산군', '장연면')",장연면,7287.5,21832.8,14611.5,616.3,12070.6,4442.0,937.5,0.0,0.0,1.0,4.0,0.0,0.0,0.0,9.0,1.0,1.0,3.0,20.0,13523.4,10423.0,괴산군,장연면,"('괴산군', '장연면')"
장연면,4376032000,장연면,괴산군,2018,1981.0,236.0,68.0,730.0,88.0,11.913175164058556,3.432609793033821,36.85007571933367,4.442200908632004,7.591357046698551,-2.12450592885376,-7.450980392156858,-16.0,2024.0,2002.5,-0.7990012484394506,0.0,0.0,1.0,0.0,83.0,392.794,20.0,15.0,1.0,0.0,41.0,75.0,382.0,17.0,19.28319030792529,4.450261780104712,0.0,0.0,0.5047955577990914,0.0,10.095911155981828,0.5047955577990914,41.89803129732458,1,1,,,-9.090909090909092,0.9591115598182736,괴산군,장연면,"('괴산군', '장연면')","('괴산군', '장연면')",장연면,7287.5,21832.8,14611.5,616.3,12070.6,4442.0,937.5,0.0,0.0,1.0,4.0,0.0,0.0,0.0,9.0,1.0,1.0,3.0,20.0,13523.4,10423.0,괴산군,장연면,"('괴산군', '장연면')"
장연면,4376032000,장연면,괴산군,2019,1981.0,222.0,47.0,764.0,88.0,11.206461383139828,2.3725391216557297,38.56638061585058,4.442200908632004,7.591357046698551,0.0,-5.932203389830503,19.0,1981.0,1981.0,0.9591115598182736,0.0,0.0,1.0,0.0,83.0,392.794,21.0,17.0,1.0,0.0,45.0,81.0,366.0,17.0,18.475517415446745,4.644808743169399,0.0,0.0,0.5047955577990914,0.0,10.60070671378092,0.5047955577990914,41.89803129732458,1,1,,,5.000000000000004,2.7631248430042703,괴산군,장연면,"('괴산군', '장연면')","('괴산군', '장연면')",장연면,7287.5,21832.8,14611.5,616.3,12070.6,4442.0,937.5,0.0,0.0,1.0,4.0,0.0,0.0,0.0,9.0,1.0,1.0,3.0,20.0,13523.4,10423.0,괴산군,장연면,"('괴산군', '장연면')"
장연면,4376032000,장연면,괴산군,2021,1955.0,172.0,84.0,797.0,73.0,8.797953964194374,4.296675191815857,40.76726342710997,3.734015345268544,7.578145472419466,-2.2499999999999964,-13.567839195979904,-16.0,2000.0,1977.5,-0.809102402022756,0.0,0.0,1.0,0.0,83.0,392.794,23.0,21.0,1.0,0.0,51.0,215.0,479.0,19.0,24.50127877237852,3.966597077244259,0.0,0.0,0.5115089514066495,0.0,11.764705882352942,0.5115089514066495,42.45524296675192,1,1,,,4.545454545454541,-1.1932555123216602,괴산군,장연면,"('괴산군', '장연면')","('괴산군', '장연면')",장연면,7287.5,21832.8,14611.5,616.3,12070.6,4442.0,937.5,0.0,0.0,1.0,4.0,0.0,0.0,0.0,9.0,1.0,1.0,3.0,20.0,13523.4,10423.0,괴산군,장연면,"('괴산군', '장연면')"
장연면,4376032000,장연면,괴산군,2022,1900.0,149.0,78.0,802.0,66.0,7.842105263157895,4.105263157894737,42.21052631578948,3.4736842105263155,7.549609165154532,-2.813299232736577,-13.372093023255816,-23.0,1955.0,1927.5,-1.1932555123216602,0.0,0.0,1.0,0.0,83.0,392.794,24.0,19.0,1.0,0.0,53.0,190.0,464.0,19.0,24.421052631578945,4.094827586206897,0.0,0.0,0.5263157894736842,0.0,12.63157894736842,0.5263157894736842,43.68421052631579,1,1,,,4.347826086956519,1.8435607058203844,괴산군,장연면,"('괴산군', '장연면')","('괴산군', '장연면')",장연면,7287.5,21832.8,14611.5,616.3,12070.6,4442.0,937.5,0.0,0.0,1.0,4.0,0.0,0.0,0.0,9.0,1.0,1.0,3.0,20.0,13523.4,10423.0,괴산군,장연면,"('괴산군', '장연면')"
장연면,4376032000,장연면,괴산군,2023,1897.0,135.0,75.0,841.0,57.0,7.116499736425936,3.953610964681075,44.33315761729046,3.004744333157617,7.5480289699350145,-0.1578947368421013,-9.395973154362414,35.0,1900.0,1898.5,1.8435607058203844,0.0,0.0,1.0,0.0,83.0,392.794,19.0,15.0,1.0,0.0,44.0,241.0,480.0,22.0,25.30311017395888,4.583333333333333,0.0,0.0,0.5271481286241434,0.0,10.015814443858725,0.5271481286241434,43.7532946758039,1,1,,,-20.833333333333336,1.4779625230931646,괴산군,장연면,"('괴산군', '장연면')","('괴산군', '장연면')",장연면,7287.5,21832.8,14611.5,616.3,12070.6,4442.0,937.5,0.0,0.0,1.0,4.0,0.0,0.0,0.0,9.0,1.0,1.0,3.0,20.0,13523.4,10423.0,괴산군,장연면,"('괴산군', '장연면')"
장연면,4376032000,장연면,괴산군,2024,1892.0,124.0,75.0,883.0,48.0,6.553911205073996,3.964059196617336,46.67019027484144,2.536997885835095,7.545389749611823,-0.2635740643120665,-8.148148148148149,28.0,1897.0,1894.5,1.4779625230931646,0.0,0.0,1.0,0.0,83.0,392.794,22.0,16.0,2.0,0.0,49.0,255.0,496.0,15.0,26.215644820295985,3.024193548387097,0.0,0.0,0.5285412262156448,0.0,11.627906976744187,1.0570824524312896,43.868921775898514,1,1,,,15.789473684210533,7.340862422997947,괴산군,장연면,"('괴산군', '장연면')","('괴산군', '장연면')",장연면,7287.5,21832.8,14611.5,616.3,12070.6,4442.0,937.5,0.0,0.0,1.0,4.0,0.0,0.0,0.0,9.0,1.0,1.0,3.0,20.0,13523.4,10423.0,괴산군,장연면,"('괴산군', '장연면')"
적성면,4380035000,적성면,단양군,2017,1568.0,190.0,42.0,601.0,75.0,12.11734693877551,2.6785714285714284,38.329081632653065,4.783163265306122,7.357556200910353,0.7064868336544627,-5.000000000000004,35.0,1557.0,1562.5,2.24,0.0,0.0,1.0,1.0,44.0,369.96,13.0,9.0,0.0,0.0,32.0,87.0,412.0,134.0,26.27551020408163,32.5242718446602,0.0,0.0,0.6377551020408163,0.6377551020408163,8.290816326530612,0.0,28.06122448979592,0,1,,,44.44444444444444,0.5754475703324808,단양군,적성면,"('단양군', '적성면')","('단양군', '적성면')",적성면,12495.2,22710.4,12994.4,1036.6,5914.6,4597.4,1183.7,0.0,0.0,0.0,2.0,0.0,0.0,1.0,10.0,0.0,0.0,7.0,15.0,13462.0,4959.6,단양군,적성면,"('단양군', '적성면')"
적성면,4380035000,적성면,단양군,2018,1560.0,174.0,41.0,602.0,77.0,11.153846153846157,2.628205128205128,38.58974358974359,4.935897435897436,7.352441100243583,-0.5102040816326481,-8.421052631578952,9.0,1568.0,1564.0,0.5754475703324808,0.0,0.0,1.0,1.0,44.0,369.96,15.0,9.0,0.0,0.0,35.0,94.0,478.0,152.0,30.64102564102564,31.79916317991632,0.0,0.0,0.641025641025641,0.641025641025641,9.615384615384617,0.0,28.205128205128208,0,1,,,15.384615384615374,1.856594110115237,단양군,적성면,"('단양군', '적성면')","('단양군', '적성면')",적성면,12495.2,22710.4,12994.4,1036.6,5914.6,4597.4,1183.7,0.0,0.0,0.0,2.0,0.0,0.0,1.0,10.0,0.0,0.0,7.0,15.0,13462.0,4959.6,단양군,적성면,"('단양군', '적성면')"
적성면,4380035000,적성면,단양군,2019,1564.0,161.0,32.0,626.0,69.0,10.294117647058822,2.0460358056265986,40.02557544757033,4.411764705882353,7.355001921105257,0.2564102564102555,-7.471264367816088,29.0,1560.0,1562.0,1.856594110115237,0.0,0.0,1.0,1.0,44.0,369.96,15.0,9.0,0.0,0.0,42.0,104.0,429.0,140.0,27.42966751918158,32.63403263403264,0.0,0.0,0.639386189258312,0.639386189258312,9.59079283887468,0.0,28.132992327365727,0,1,,,0.0,-0.3227888960619754,단양군,적성면,"('단양군', '적성면')","('단양군', '적성면')",적성면,12495.2,22710.4,12994.4,1036.6,5914.6,4597.4,1183.7,0.0,0.0,0.0,2.0,0.0,0.0,1.0,10.0,0.0,0.0,7.0,15.0,13462.0,4959.6,단양군,적성면,"('단양군', '적성면')"
적성면,4380035000,적성면,단양군,2021,1525.0,136.0,33.0,674.0,59.0,8.918032786885247,2.1639344262295084,44.19672131147541,3.868852459016393,7.329749689041512,-0.5867014341590648,-6.849315068493156,30.0,1534.0,1529.5,1.9614253023864008,0.0,0.0,1.0,1.0,44.0,369.96,15.0,10.0,0.0,0.0,45.0,170.0,516.0,124.0,33.83606557377049,24.031007751937985,0.0,0.0,0.6557377049180328,0.6557377049180328,9.836065573770492,0.0,28.852459016393443,0,1,,,0.0,1.2504113195129978,단양군,적성면,"('단양군', '적성면')","('단양군', '적성면')",적성면,12495.2,22710.4,12994.4,1036.6,5914.6,4597.4,1183.7,0.0,0.0,0.0,2.0,0.0,0.0,1.0,10.0,0.0,0.0,7.0,15.0,13462.0,4959.6,단양군,적성면,"('단양군', '적성면')"
적성면,4380035000,적성면,단양군,2022,1514.0,129.0,33.0,705.0,54.0,8.520475561426684,2.179656538969617,46.56538969616909,3.5667107001321003,7.322510433997394,-0.721311475409836,-5.147058823529416,19.0,1525.0,1519.5,1.2504113195129978,0.0,0.0,1.0,1.0,44.0,369.96,18.0,11.0,0.0,0.0,47.0,169.0,514.0,125.0,33.949801849405546,24.31906614785992,0.0,0.0,0.6605019815059445,0.6605019815059445,11.889035667107,0.0,29.06208718626156,0,1,,,20.0,0.2660458929165281,단양군,적성면,"('단양군', '적성면')","('단양군', '적성면')",적성면,12495.2,22710.4,12994.4,1036.6,5914.6,4597.4,1183.7,0.0,0.0,0.0,2.0,0.0,0.0,1.0,10.0,0.0,0.0,7.0,15.0,13462.0,4959.6,단양군,적성면,"('단양군', '적성면')"
적성면,4380035000,적성면,단양군,2023,1493.0,105.0,29.0,734.0,47.0,7.032819825853985,1.942397856664434,49.16275954454119,3.148024112525117,7.30854279753919,-1.387054161162482,-18.6046511627907,4.0,1514.0,1503.5,0.2660458929165281,0.0,0.0,1.0,1.0,44.0,369.96,13.0,12.0,0.0,0.0,45.0,164.0,547.0,152.0,36.63764233087743,27.787934186471663,0.0,0.0,0.6697923643670461,0.6697923643670461,8.707300736771602,0.0,29.47086403215004,0,1,,,-27.77777777777778,-0.1357773251866938,단양군,적성면,"('단양군', '적성면')","('단양군', '적성면')",적성면,12495.2,22710.4,12994.4,1036.6,5914.6,4597.4,1183.7,0.0,0.0,0.0,2.0,0.0,0.0,1.0,10.0,0.0,0.0,7.0,15.0,13462.0,4959.6,단양군,적성면,"('단양군', '적성면')"
적성면,4380035000,적성면,단양군,2024,1453.0,97.0,24.0,766.0,46.0,6.675843083275981,1.6517549896765311,52.7185134205093,3.1658637302133514,7.281385663570282,-2.679169457468189,-7.619047619047614,-2.0,1493.0,1473.0,-0.1357773251866938,0.0,0.0,1.0,1.0,44.0,369.96,12.0,13.0,1.0,0.0,46.0,179.0,528.0,156.0,36.33860977288369,29.545454545454547,0.0,0.0,0.6882312456985547,0.6882312456985547,8.258774948382657,0.6882312456985547,30.282174810736407,0,1,,,-7.692307692307687,2.205375603032391,단양군,적성면,"('단양군', '적성면')","('단양군', '적성면')",적성면,12495.2,22710.4,12994.4,1036.6,5914.6,4597.4,1183.7,0.0,0.0,0.0,2.0,0.0,0.0,1.0,10.0,0.0,0.0,7.0,15.0,13462.0,4959.6,단양군,적성면,"('단양군', '적성면')"
주덕읍,4313025000,주덕읍,충주시,2017,5333.0,894.0,293.0,1537.0,364.0,16.763547721732607,5.494093380836302,28.82055128445528,6.825426589161824,8.581669210600602,-3.666907514450868,-11.485148514851485,-140.0,5536.0,5434.5,-2.5761339589658663,2.0,2.0,3.0,1.0,90.0,524.552,78.0,121.0,4.0,6.0,293.0,645.0,3823.0,2299.0,71.68573035814738,60.13601883337692,0.3750234389649353,0.3750234389649353,0.562535158447403,0.1875117194824676,14.625914119632476,0.7500468779298707,16.87605475342209,0,0,0.0,0.0,8.333333333333325,-3.474755231330389,충주시,주덕읍,"('충주시', '주덕읍')","('충주시', '주덕읍')",주덕읍,3788.3,14660.8,3265.7,738.5,2801.5,1602.2,718.1,0.0,0.0,0.0,1.0,0.0,0.0,0.0,6.0,1.0,1.0,1.0,12.0,12432.7,8.3,충주시,주덕읍,"('충주시', '주덕읍')"
주덕읍,4313025000,주덕읍,충주시,2018,5085.0,788.0,244.0,1560.0,311.0,15.496558505408062,4.7984267453294,30.678466076696164,6.116027531956735,8.53405030848266,-4.6502906431652,-11.85682326621924,-181.0,5333.0,5209.0,-3.474755231330389,2.0,2.0,3.0,1.0,90.0,524.552,77.0,138.0,4.0,7.0,308.0,675.0,4100.0,2445.0,80.62930186823992,59.63414634146341,0.3933136676499509,0.3933136676499509,0.5899705014749262,0.1966568338249754,15.142576204523106,0.7866273352999018,17.69911504424779,0,0,0.0,0.0,-1.2820512820512775,-1.254855094114132,충주시,주덕읍,"('충주시', '주덕읍')","('충주시', '주덕읍')",주덕읍,3788.3,14660.8,3265.7,738.5,2801.5,1602.2,718.1,0.0,0.0,0.0,1.0,0.0,0.0,0.0,6.0,1.0,1.0,1.0,12.0,12432.7,8.3,충주시,주덕읍,"('충주시', '주덕읍')"
주덕읍,4313025000,주덕읍,충주시,2019,4956.0,718.0,212.0,1588.0,276.0,14.487489911218724,4.277643260694108,32.041969330104926,5.569007263922518,8.508354242749032,-2.5368731563421787,-8.883248730964466,-63.0,5085.0,5020.5,-1.254855094114132,2.0,2.0,3.0,1.0,90.0,524.552,85.0,149.0,4.0,7.0,336.0,667.0,4095.0,2304.0,82.62711864406779,56.26373626373626,0.4035512510088781,0.4035512510088781,0.6053268765133172,0.201775625504439,17.150928167877318,0.8071025020177562,18.15980629539952,0,0,0.0,0.0,10.389610389610391,-0.5091649694501018,충주시,주덕읍,"('충주시', '주덕읍')","('충주시', '주덕읍')",주덕읍,3788.3,14660.8,3265.7,738.5,2801.5,1602.2,718.1,0.0,0.0,0.0,1.0,0.0,0.0,0.0,6.0,1.0,1.0,1.0,12.0,12432.7,8.3,충주시,주덕읍,"('충주시', '주덕읍')"
주덕읍,4313025000,주덕읍,충주시,2021,4801.0,646.0,183.0,1718.0,245.0,13.45553009789627,3.81170589460529,35.78421162257863,5.103103520099979,8.476579508530941,-1.2952302631578982,-5.139500734214386,49.0,4864.0,4832.5,1.0139679255043972,2.0,2.0,3.0,1.0,90.0,524.552,90.0,150.0,6.0,7.0,345.0,978.0,4579.0,2444.0,95.37596334097064,53.37409914828565,0.416579879191835,0.416579879191835,0.6248698187877526,0.2082899395959175,18.74609456363257,1.2497396375755052,18.74609456363257,0,0,0.0,0.0,8.43373493975903,1.3804643380046016,충주시,주덕읍,"('충주시', '주덕읍')","('충주시', '주덕읍')",주덕읍,3788.3,14660.8,3265.7,738.5,2801.5,1602.2,718.1,0.0,0.0,0.0,1.0,0.0,0.0,0.0,6.0,1.0,1.0,1.0,12.0,12432.7,8.3,충주시,주덕읍,"('충주시', '주덕읍')"
주덕읍,4313025000,주덕읍,충주시,2022,4761.0,637.0,177.0,1789.0,230.0,13.379542113001468,3.7177063642092,37.57613946649864,4.830917874396135,8.46821300919452,-0.8331597583836725,-1.393188854489169,66.0,4801.0,4781.0,1.3804643380046016,2.0,2.0,3.0,1.0,90.0,524.552,93.0,161.0,7.0,7.0,364.0,993.0,4743.0,2479.0,99.6219281663516,52.26649799704828,0.4200798151648813,0.4200798151648813,0.630119722747322,0.2100399075824406,19.533711405166983,1.4702793530770846,18.90359168241966,0,0,0.0,0.0,3.333333333333344,2.200565859792518,충주시,주덕읍,"('충주시', '주덕읍')","('충주시', '주덕읍')",주덕읍,3788.3,14660.8,3265.7,738.5,2801.5,1602.2,718.1,0.0,0.0,0.0,1.0,0.0,0.0,0.0,6.0,1.0,1.0,1.0,12.0,12432.7,8.3,충주시,주덕읍,"('충주시', '주덕읍')"
중앙탑면,4313038500,중앙탑면,충주시,2018,11076.0,3806.0,2107.0,1200.0,1768.0,34.36258577103647,19.023113037197543,10.834236186348862,15.96244131455399,9.312535884290853,172.47232472324723,280.980980980981,6897.0,4065.0,7570.5,91.10362591638598,1.0,0.0,2.0,1.0,77.0,421.896,81.0,87.0,5.0,1.0,239.0,436.0,2638.0,839.0,23.81726254965692,31.80439727065959,0.0902853015529071,0.0,0.1805706031058143,0.0902853015529071,7.313109425785482,0.4514265077645359,6.951968219573853,0,1,0.0,,9.459459459459453,8.773961147562073,충주시,중앙탑면,"('충주시', '중앙탑면')","('충주시', '중앙탑면')",중앙탑면,7168.7,11468.6,3846.9,358.3,1634.1,1151.8,395.7,0.0,0.0,0.0,11.0,1.0,1.0,2.0,8.0,2.0,2.0,4.0,35.0,4965.2,1427.3,충주시,중앙탑면,"('충주시', '중앙탑면')"
중앙탑면,4313038500,중앙탑면,충주시,2019,12243.0,4228.0,2379.0,1275.0,1927.0,34.53401943967982,19.431511884342072,10.414114187699091,15.739606305644042,9.412709624073916,10.53629469122428,11.087756174461385,1023.0,11076.0,11659.5,8.773961147562073,5.0,0.0,3.0,1.0,77.0,421.896,79.0,131.0,14.0,1.0,300.0,561.0,3335.0,870.0,27.240055541942333,26.08695652173913,0.4083966348117291,0.0,0.2450379808870375,0.0816793269623458,6.45266683002532,1.1435105774728416,6.289308176100629,0,1,400.0,,-2.469135802469136,6.65122305547921,충주시,중앙탑면,"('충주시', '중앙탑면')","('충주시', '중앙탑면')",중앙탑면,7168.7,11468.6,3846.9,358.3,1634.1,1151.8,395.7,0.0,0.0,0.0,11.0,1.0,1.0,2.0,8.0,2.0,2.0,4.0,35.0,4965.2,1427.3,충주시,중앙탑면,"('충주시', '중앙탑면')"
중앙탑면,4313038500,중앙탑면,충주시,2021,13567.0,4516.0,2730.0,1478.0,2050.0,33.28665143362571,20.12235571607577,10.89408122650549,15.110193852730893,9.515395652485308,2.5782549523665432,-1.3327507100720948,213.0,13226.0,13396.5,1.5899675288321578,8.0,0.0,3.0,2.0,77.0,421.896,85.0,173.0,26.0,4.0,385.0,943.0,3536.0,813.0,26.06324168939338,22.9920814479638,0.589666101569986,0.0,0.2211247880887447,0.1474165253924965,6.2652023291811005,1.9164148301024544,5.675536227611115,0,1,14.28571428571428,,4.938271604938271,0.2052484972877877,충주시,중앙탑면,"('충주시', '중앙탑면')","('충주시', '중앙탑면')",중앙탑면,7168.7,11468.6,3846.9,358.3,1634.1,1151.8,395.7,0.0,0.0,0.0,11.0,1.0,1.0,2.0,8.0,2.0,2.0,4.0,35.0,4965.2,1427.3,충주시,중앙탑면,"('충주시', '중앙탑면')"
중앙탑면,4313038500,중앙탑면,충주시,2022,13717.0,4314.0,2768.0,1519.0,1946.0,31.45002551578333,20.179339505722822,11.073849967193992,14.186775534008897,9.526391218478407,1.105623940443734,-4.472984942426928,28.0,13567.0,13642.0,0.2052484972877877,8.0,0.0,3.0,2.0,77.0,421.896,98.0,198.0,32.0,4.0,434.0,961.0,3678.0,918.0,26.813443172705405,24.95921696574225,0.583217904789677,0.0,0.2187067142961288,0.1458044761974192,7.144419333673544,2.332871619158708,5.613472333600642,0,1,0.0,,15.294117647058814,5.463669776646876,충주시,중앙탑면,"('충주시', '중앙탑면')","('충주시', '중앙탑면')",중앙탑면,7168.7,11468.6,3846.9,358.3,1634.1,1151.8,395.7,0.0,0.0,0.0,11.0,1.0,1.0,2.0,8.0,2.0,2.0,4.0,35.0,4965.2,1427.3,충주시,중앙탑면,"('충주시', '중앙탑면')"
중앙탑면,4313038500,중앙탑면,충주시,2023,14579.0,4548.0,2892.0,1590.0,2058.0,31.195555250703062,19.83675149187187,10.906097811921256,14.116194526373553,9.58733741610482,6.284172924108766,5.424200278164126,773.0,13717.0,14148.0,5.463669776646876,8.0,0.0,4.0,2.0,77.0,421.896,92.0,171.0,21.0,1.0,381.0,1022.0,3938.0,925.0,27.011454832293023,23.489080751650583,0.5487344811029563,0.0,0.2743672405514781,0.137183620275739,6.310446532683997,1.4404280128952605,5.281569380615955,0,1,0.0,,-6.122448979591832,-0.1228710877504351,충주시,중앙탑면,"('충주시', '중앙탑면')","('충주시', '중앙탑면')",중앙탑면,7168.7,11468.6,3846.9,358.3,1634.1,1151.8,395.7,0.0,0.0,0.0,11.0,1.0,1.0,2.0,8.0,2.0,2.0,4.0,35.0,4965.2,1427.3,충주시,중앙탑면,"('충주시', '중앙탑면')"
중앙탑면,4313038500,중앙탑면,충주시,2024,14720.0,4306.0,2952.0,1696.0,1955.0,29.25271739130435,20.05434782608696,11.521739130434783,13.28125,9.596962392282869,0.9671445229439524,-5.321020228671946,-18.0,14579.0,14649.5,-0.1228710877504351,9.0,0.0,4.0,2.0,77.0,421.896,92.0,184.0,24.0,1.0,402.0,1113.0,3716.0,870.0,25.244565217391308,23.41227125941873,0.611413043478261,0.0,0.2717391304347826,0.1358695652173913,6.25,1.6304347826086958,5.230978260869565,0,1,12.5,,0.0,-2.7936987335690016,충주시,중앙탑면,"('충주시', '중앙탑면')","('충주시', '중앙탑면')",중앙탑면,7168.7,11468.6,3846.9,358.3,1634.1,1151.8,395.7,0.0,0.0,0.0,11.0,1.0,1.0,2.0,8.0,2.0,2.0,4.0,35.0,4965.2,1427.3,충주시,중앙탑면,"('충주시', '중앙탑면')"
증평읍,4374525000,증평읍,증평군,2017,35665.0,9811.0,5591.0,4920.0,4393.0,27.508762091686528,15.676433478199916,13.795037151268753,12.317398009252768,10.48192509471214,1.3411758020060782,0.4093746801760334,295.0,35193.0,35429.0,0.8326512179288154,23.0,5.0,9.0,6.0,199.0,543.281,501.0,599.0,27.0,10.0,1554.0,2713.0,11123.0,2467.0,31.1874386653582,22.179268183044144,0.6448899481284172,0.1401934669844385,0.2523482405719893,0.1682321603813262,14.047385391840738,0.757044721715968,5.579699985980654,0,0,0.0,0.0,15.704387990762124,-1.4352380549563648,증평군,증평읍,"('증평군', '증평읍')","('증평군', '증평읍')",증평읍,1639.7,16155.3,930.4,368.2,1106.2,1140.5,192.4,0.0,2.0,3.0,25.0,4.0,4.0,5.0,21.0,3.0,7.0,15.0,70.0,14243.8,8.2,증평군,증평읍,"('증평군', '증평읍')"
증평읍,4374525000,증평읍,증평군,2018,35264.0,9522.0,5373.0,5126.0,4234.0,27.00204174228676,15.236501814882034,14.536070780399276,12.00657894736842,10.470617892512584,-1.1243516052152014,-2.9456732239323213,-509.0,35665.0,35464.5,-1.4352380549563648,23.0,8.0,9.0,6.0,199.0,543.281,523.0,662.0,30.0,9.0,1676.0,2835.0,11237.0,2501.0,31.86535843920145,22.25683011479932,0.6522232304900182,0.2268602540834846,0.2552177858439201,0.1701451905626134,14.830989110707804,0.8507259528130672,5.643148820326679,0,0,0.0,60.00000000000001,4.3912175648702645,0.2518535287792178,증평군,증평읍,"('증평군', '증평읍')","('증평군', '증평읍')",증평읍,1639.7,16155.3,930.4,368.2,1106.2,1140.5,192.4,0.0,2.0,3.0,25.0,4.0,4.0,5.0,21.0,3.0,7.0,15.0,70.0,14243.8,8.2,증평군,증평읍,"('증평군', '증평읍')"
증평읍,4374525000,증평읍,증평군,2019,35412.0,9341.0,5214.0,5410.0,4110.0,26.37806393313001,14.723822433073536,15.277307127527392,11.606235174517114,10.47480602473094,0.4196914700544507,-1.9008611636210928,89.0,35264.0,35338.0,0.2518535287792178,23.0,5.0,9.0,6.0,199.0,543.281,534.0,680.0,29.0,10.0,1744.0,2917.0,12320.0,2919.0,34.79046650852818,23.69318181818182,0.6494973455325879,0.1411950751157799,0.2541511352084039,0.1694340901389359,15.0796340223653,0.8189314356715238,5.619563989608043,0,0,0.0,-37.5,2.103250478011476,-1.2626370345092353,증평군,증평읍,"('증평군', '증평읍')","('증평군', '증평읍')",증평읍,1639.7,16155.3,930.4,368.2,1106.2,1140.5,192.4,0.0,2.0,3.0,25.0,4.0,4.0,5.0,21.0,3.0,7.0,15.0,70.0,14243.8,8.2,증평군,증평읍,"('증평군', '증평읍')"
증평읍,4374525000,증평읍,증평군,2021,34617.0,8614.0,4664.0,6019.0,3653.0,24.883727648265303,13.473149030823006,17.387410809717768,10.55261865557385,10.452100169862778,-0.8591803419537802,-4.744000884662169,-193.0,34917.0,34767.0,-0.5551241119452355,23.0,5.0,9.0,6.0,199.0,543.281,556.0,743.0,43.0,15.0,1901.0,3855.0,13475.0,2676.0,38.92596123292024,19.85899814471243,0.6644134384839818,0.1444377040182569,0.2599878672328624,0.1733252448219083,16.061472686830168,1.2421642545570095,5.748620619926625,0,0,0.0,0.0,1.645338208409508,2.7015461858846352,증평군,증평읍,"('증평군', '증평읍')","('증평군', '증평읍')",증평읍,1639.7,16155.3,930.4,368.2,1106.2,1140.5,192.4,0.0,2.0,3.0,25.0,4.0,4.0,5.0,21.0,3.0,7.0,15.0,70.0,14243.8,8.2,증평군,증평읍,"('증평군', '증평읍')"
증평읍,4374525000,증평읍,증평군,2022,35491.0,8746.0,4521.0,6490.0,3729.0,24.64286720577048,12.738440731453045,18.286326110845003,10.506889070468567,10.477034422194832,2.52477106623914,1.5323891339679596,947.0,34617.0,35054.0,2.7015461858846352,23.0,5.0,9.0,6.0,199.0,543.281,552.0,768.0,51.0,18.0,1968.0,3934.0,13194.0,2629.0,37.17562198867319,19.92572381385478,0.648051618720239,0.1408807866783128,0.2535854160209631,0.1690569440139753,15.553238849285734,1.4369840241187906,5.60705530979685,0,0,0.0,0.0,-0.7194244604316502,0.8476360217241815,증평군,증평읍,"('증평군', '증평읍')","('증평군', '증평읍')",증평읍,1639.7,16155.3,930.4,368.2,1106.2,1140.5,192.4,0.0,2.0,3.0,25.0,4.0,4.0,5.0,21.0,3.0,7.0,15.0,70.0,14243.8,8.2,증평군,증평읍,"('증평군', '증평읍')"
증평읍,4374525000,증평읍,증평군,2023,35766.0,8605.0,4358.0,6915.0,3710.0,24.0591623329419,12.184756472627637,19.334004361684283,10.3729799250685,10.48475300044798,0.774844326730717,-1.6121655613994923,302.0,35491.0,35628.5,0.8476360217241815,24.0,4.0,9.0,6.0,199.0,543.281,524.0,743.0,47.0,13.0,1894.0,3999.0,13064.0,2388.0,36.52630990326008,18.27924066135946,0.6710283509478275,0.1118380584913046,0.2516356316054353,0.1677570877369568,14.6507856623609,1.3140971872728289,5.563943409942404,0,0,4.347826086956519,-20.0,-5.072463768115942,-0.4827257163705762,증평군,증평읍,"('증평군', '증평읍')","('증평군', '증평읍')",증평읍,1639.7,16155.3,930.4,368.2,1106.2,1140.5,192.4,0.0,2.0,3.0,25.0,4.0,4.0,5.0,21.0,3.0,7.0,15.0,70.0,14243.8,8.2,증평군,증평읍,"('증평군', '증평읍')"
증평읍,4374525000,증평읍,증평군,2024,35496.0,8288.0,4171.0,7255.0,3557.0,23.34910975884607,11.750619788145142,20.43892269551499,10.02084741942754,10.477175293058746,-0.7549068948163096,-3.683904706565954,-172.0,35766.0,35631.0,-0.4827257163705762,25.0,5.0,9.0,6.0,199.0,543.281,515.0,758.0,54.0,17.0,1925.0,4104.0,13172.0,2544.0,37.10840658102321,19.3136957181901,0.704304710389903,0.1408609420779806,0.2535496957403651,0.1690331304935767,14.508677034032004,1.5212981744421905,5.606265494703628,0,0,4.166666666666674,25.0,-1.717557251908397,-0.9811566873201094,증평군,증평읍,"('증평군', '증평읍')","('증평군', '증평읍')",증평읍,1639.7,16155.3,930.4,368.2,1106.2,1140.5,192.4,0.0,2.0,3.0,25.0,4.0,4.0,5.0,21.0,3.0,7.0,15.0,70.0,14243.8,8.2,증평군,증평읍,"('증평군', '증평읍')"
지현동,4313056000,지현동,충주시,2017,5972.0,1267.0,671.0,1262.0,581.0,21.21567314132619,11.2357669122572,21.131949095780307,9.728734092431344,8.69483715865908,-2.242592895727613,-5.518269947800148,-110.0,6109.0,6040.5,-1.8210413045277711,2.0,0.0,0.0,0.0,10.0,22.247,55.0,81.0,7.0,2.0,219.0,376.0,768.0,43.0,12.860013395847286,5.598958333333334,0.3348961821835231,0.0,0.0,0.0,9.209645010046886,1.172136637642331,1.6744809109176155,1,1,0.0,,7.843137254901955,-2.6378488767869297,충주시,지현동,"('충주시', '지현동')","('충주시', '지현동')",지현동,825.3,2318.2,25.6,192.3,480.1,676.5,57.2,1.0,1.0,6.0,11.0,2.0,5.0,8.0,13.0,4.0,9.0,21.0,32.0,1673.4,24.1,충주시,지현동,"('충주시', '지현동')"
지현동,4313056000,지현동,충주시,2018,5780.0,1204.0,600.0,1287.0,537.0,20.83044982698961,10.38062283737024,22.26643598615917,9.290657439446369,8.662158961666423,-3.21500334896182,-4.972375690607733,-155.0,5972.0,5876.0,-2.6378488767869297,2.0,0.0,0.0,0.0,10.0,22.247,56.0,84.0,8.0,2.0,228.0,373.0,770.0,43.0,13.321799307958477,5.584415584415584,0.3460207612456747,0.0,0.0,0.0,9.688581314878892,1.3840830449826989,1.7301038062283738,1,1,0.0,,1.818181818181808,-5.613472333600641,충주시,지현동,"('충주시', '지현동')","('충주시', '지현동')",지현동,825.3,2318.2,25.6,192.3,480.1,676.5,57.2,1.0,1.0,6.0,11.0,2.0,5.0,8.0,13.0,4.0,9.0,21.0,32.0,1673.4,24.1,충주시,지현동,"('충주시', '지현동')"
지현동,4313056000,지현동,충주시,2019,5443.0,1097.0,515.0,1283.0,492.0,20.154326658092963,9.461693918794785,23.57155980158001,9.039132831159288,8.6020856584342,-5.830449826989614,-8.887043189368772,-315.0,5780.0,5611.5,-5.613472333600641,2.0,0.0,0.0,0.0,10.0,22.247,56.0,90.0,9.0,2.0,236.0,393.0,812.0,43.0,14.918243615653132,5.295566502463054,0.3674444240308654,0.0,0.0,0.0,10.28844387286423,1.653499908138894,1.8372221201543268,1,1,0.0,,0.0,-2.6350214913100354,충주시,지현동,"('충주시', '지현동')","('충주시', '지현동')",지현동,825.3,2318.2,25.6,192.3,480.1,676.5,57.2,1.0,1.0,6.0,11.0,2.0,5.0,8.0,13.0,4.0,9.0,21.0,32.0,1673.4,24.1,충주시,지현동,"('충주시', '지현동')"
지현동,4313056000,지현동,충주시,2021,5137.0,948.0,456.0,1343.0,419.0,18.454350788397896,8.876776328596456,26.143663616897022,8.15651158263578,8.544224530467268,-2.3198326678075643,-7.058823529411762,-39.0,5259.0,5198.0,-0.7502885725278953,0.0,0.0,0.0,0.0,10.0,22.247,56.0,100.0,14.0,2.0,264.0,494.0,890.0,55.0,17.325287132567645,6.179775280898876,0.0,0.0,0.0,0.0,10.901304263188631,2.725326065797158,1.9466614755693985,1,1,-100.0,,1.818181818181808,1.936858415649816,충주시,지현동,"('충주시', '지현동')","('충주시', '지현동')",지현동,825.3,2318.2,25.6,192.3,480.1,676.5,57.2,1.0,1.0,6.0,11.0,2.0,5.0,8.0,13.0,4.0,9.0,21.0,32.0,1673.4,24.1,충주시,지현동,"('충주시', '지현동')"
지현동,4313056000,지현동,충주시,2022,5189.0,964.0,438.0,1394.0,452.0,18.577760647523608,8.440932742339564,26.864521102331857,8.710734245519367,8.55429627936774,1.0122639672960787,1.6877637130801704,100.0,5137.0,5163.0,1.936858415649816,0.0,0.0,0.0,0.0,10.0,22.247,66.0,102.0,15.0,2.0,280.0,508.0,964.0,49.0,18.577760647523608,5.08298755186722,0.0,0.0,0.0,0.0,12.719213721333592,2.89073039121218,1.927153594141453,1,1,,,17.85714285714286,-2.094548301849858,충주시,지현동,"('충주시', '지현동')","('충주시', '지현동')",지현동,825.3,2318.2,25.6,192.3,480.1,676.5,57.2,1.0,1.0,6.0,11.0,2.0,5.0,8.0,13.0,4.0,9.0,21.0,32.0,1673.4,24.1,충주시,지현동,"('충주시', '지현동')"
지현동,4313056000,지현동,충주시,2023,5028.0,918.0,412.0,1436.0,425.0,18.257756563245824,8.194112967382656,28.56006364359586,8.452665075576771,8.522777569710138,-3.1027172865677355,-4.771784232365151,-107.0,5189.0,5108.5,-2.094548301849858,0.0,0.0,0.0,0.0,10.0,22.247,51.0,102.0,7.0,1.0,252.0,551.0,1023.0,60.0,20.346062052505967,5.865102639296188,0.0,0.0,0.0,0.0,10.143198090692124,1.3922036595067622,1.988862370723946,1,1,,,-22.72727272727273,-2.3443815683104283,충주시,지현동,"('충주시', '지현동')","('충주시', '지현동')",지현동,825.3,2318.2,25.6,192.3,480.1,676.5,57.2,1.0,1.0,6.0,11.0,2.0,5.0,8.0,13.0,4.0,9.0,21.0,32.0,1673.4,24.1,충주시,지현동,"('충주시', '지현동')"
지현동,4313056000,지현동,충주시,2024,4868.0,857.0,362.0,1493.0,383.0,17.604765817584223,7.436318816762531,30.669679539852098,7.867707477403451,8.490438454107418,-3.182179793158313,-6.644880174291934,-116.0,5028.0,4948.0,-2.3443815683104283,0.0,0.0,0.0,0.0,10.0,22.247,51.0,104.0,10.0,1.0,259.0,554.0,891.0,48.0,18.30320460147905,5.387205387205387,0.0,0.0,0.0,0.0,10.47658175842235,2.054231717337716,2.054231717337716,1,1,,,0.0,-1.665972511453561,충주시,지현동,"('충주시', '지현동')","('충주시', '지현동')",지현동,825.3,2318.2,25.6,192.3,480.1,676.5,57.2,1.0,1.0,6.0,11.0,2.0,5.0,8.0,13.0,4.0,9.0,21.0,32.0,1673.4,24.1,충주시,지현동,"('충주시', '지현동')"
진천읍,4375025000,진천읍,진천군,2017,31354.0,7852.0,4749.0,4371.0,3669.0,25.043056707278176,15.146392804745808,13.940805000956816,11.701856222491548,10.353097129628477,0.1309360329575515,-1.739456889000124,-46.0,31313.0,31333.5,-0.1468077297461183,26.0,2.0,8.0,6.0,229.0,622.305,570.0,660.0,56.0,33.0,1789.0,2838.0,12666.0,2998.0,40.3967595841041,23.66966682456972,0.8292402883204695,0.0637877144861899,0.2551508579447598,0.1913631434585698,18.179498628564136,1.786056005613319,7.30369330866875,0,0,0.0,0.0,10.679611650485432,-3.1806183096082528,진천군,진천읍,"('진천군', '진천읍')","('진천군', '진천읍')",진천읍,1744.3,23085.1,1126.9,319.4,1563.8,1128.9,243.7,0.0,1.0,2.0,8.0,1.0,1.0,6.0,14.0,2.0,4.0,9.0,42.0,18502.8,42.2,진천군,진천읍,"('진천군', '진천읍')"
진천읍,4375025000,진천읍,진천군,2018,30395.0,7465.0,4275.0,4501.0,3434.0,24.559960519822337,14.064813291659812,14.80835663760487,11.297910840598782,10.322033400182823,-3.058620909612808,-4.928680590932244,-982.0,31354.0,30874.5,-3.1806183096082528,25.0,2.0,8.0,6.0,229.0,622.305,583.0,686.0,62.0,37.0,1886.0,2932.0,13777.0,3633.0,45.32653396940286,26.37003701821877,0.8225037012666557,0.0658002961013324,0.2632011844053298,0.1974008883039973,19.18078631353841,2.0398091791413058,7.534133903602567,0,0,-3.846153846153844,0.0,2.280701754385972,-0.637279181112762,진천군,진천읍,"('진천군', '진천읍')","('진천군', '진천읍')",진천읍,1744.3,23085.1,1126.9,319.4,1563.8,1128.9,243.7,0.0,1.0,2.0,8.0,1.0,1.0,6.0,14.0,2.0,4.0,9.0,42.0,18502.8,42.2,진천군,진천읍,"('진천군', '진천읍')"
진천읍,4375025000,진천읍,진천군,2019,30175.0,7235.0,3996.0,4685.0,3265.0,23.976801988401,13.24275062137531,15.526097763048885,10.820215410107703,10.314769045965733,-0.7238032571146524,-3.0810448760884124,-193.0,30395.0,30285.0,-0.637279181112762,26.0,2.0,8.0,6.0,229.0,622.305,585.0,711.0,68.0,40.0,1972.0,2993.0,14822.0,3990.0,49.12013256006628,26.91944406962623,0.8616404308202154,0.0662800331400165,0.2651201325600663,0.1988400994200497,19.386909693454847,2.2535211267605635,7.5890637945318975,0,0,4.000000000000004,0.0,0.3430531732418584,-0.3954276599986708,진천군,진천읍,"('진천군', '진천읍')","('진천군', '진천읍')",진천읍,1744.3,23085.1,1126.9,319.4,1563.8,1128.9,243.7,0.0,1.0,2.0,8.0,1.0,1.0,6.0,14.0,2.0,4.0,9.0,42.0,18502.8,42.2,진천군,진천읍,"('진천군', '진천읍')"
진천읍,4375025000,진천읍,진천군,2021,30157.0,6979.0,3567.0,5236.0,3081.0,23.142222369599097,11.828099612030377,17.362469741685178,10.216533474815137,10.314172347678452,0.4797920900942998,-1.5378103837471735,283.0,30013.0,30085.0,0.9406681070300814,22.0,2.0,8.0,6.0,229.0,622.305,584.0,741.0,89.0,45.0,2096.0,3884.0,16636.0,4298.0,55.16463839241303,25.83553738879538,0.7295155353649235,0.0663195941240839,0.2652783764963358,0.1989587823722519,19.36532148423252,2.951221938521736,7.593593527207614,0,0,-15.384615384615383,0.0,1.038062283737018,-0.2328753451545294,진천군,진천읍,"('진천군', '진천읍')","('진천군', '진천읍')",진천읍,1744.3,23085.1,1126.9,319.4,1563.8,1128.9,243.7,0.0,1.0,2.0,8.0,1.0,1.0,6.0,14.0,2.0,4.0,9.0,42.0,18502.8,42.2,진천군,진천읍,"('진천군', '진천읍')"
진천읍,4375025000,진천읍,진천군,2022,29961.0,6882.0,3301.0,5498.0,2969.0,22.969860819064785,11.01765628650579,18.350522345716097,9.90954908047128,10.307651814911244,-0.6499320224160221,-1.38988393752687,-70.0,30157.0,30059.0,-0.2328753451545294,19.0,2.0,8.0,6.0,229.0,622.305,590.0,763.0,91.0,46.0,2165.0,3777.0,16031.0,4398.0,53.50622475885317,27.434345954712747,0.6341577383932445,0.0667534461466573,0.2670137845866293,0.2002603384399719,19.69226661326391,3.037281799672908,7.643269583792263,0,0,-13.636363636363637,0.0,1.0273972602739656,1.4510559171204676,진천군,진천읍,"('진천군', '진천읍')","('진천군', '진천읍')",진천읍,1744.3,23085.1,1126.9,319.4,1563.8,1128.9,243.7,0.0,1.0,2.0,8.0,1.0,1.0,6.0,14.0,2.0,4.0,9.0,42.0,18502.8,42.2,진천군,진천읍,"('진천군', '진천읍')"
진천읍,4375025000,진천읍,진천군,2023,30271.0,6781.0,3144.0,5713.0,2901.0,22.400977833570085,10.386178190347197,18.872848600971224,9.583429685177231,10.317945437479338,1.0346784152731825,-1.4675966288869469,437.0,29961.0,30116.0,1.4510559171204676,18.0,2.0,8.0,6.0,229.0,622.305,526.0,737.0,48.0,13.0,1970.0,3868.0,15925.0,4409.0,52.60810676885468,27.68602825745683,0.5946285223481219,0.0660698358164579,0.2642793432658319,0.198209507449374,17.376366819728453,1.585676059594992,7.56499620098444,0,0,-5.263157894736848,0.0,-10.84745762711864,-1.8920590349161777,진천군,진천읍,"('진천군', '진천읍')","('진천군', '진천읍')",진천읍,1744.3,23085.1,1126.9,319.4,1563.8,1128.9,243.7,0.0,1.0,2.0,8.0,1.0,1.0,6.0,14.0,2.0,4.0,9.0,42.0,18502.8,42.2,진천군,진천읍,"('진천군', '진천읍')"
진천읍,4375025000,진천읍,진천군,2024,29558.0,6458.0,2897.0,6010.0,2719.0,21.848568915352864,9.801069084511807,20.332904797347588,9.198863251911495,10.294109713774516,-2.3553896468567315,-4.76330924642383,-566.0,30271.0,29914.5,-1.8920590349161777,16.0,2.0,8.0,6.0,229.0,622.305,524.0,745.0,48.0,14.0,1963.0,3882.0,16468.0,4890.0,55.71418905203329,29.6939519067282,0.5413086135733135,0.0676635766966641,0.2706543067866567,0.2029907300899925,17.727857094526016,1.6239258407199406,7.74747953176805,0,0,-11.111111111111116,0.0,-0.3802281368821325,2.0905689501854,진천군,진천읍,"('진천군', '진천읍')","('진천군', '진천읍')",진천읍,1744.3,23085.1,1126.9,319.4,1563.8,1128.9,243.7,0.0,1.0,2.0,8.0,1.0,1.0,6.0,14.0,2.0,4.0,9.0,42.0,18502.8,42.2,진천군,진천읍,"('진천군', '진천읍')"
청산면,4373035000,청산면,옥천군,2017,3234.0,373.0,175.0,1335.0,181.0,11.533704390847248,5.411255411255411,41.28014842300556,5.596784168212739,8.081475040137052,-0.6451612903225823,-3.617571059431524,35.0,3255.0,3244.5,1.0787486515641855,1.0,0.0,3.0,0.0,88.0,497.508,32.0,52.0,0.0,2.0,110.0,215.0,855.0,284.0,26.437847866419297,33.21637426900585,0.3092145949288806,0.0,0.927643784786642,0.0,9.89486703772418,0.0,27.21088435374149,1,1,0.0,,3.2258064516129004,-0.3752931978107897,옥천군,청산면,"('옥천군', '청산면')","('옥천군', '청산면')",청산면,7533.8,20492.2,16706.9,584.5,20574.6,2641.4,749.7,0.0,0.0,1.0,2.0,0.0,0.0,0.0,0.0,3.0,3.0,4.0,17.0,13919.5,7635.2,옥천군,청산면,"('옥천군', '청산면')"
청산면,4373035000,청산면,옥천군,2018,3161.0,321.0,158.0,1351.0,149.0,10.155014236001266,4.99841822208162,42.73963935463461,4.713698196773173,8.058643712215618,-2.257266542980829,-13.94101876675603,-12.0,3234.0,3197.5,-0.3752931978107897,1.0,0.0,3.0,0.0,88.0,497.508,35.0,59.0,0.0,2.0,121.0,214.0,853.0,287.0,26.985131287567228,33.64595545134818,0.3163555836760519,0.0,0.9490667510281556,0.0,11.072445428661815,0.0,27.839291363492563,1,1,0.0,,9.375,0.3822264691829909,옥천군,청산면,"('옥천군', '청산면')","('옥천군', '청산면')",청산면,7533.8,20492.2,16706.9,584.5,20574.6,2641.4,749.7,0.0,0.0,1.0,2.0,0.0,0.0,0.0,0.0,3.0,3.0,4.0,17.0,13919.5,7635.2,옥천군,청산면,"('옥천군', '청산면')"
청산면,4373035000,청산면,옥천군,2019,3118.0,300.0,139.0,1373.0,138.0,9.621552277100706,4.457985888389993,44.03463758819756,4.425914047466325,8.044947049617722,-1.3603290098070264,-6.542056074766355,12.0,3161.0,3139.5,0.3822264691829909,1.0,0.0,3.0,0.0,88.0,497.508,38.0,59.0,0.0,2.0,122.0,225.0,908.0,270.0,29.12123155869147,29.735682819383257,0.3207184092366901,0.0,0.9621552277100708,0.0,12.187299550994226,0.0,28.223220012828737,1,1,0.0,,8.571428571428562,-1.1049723756906076,옥천군,청산면,"('옥천군', '청산면')","('옥천군', '청산면')",청산면,7533.8,20492.2,16706.9,584.5,20574.6,2641.4,749.7,0.0,0.0,1.0,2.0,0.0,0.0,0.0,0.0,3.0,3.0,4.0,17.0,13919.5,7635.2,옥천군,청산면,"('옥천군', '청산면')"
청산면,4373035000,청산면,옥천군,2021,2968.0,218.0,96.0,1440.0,96.0,7.345013477088949,3.234501347708895,48.51752021563343,3.234501347708895,7.995643604287271,-2.2397891963109373,-17.11026615969582,15.0,3036.0,3002.0,0.4996668887408394,1.0,0.0,3.0,0.0,88.0,497.508,38.0,68.0,2.0,2.0,138.0,407.0,1107.0,269.0,37.29784366576819,24.299909665763327,0.3369272237196766,0.0,1.0107816711590296,0.0,12.80323450134771,0.6738544474393532,29.649595687331537,1,1,0.0,,2.7027027027026973,1.495581237253569,옥천군,청산면,"('옥천군', '청산면')","('옥천군', '청산면')",청산면,7533.8,20492.2,16706.9,584.5,20574.6,2641.4,749.7,0.0,0.0,1.0,2.0,0.0,0.0,0.0,0.0,3.0,3.0,4.0,17.0,13919.5,7635.2,옥천군,청산면,"('옥천군', '청산면')"
청산면,4373035000,청산면,옥천군,2022,2916.0,215.0,85.0,1466.0,94.0,7.373113854595337,2.914951989026063,50.27434842249657,3.2235939643347047,7.977968093128549,-1.7520215633423208,-1.3761467889908283,44.0,2968.0,2942.0,1.495581237253569,1.0,0.0,3.0,0.0,88.0,497.508,40.0,68.0,2.0,3.0,143.0,427.0,1096.0,261.0,37.585733882030176,23.813868613138688,0.3429355281207132,0.0,1.02880658436214,0.0,13.717421124828531,0.6858710562414265,30.17832647462277,1,1,0.0,,5.263157894736836,0.276529554096094,옥천군,청산면,"('옥천군', '청산면')","('옥천군', '청산면')",청산면,7533.8,20492.2,16706.9,584.5,20574.6,2641.4,749.7,0.0,0.0,1.0,2.0,0.0,0.0,0.0,0.0,3.0,3.0,4.0,17.0,13919.5,7635.2,옥천군,청산면,"('옥천군', '청산면')"
청산면,4373035000,청산면,옥천군,2023,2870.0,208.0,83.0,1477.0,90.0,7.247386759581882,2.8919860627177703,51.463414634146346,3.1358885017421603,7.962067308753666,-1.577503429355276,-3.255813953488373,8.0,2916.0,2893.0,0.276529554096094,1.0,0.0,3.0,0.0,88.0,497.508,36.0,64.0,3.0,0.0,132.0,451.0,1194.0,306.0,41.602787456446,25.628140703517587,0.3484320557491289,0.0,1.0452961672473868,0.0,12.54355400696864,1.0452961672473868,30.662020905923345,1,1,0.0,,-9.999999999999998,-0.4942630185348632,옥천군,청산면,"('옥천군', '청산면')","('옥천군', '청산면')",청산면,7533.8,20492.2,16706.9,584.5,20574.6,2641.4,749.7,0.0,0.0,1.0,2.0,0.0,0.0,0.0,0.0,3.0,3.0,4.0,17.0,13919.5,7635.2,옥천군,청산면,"('옥천군', '청산면')"
청산면,4373035000,청산면,옥천군,2024,2795.0,178.0,70.0,1519.0,64.0,6.368515205724508,2.5044722719141324,54.34704830053667,2.289803220035778,7.9355873855892,-2.613240418118468,-14.423076923076929,-14.0,2870.0,2832.5,-0.4942630185348632,1.0,0.0,3.0,0.0,88.0,497.508,38.0,65.0,4.0,0.0,137.0,480.0,1260.0,337.0,45.08050089445438,26.746031746031747,0.3577817531305903,0.0,1.073345259391771,0.0,13.595706618962431,1.4311270125223614,31.48479427549195,1,1,0.0,,5.555555555555558,2.24799286351472,옥천군,청산면,"('옥천군', '청산면')","('옥천군', '청산면')",청산면,7533.8,20492.2,16706.9,584.5,20574.6,2641.4,749.7,0.0,0.0,1.0,2.0,0.0,0.0,0.0,0.0,3.0,3.0,4.0,17.0,13919.5,7635.2,옥천군,청산면,"('옥천군', '청산면')"
청성면,4373034000,청성면,옥천군,2017,2394.0,224.0,67.0,1093.0,86.0,9.35672514619883,2.798663324979114,45.65580618212197,3.592314118629908,7.780720886117918,-0.992555831265507,-7.818930041152261,28.0,2418.0,2406.0,1.163757273482959,0.0,1.0,1.0,0.0,149.0,517.703,18.0,8.0,1.0,1.0,34.0,98.0,308.0,55.0,12.865497076023392,17.857142857142858,0.0,0.4177109440267335,0.4177109440267335,0.0,7.518796992481203,0.4177109440267335,62.23893065998329,1,0,,0.0,5.882352941176472,0.4616030214015946,옥천군,청성면,"('옥천군', '청성면')","('옥천군', '청성면')",청성면,6271.4,17944.7,12559.7,811.4,15749.3,4147.6,1291.7,0.0,1.0,1.0,1.0,0.0,0.0,0.0,0.0,1.0,1.0,4.0,17.0,12635.0,6425.3,옥천군,청성면,"('옥천군', '청성면')"
청성면,4373034000,청성면,옥천군,2018,2372.0,201.0,57.0,1103.0,74.0,8.473861720067454,2.403035413153457,46.50084317032041,3.1197301854974704,7.771488760117616,-0.9189640768588192,-10.26785714285714,11.0,2394.0,2383.0,0.4616030214015946,0.0,1.0,1.0,0.0,149.0,517.703,22.0,8.0,1.0,1.0,39.0,95.0,302.0,54.0,12.731871838111298,17.880794701986755,0.0,0.4215851602023608,0.4215851602023608,0.0,9.27487352445194,0.4215851602023608,62.81618887015177,1,0,,0.0,22.222222222222232,0.8037225042301184,옥천군,청성면,"('옥천군', '청성면')","('옥천군', '청성면')",청성면,6271.4,17944.7,12559.7,811.4,15749.3,4147.6,1291.7,0.0,1.0,1.0,1.0,0.0,0.0,0.0,0.0,1.0,1.0,4.0,17.0,12635.0,6425.3,옥천군,청성면,"('옥천군', '청성면')"
청성면,4373034000,청성면,옥천군,2019,2356.0,191.0,59.0,1125.0,77.0,8.106960950764007,2.504244482173175,47.75042444821732,3.268251273344652,7.764720544771477,-0.6745362563237767,-4.975124378109452,19.0,2372.0,2364.0,0.8037225042301184,0.0,1.0,1.0,0.0,149.0,517.703,23.0,5.0,1.0,1.0,36.0,93.0,328.0,53.0,13.921901528013583,16.158536585365855,0.0,0.4244482173174873,0.4244482173174873,0.0,9.762308998302206,0.4244482173174873,63.2427843803056,1,0,,0.0,4.545454545454541,1.5309376993408463,옥천군,청성면,"('옥천군', '청성면')","('옥천군', '청성면')",청성면,6271.4,17944.7,12559.7,811.4,15749.3,4147.6,1291.7,0.0,1.0,1.0,1.0,0.0,0.0,0.0,0.0,1.0,1.0,4.0,17.0,12635.0,6425.3,옥천군,청성면,"('옥천군', '청성면')"
청성면,4373034000,청성면,옥천군,2021,2353.0,157.0,65.0,1198.0,68.0,6.672333191670209,2.7624309392265194,50.91372715682108,2.889927751806205,7.763446388727362,0.2556455048998707,-7.647058823529407,69.0,2347.0,2350.0,2.936170212765957,0.0,1.0,1.0,0.0,149.0,517.703,23.0,8.0,3.0,1.0,46.0,205.0,436.0,57.0,18.52953676158096,13.073394495412844,0.0,0.4249893752656183,0.4249893752656183,0.0,9.774755631109224,1.274968125796855,63.32341691457713,1,0,,0.0,-4.166666666666663,1.5348539756981454,옥천군,청성면,"('옥천군', '청성면')","('옥천군', '청성면')",청성면,6271.4,17944.7,12559.7,811.4,15749.3,4147.6,1291.7,0.0,1.0,1.0,1.0,0.0,0.0,0.0,0.0,1.0,1.0,4.0,17.0,12635.0,6425.3,옥천군,청성면,"('옥천군', '청성면')"
청성면,4373034000,청성면,옥천군,2022,2338.0,147.0,65.0,1232.0,60.0,6.287425149700598,2.780153977758768,52.69461077844312,2.5662959794696323,7.757051142032013,-0.6374840628984302,-6.369426751592355,36.0,2353.0,2345.5,1.5348539756981454,0.0,1.0,1.0,0.0,149.0,517.703,23.0,9.0,4.0,1.0,49.0,197.0,418.0,55.0,17.87852865697177,13.157894736842104,0.0,0.427715996578272,0.427715996578272,0.0,9.837467921300258,1.710863986313088,63.729683490162536,1,0,,0.0,0.0,0.0432619511139952,옥천군,청성면,"('옥천군', '청성면')","('옥천군', '청성면')",청성면,6271.4,17944.7,12559.7,811.4,15749.3,4147.6,1291.7,0.0,1.0,1.0,1.0,0.0,0.0,0.0,0.0,1.0,1.0,4.0,17.0,12635.0,6425.3,옥천군,청성면,"('옥천군', '청성면')"
청성면,4373034000,청성면,옥천군,2023,2285.0,147.0,49.0,1261.0,52.0,6.433260393873086,2.1444201312910285,55.18599562363239,2.2757111597374178,7.734121303328305,-2.2668947818648366,0.0,1.0,2338.0,2311.5,0.0432619511139952,0.0,1.0,1.0,0.0,149.0,517.703,19.0,7.0,3.0,0.0,44.0,235.0,425.0,43.0,18.599562363238512,10.117647058823527,0.0,0.437636761487965,0.437636761487965,0.0,8.315098468271335,1.312910284463895,65.20787746170679,1,0,,0.0,-17.391304347826086,1.7120280948200175,옥천군,청성면,"('옥천군', '청성면')","('옥천군', '청성면')",청성면,6271.4,17944.7,12559.7,811.4,15749.3,4147.6,1291.7,0.0,1.0,1.0,1.0,0.0,0.0,0.0,0.0,1.0,1.0,4.0,17.0,12635.0,6425.3,옥천군,청성면,"('옥천군', '청성면')"
청성면,4373034000,청성면,옥천군,2024,2271.0,137.0,53.0,1271.0,50.0,6.032584764420959,2.3337736679876704,55.96653456627037,2.2016732716864817,7.7279755421055585,-0.6126914660831484,-6.802721088435371,39.0,2285.0,2278.0,1.7120280948200175,0.0,1.0,1.0,0.0,149.0,517.703,20.0,9.0,3.0,0.0,48.0,251.0,437.0,39.0,19.24262439453985,8.924485125858125,0.0,0.4403346543372963,0.4403346543372963,0.0,8.806693086745927,1.321003963011889,65.60986349625715,1,0,,0.0,5.263157894736836,1.45953118089341,옥천군,청성면,"('옥천군', '청성면')","('옥천군', '청성면')",청성면,6271.4,17944.7,12559.7,811.4,15749.3,4147.6,1291.7,0.0,1.0,1.0,1.0,0.0,0.0,0.0,0.0,1.0,1.0,4.0,17.0,12635.0,6425.3,옥천군,청성면,"('옥천군', '청성면')"
청안면,4376037000,청안면,괴산군,2017,3500.0,466.0,133.0,1188.0,201.0,13.314285714285717,3.8,33.94285714285714,5.742857142857143,8.160518247477505,-0.9620826259196358,-7.355864811133205,19.0,3534.0,3517.0,0.5402331532556156,2.0,0.0,3.0,0.0,96.0,548.394,26.0,37.0,3.0,0.0,83.0,207.0,1153.0,676.0,32.94285714285714,58.62966175195143,0.5714285714285715,0.0,0.8571428571428572,0.0,7.428571428571429,0.8571428571428572,27.42857142857143,1,1,0.0,,13.043478260869556,2.528409090909091,괴산군,청안면,"('괴산군', '청안면')","('괴산군', '청안면')",청안면,9789.0,23181.5,9488.0,690.8,7886.1,2799.6,956.2,0.0,0.0,0.0,3.0,0.0,0.0,5.0,6.0,0.0,0.0,6.0,21.0,17792.3,4682.8,괴산군,청안면,"('괴산군', '청안면')"
청안면,4376037000,청안면,괴산군,2018,3540.0,456.0,136.0,1216.0,195.0,12.88135593220339,3.84180790960452,34.3502824858757,5.508474576271186,8.17188200612782,1.1428571428571344,-2.145922746781115,89.0,3500.0,3520.0,2.528409090909091,2.0,0.0,3.0,0.0,96.0,548.394,26.0,36.0,3.0,0.0,82.0,217.0,1116.0,629.0,31.52542372881356,56.36200716845878,0.5649717514124294,0.0,0.847457627118644,0.0,7.344632768361582,0.847457627118644,27.11864406779661,1,1,0.0,,0.0,2.4708690158641025,괴산군,청안면,"('괴산군', '청안면')","('괴산군', '청안면')",청안면,9789.0,23181.5,9488.0,690.8,7886.1,2799.6,956.2,0.0,0.0,0.0,3.0,0.0,0.0,5.0,6.0,0.0,0.0,6.0,21.0,17792.3,4682.8,괴산군,청안면,"('괴산군', '청안면')"
청안면,4376037000,청안면,괴산군,2019,3583.0,469.0,157.0,1288.0,191.0,13.089589729277144,4.381802958414736,35.947530002790955,5.33072843985487,8.183955717304954,1.214689265536717,2.8508771929824483,88.0,3540.0,3561.5,2.4708690158641025,2.0,0.0,3.0,0.0,96.0,548.394,27.0,37.0,3.0,0.0,87.0,235.0,1184.0,646.0,33.044934412503494,54.560810810810814,0.5581914596706671,0.0,0.8372871895060006,0.0,7.535584705554005,0.8372871895060006,26.79319006419201,1,1,0.0,,3.846153846153855,2.744663154976435,괴산군,청안면,"('괴산군', '청안면')","('괴산군', '청안면')",청안면,9789.0,23181.5,9488.0,690.8,7886.1,2799.6,956.2,0.0,0.0,0.0,3.0,0.0,0.0,5.0,6.0,0.0,0.0,6.0,21.0,17792.3,4682.8,괴산군,청안면,"('괴산군', '청안면')"
청안면,4376037000,청안면,괴산군,2021,3436.0,343.0,147.0,1369.0,142.0,9.982537834691502,4.278230500582072,39.84284051222352,4.132712456344587,8.142063283104147,-5.370421371522993,-24.282560706401767,-114.0,3631.0,3533.5,-3.2262629121267863,2.0,0.0,3.0,0.0,96.0,548.394,26.0,41.0,3.0,0.0,92.0,454.0,1842.0,955.0,53.60884749708964,51.845819761129206,0.5820721769499417,0.0,0.8731082654249127,0.0,7.566938300349243,0.8731082654249127,27.939464493597207,1,1,0.0,,0.0,1.3117621337997376,괴산군,청안면,"('괴산군', '청안면')","('괴산군', '청안면')",청안면,9789.0,23181.5,9488.0,690.8,7886.1,2799.6,956.2,0.0,0.0,0.0,3.0,0.0,0.0,5.0,6.0,0.0,0.0,6.0,21.0,17792.3,4682.8,괴산군,청안면,"('괴산군', '청안면')"
청안면,4376037000,청안면,괴산군,2022,3425.0,344.0,171.0,1410.0,147.0,10.043795620437956,4.992700729927008,41.16788321167883,4.291970802919709,8.138856750696325,-0.3201396973224635,0.291545189504383,45.0,3436.0,3430.5,1.3117621337997376,2.0,0.0,3.0,0.0,96.0,548.394,26.0,43.0,3.0,0.0,99.0,471.0,1498.0,635.0,43.737226277372265,42.38985313751669,0.5839416058394161,0.0,0.875912408759124,0.0,7.591240875912408,0.875912408759124,28.02919708029197,1,1,0.0,,0.0,-0.8882309400444115,괴산군,청안면,"('괴산군', '청안면')","('괴산군', '청안면')",청안면,9789.0,23181.5,9488.0,690.8,7886.1,2799.6,956.2,0.0,0.0,0.0,3.0,0.0,0.0,5.0,6.0,0.0,0.0,6.0,21.0,17792.3,4682.8,괴산군,청안면,"('괴산군', '청안면')"
청안면,4376037000,청안면,괴산군,2023,3330.0,321.0,153.0,1475.0,134.0,9.63963963963964,4.594594594594595,44.294294294294296,4.024024024024024,8.110727582974489,-2.7737226277372296,-6.686046511627907,-30.0,3425.0,3377.5,-0.8882309400444115,2.0,0.0,3.0,0.0,96.0,548.394,27.0,42.0,1.0,0.0,96.0,457.0,2139.0,911.0,64.23423423423424,42.589995324918185,0.6006006006006006,0.0,0.9009009009009008,0.0,8.108108108108109,0.3003003003003003,28.828828828828826,1,1,0.0,,3.846153846153855,0.2419842710223835,괴산군,청안면,"('괴산군', '청안면')","('괴산군', '청안면')",청안면,9789.0,23181.5,9488.0,690.8,7886.1,2799.6,956.2,0.0,0.0,0.0,3.0,0.0,0.0,5.0,6.0,0.0,0.0,6.0,21.0,17792.3,4682.8,괴산군,청안면,"('괴산군', '청안면')"
청안면,4376037000,청안면,괴산군,2024,3282.0,284.0,159.0,1518.0,121.0,8.653260207190737,4.844606946983546,46.25228519195612,3.68677635588056,8.096208271650037,-1.4414414414414378,-11.526479750778815,8.0,3330.0,3306.0,0.2419842710223835,2.0,0.0,3.0,0.0,96.0,548.394,29.0,45.0,2.0,0.0,102.0,491.0,1842.0,685.0,56.12431444241316,37.18783930510315,0.6093845216331505,0.0,0.9140767824497258,0.0,8.836075563680682,0.6093845216331505,29.250457038391225,1,1,0.0,,7.407407407407418,8.280536319434212,괴산군,청안면,"('괴산군', '청안면')","('괴산군', '청안면')",청안면,9789.0,23181.5,9488.0,690.8,7886.1,2799.6,956.2,0.0,0.0,0.0,3.0,0.0,0.0,5.0,6.0,0.0,0.0,6.0,21.0,17792.3,4682.8,괴산군,청안면,"('괴산군', '청안면')"
청전동,4315059000,청전동,제천시,2017,17428.0,4055.0,1490.0,3262.0,1827.0,23.267156300206565,8.549460638053706,18.71700711498738,10.483130594445718,9.765833387237333,-4.173310606477154,-7.123224919835092,-752.0,18187.0,17807.5,-4.222939772567738,8.0,5.0,4.0,0.0,53.0,53.334,190.0,435.0,31.0,16.0,967.0,1519.0,5539.0,139.0,31.78218957998623,2.5094782451706084,0.4590314436538903,0.2868946522836814,0.2295157218269451,0.0,10.901996786779891,1.778746844158825,3.041083314207023,1,0,0.0,0.0,12.426035502958577,-4.94343624793778,제천시,청전동,"('제천시', '청전동')","('제천시', '청전동')",청전동,466.8,696.6,509.6,153.2,645.9,494.5,67.3,2.0,3.0,7.0,9.0,2.0,3.0,10.0,12.0,1.0,1.0,19.0,29.0,453.4,28.4,제천시,청전동,"('제천시', '청전동')"
청전동,4315059000,청전동,제천시,2018,16516.0,3736.0,1339.0,3380.0,1676.0,22.62048922257205,8.10728990070235,20.46500363284088,10.14773552918382,9.71208488700598,-5.232958457654346,-7.866831072749692,-839.0,17428.0,16972.0,-4.94343624793778,8.0,5.0,4.0,0.0,53.0,53.334,198.0,460.0,33.0,17.0,1032.0,1529.0,5456.0,107.0,33.034633083070965,1.9611436950146628,0.4843787842092516,0.3027367401307823,0.2421893921046258,0.0,11.988374909178978,1.9980624848631632,3.2090094453862923,1,0,0.0,0.0,4.210526315789465,-3.381150701835569,제천시,청전동,"('제천시', '청전동')","('제천시', '청전동')",청전동,466.8,696.6,509.6,153.2,645.9,494.5,67.3,2.0,3.0,7.0,9.0,2.0,3.0,10.0,12.0,1.0,1.0,19.0,29.0,453.4,28.4,제천시,청전동,"('제천시', '청전동')"
청전동,4315059000,청전동,제천시,2019,15899.0,3437.0,1238.0,3547.0,1534.0,21.617711805773947,7.786653248631989,22.3095792188188,9.64840556009812,9.67401149314871,-3.735771373213858,-8.00321199143469,-548.0,16516.0,16207.5,-3.381150701835569,7.0,5.0,4.0,1.0,53.0,53.334,200.0,448.0,33.0,17.0,1032.0,1523.0,5697.0,115.0,35.83244229196805,2.0186062840091274,0.44027926284672,0.3144851877476571,0.2515881501981256,0.0628970375495314,12.579407509906282,2.075602239134537,3.333542990125165,0,0,-12.5,0.0,1.0101010101010166,-0.5246855047727417,제천시,청전동,"('제천시', '청전동')","('제천시', '청전동')",청전동,466.8,696.6,509.6,153.2,645.9,494.5,67.3,2.0,3.0,7.0,9.0,2.0,3.0,10.0,12.0,1.0,1.0,19.0,29.0,453.4,28.4,제천시,청전동,"('제천시', '청전동')"
청전동,4315059000,청전동,제천시,2021,15441.0,3204.0,1112.0,4034.0,1379.0,20.74995142801632,7.201606113593679,26.12525095524901,8.93076873259504,9.644781588320864,-1.893385856788865,-3.7837837837837776,-110.0,15739.0,15590.0,-0.7055805003207184,5.0,5.0,4.0,1.0,53.0,53.334,219.0,460.0,37.0,19.0,1086.0,2118.0,5814.0,109.0,37.65300174859141,1.8747850017199863,0.3238132245320899,0.3238132245320899,0.2590505796256719,0.0647626449064179,14.183019234505537,2.396217861537465,3.4324201800401526,0,0,-16.666666666666664,0.0,3.301886792452824,0.4477611940298507,제천시,청전동,"('제천시', '청전동')","('제천시', '청전동')",청전동,466.8,696.6,509.6,153.2,645.9,494.5,67.3,2.0,3.0,7.0,9.0,2.0,3.0,10.0,12.0,1.0,1.0,19.0,29.0,453.4,28.4,제천시,청전동,"('제천시', '청전동')"
청전동,4315059000,청전동,제천시,2022,15379.0,3123.0,1049.0,4288.0,1333.0,20.306912022888355,6.820989661226348,27.882176994603032,8.667663697249496,9.640758221439924,-0.4015283984197926,-2.52808988764045,69.0,15441.0,15410.0,0.4477611940298507,5.0,5.0,4.0,1.0,53.0,53.334,221.0,464.0,40.0,20.0,1114.0,2157.0,6699.0,139.0,43.55939918070096,2.074936557695178,0.3251186683139345,0.3251186683139345,0.2600949346511476,0.0650237336627869,14.370245139475909,2.6009493465114764,3.446257884127707,0,0,0.0,0.0,0.9132420091324313,-1.0955129887168722,제천시,청전동,"('제천시', '청전동')","('제천시', '청전동')",청전동,466.8,696.6,509.6,153.2,645.9,494.5,67.3,2.0,3.0,7.0,9.0,2.0,3.0,10.0,12.0,1.0,1.0,19.0,29.0,453.4,28.4,제천시,청전동,"('제천시', '청전동')"
청전동,4315059000,청전동,제천시,2023,15109.0,2932.0,1012.0,4475.0,1242.0,19.40565226024224,6.697994572771196,29.61810841220465,8.220266066582832,9.62304587173984,-1.7556408088952424,-6.115914185078452,-167.0,15379.0,15244.0,-1.0955129887168722,5.0,5.0,4.0,1.0,53.0,53.334,191.0,431.0,23.0,7.0,1003.0,2125.0,6771.0,125.0,44.8143490634721,1.846108403485453,0.3309285856112251,0.3309285856112251,0.2647428684889801,0.066185717122245,12.6414719703488,1.5222714938116355,3.5078430074789857,0,0,0.0,0.0,-13.57466063348416,-1.952495974235105,제천시,청전동,"('제천시', '청전동')","('제천시', '청전동')",청전동,466.8,696.6,509.6,153.2,645.9,494.5,67.3,2.0,3.0,7.0,9.0,2.0,3.0,10.0,12.0,1.0,1.0,19.0,29.0,453.4,28.4,제천시,청전동,"('제천시', '청전동')"
청전동,4315059000,청전동,제천시,2024,14699.0,2773.0,908.0,4728.0,1174.0,18.8652289271379,6.177290972174978,32.16545343220627,7.986937886931083,9.595534743241988,-2.7136144020120434,-5.422919508867663,-291.0,15109.0,14904.0,-1.952495974235105,5.0,5.0,4.0,1.0,53.0,53.334,194.0,412.0,21.0,9.0,962.0,2113.0,6554.0,129.0,44.58806721545683,1.968263655782728,0.3401591945030274,0.3401591945030274,0.2721273556024219,0.0680318389006054,13.198176746717465,1.428668616912715,3.6056874617320895,0,0,0.0,0.0,1.5706806282722583,-2.7933735357316145,제천시,청전동,"('제천시', '청전동')","('제천시', '청전동')",청전동,466.8,696.6,509.6,153.2,645.9,494.5,67.3,2.0,3.0,7.0,9.0,2.0,3.0,10.0,12.0,1.0,1.0,19.0,29.0,453.4,28.4,제천시,청전동,"('제천시', '청전동')"
청천면,4376036000,청천면,괴산군,2017,5150.0,603.0,251.0,1803.0,245.0,11.708737864077673,4.873786407766991,35.009708737864074,4.757281553398058,8.546751993657782,0.1555814858031912,-2.741935483870972,97.0,5142.0,5146.0,1.8849591916051305,2.0,0.0,4.0,0.0,139.0,839.753,64.0,82.0,11.0,2.0,239.0,396.0,1095.0,102.0,21.262135922330096,9.315068493150685,0.3883495145631068,0.0,0.7766990291262137,0.0,12.42718446601942,2.135922330097088,26.990291262135923,1,1,0.0,,6.666666666666665,1.6318601262748909,괴산군,청천면,"('괴산군', '청천면')","('괴산군', '청천면')",청천면,12724.8,29536.6,20537.1,780.3,14847.7,4782.7,798.7,0.0,0.0,0.0,2.0,0.0,0.0,0.0,5.0,2.0,2.0,4.0,14.0,18889.2,11549.7,괴산군,청천면,"('괴산군', '청천면')"
청천면,4376036000,청천면,괴산군,2018,5145.0,582.0,232.0,1844.0,239.0,11.31195335276968,4.509232264334305,35.84062196307094,4.645286686103012,8.545780648268149,-0.0970873786407811,-3.482587064676612,84.0,5150.0,5147.5,1.6318601262748909,2.0,0.0,4.0,0.0,139.0,839.753,68.0,89.0,10.0,2.0,266.0,411.0,1111.0,101.0,21.59378036929057,9.090909090909092,0.3887269193391642,0.0,0.7774538386783285,0.0,13.216715257531584,1.943634596695821,27.01652089407192,1,1,0.0,,6.25,1.1841211297680287,괴산군,청천면,"('괴산군', '청천면')","('괴산군', '청천면')",청천면,12724.8,29536.6,20537.1,780.3,14847.7,4782.7,798.7,0.0,0.0,0.0,2.0,0.0,0.0,0.0,5.0,2.0,2.0,4.0,14.0,18889.2,11549.7,괴산군,청천면,"('괴산군', '청천면')"
청천면,4376036000,청천면,괴산군,2019,5158.0,593.0,210.0,1898.0,236.0,11.49670414889492,4.07134548274525,36.7972082202404,4.575416828227995,8.54830418644129,0.2526724975704608,1.8900343642611617,61.0,5145.0,5151.5,1.1841211297680287,2.0,0.0,4.0,0.0,139.0,839.753,74.0,89.0,9.0,2.0,279.0,410.0,1164.0,105.0,22.56688639007368,9.02061855670103,0.3877471888328809,0.0,0.7754943776657619,0.0,14.346645986816595,1.7448623497479645,26.948429623885225,1,1,0.0,,8.823529411764696,2.715716486902928,괴산군,청천면,"('괴산군', '청천면')","('괴산군', '청천면')",청천면,12724.8,29536.6,20537.1,780.3,14847.7,4782.7,798.7,0.0,0.0,0.0,2.0,0.0,0.0,0.0,5.0,2.0,2.0,4.0,14.0,18889.2,11549.7,괴산군,청천면,"('괴산군', '청천면')"
청천면,4376036000,청천면,괴산군,2021,5211.0,461.0,197.0,2129.0,170.0,8.846670504701592,3.78046440222606,40.85588178852427,3.262329687200153,8.558527054909215,-0.2870264064293915,-14.31226765799256,61.0,5226.0,5218.5,1.1689182715339657,2.0,0.0,4.0,0.0,139.0,839.753,82.0,95.0,12.0,2.0,320.0,606.0,1384.0,123.0,26.559201688735367,8.88728323699422,0.3838034926117827,0.0,0.7676069852235655,0.0,15.735943197083095,2.302820955670697,26.674342736518906,1,1,0.0,,13.888888888888884,0.981052226603828,괴산군,청천면,"('괴산군', '청천면')","('괴산군', '청천면')",청천면,12724.8,29536.6,20537.1,780.3,14847.7,4782.7,798.7,0.0,0.0,0.0,2.0,0.0,0.0,0.0,5.0,2.0,2.0,4.0,14.0,18889.2,11549.7,괴산군,청천면,"('괴산군', '청천면')"
청천면,4376036000,청천면,괴산군,2022,5186.0,418.0,209.0,2218.0,166.0,8.060161974546858,4.030080987273429,42.76899344388739,3.2009255688391822,8.55371796609861,-0.4797543657647285,-9.327548806941431,51.0,5211.0,5198.5,0.981052226603828,2.0,0.0,4.0,0.0,139.0,839.753,83.0,102.0,14.0,2.0,342.0,602.0,1365.0,130.0,26.320863864249905,9.523809523809524,0.3856536829926726,0.0,0.7713073659853452,0.0,16.004627844195912,2.699575780948708,26.802930967990743,1,1,0.0,,1.2195121951219523,1.0270322643154732,괴산군,청천면,"('괴산군', '청천면')","('괴산군', '청천면')",청천면,12724.8,29536.6,20537.1,780.3,14847.7,4782.7,798.7,0.0,0.0,0.0,2.0,0.0,0.0,0.0,5.0,2.0,2.0,4.0,14.0,18889.2,11549.7,괴산군,청천면,"('괴산군', '청천면')"
청천면,4376036000,청천면,괴산군,2023,5135.0,383.0,197.0,2333.0,147.0,7.458617332035053,3.836416747809153,45.43330087633885,2.862706913339825,8.543835122362658,-0.9834168916313168,-8.3732057416268,53.0,5186.0,5160.5,1.0270322643154732,2.0,0.0,4.0,0.0,139.0,839.753,77.0,101.0,9.0,1.0,329.0,648.0,1421.0,130.0,27.672833495618303,9.148486980999296,0.3894839337877313,0.0,0.7789678675754625,0.0,14.995131450827651,1.7526777020447906,27.069133398247324,1,1,0.0,,-7.2289156626506035,0.1177394034536891,괴산군,청천면,"('괴산군', '청천면')","('괴산군', '청천면')",청천면,12724.8,29536.6,20537.1,780.3,14847.7,4782.7,798.7,0.0,0.0,0.0,2.0,0.0,0.0,0.0,5.0,2.0,2.0,4.0,14.0,18889.2,11549.7,괴산군,청천면,"('괴산군', '청천면')"
청천면,4376036000,청천면,괴산군,2024,5057.0,352.0,182.0,2420.0,135.0,6.960648605892822,3.5989717223650386,47.85445916551316,2.669566936919122,8.528528701079983,-1.518987341772149,-8.09399477806788,6.0,5135.0,5096.0,0.1177394034536891,2.0,0.0,4.0,0.0,139.0,839.753,76.0,103.0,11.0,2.0,341.0,712.0,1782.0,131.0,35.23828356733241,7.351290684624018,0.3954913980620921,0.0,0.7909827961241843,0.0,15.028673126359502,2.175202689341507,27.486652165315405,1,1,0.0,,-1.2987012987012991,7.89423261161142,괴산군,청천면,"('괴산군', '청천면')","('괴산군', '청천면')",청천면,12724.8,29536.6,20537.1,780.3,14847.7,4782.7,798.7,0.0,0.0,0.0,2.0,0.0,0.0,0.0,5.0,2.0,2.0,4.0,14.0,18889.2,11549.7,괴산군,청천면,"('괴산군', '청천면')"
청풍면,4315032000,청풍면,제천시,2017,1291.0,141.0,60.0,494.0,58.0,10.921766072811774,4.647560030983733,38.26491092176608,4.492641363284275,7.1631723908466425,-0.9969325153374232,-10.191082802547768,0.0,1304.0,1297.5,0.0,0.0,0.0,2.0,1.0,115.0,312.052,29.0,46.0,2.0,0.0,107.0,166.0,570.0,19.0,44.15182029434547,3.333333333333333,0.0,0.0,1.549186676994578,0.7745933384972891,22.463206816421376,1.549186676994578,89.07823392718822,0,1,,,20.833333333333325,1.84971098265896,제천시,청풍면,"('제천시', '청풍면')","('제천시', '청풍면')",청풍면,13727.4,23432.3,21830.8,897.6,6363.6,5821.0,827.2,0.0,0.0,0.0,1.0,1.0,1.0,1.0,4.0,1.0,1.0,1.0,7.0,16719.5,15505.8,제천시,청풍면,"('제천시', '청풍면')"
청풍면,4315032000,청풍면,제천시,2018,1304.0,146.0,51.0,508.0,67.0,11.196319018404909,3.911042944785277,38.95705521472393,5.138036809815951,7.173191742486599,1.0069713400464808,3.546099290780136,24.0,1291.0,1297.5,1.84971098265896,0.0,0.0,2.0,1.0,115.0,312.052,28.0,47.0,2.0,0.0,106.0,172.0,642.0,21.0,49.233128834355824,3.2710280373831773,0.0,0.0,1.5337423312883436,0.7668711656441718,21.47239263803681,1.5337423312883436,88.19018404907976,0,1,,,-3.4482758620689613,-0.6187161639597835,제천시,청풍면,"('제천시', '청풍면')","('제천시', '청풍면')",청풍면,13727.4,23432.3,21830.8,897.6,6363.6,5821.0,827.2,0.0,0.0,0.0,1.0,1.0,1.0,1.0,4.0,1.0,1.0,1.0,7.0,16719.5,15505.8,제천시,청풍면,"('제천시', '청풍면')"
청풍면,4315032000,청풍면,제천시,2019,1282.0,128.0,53.0,509.0,59.0,9.98439937597504,4.134165366614664,39.70358814352574,4.602184087363495,7.156176637480615,-1.6871165644171793,-12.328767123287676,-8.0,1304.0,1293.0,-0.6187161639597835,0.0,0.0,2.0,1.0,115.0,312.052,32.0,46.0,2.0,0.0,113.0,190.0,796.0,15.0,62.09048361934477,1.884422110552764,0.0,0.0,1.5600624024960998,0.7800312012480499,24.9609984399376,1.5600624024960998,89.70358814352576,0,1,,,14.28571428571428,1.949317738791423,제천시,청풍면,"('제천시', '청풍면')","('제천시', '청풍면')",청풍면,13727.4,23432.3,21830.8,897.6,6363.6,5821.0,827.2,0.0,0.0,0.0,1.0,1.0,1.0,1.0,4.0,1.0,1.0,1.0,7.0,16719.5,15505.8,제천시,청풍면,"('제천시', '청풍면')"
청풍면,4315032000,청풍면,제천시,2021,1268.0,123.0,48.0,523.0,48.0,9.700315457413248,3.785488958990536,41.24605678233439,3.785488958990536,7.145196134997171,-1.169134840218233,-6.106870229007633,27.0,1283.0,1275.5,2.116816934535476,0.0,0.0,2.0,1.0,115.0,312.052,42.0,57.0,2.0,0.0,155.0,246.0,861.0,15.0,67.90220820189275,1.7421602787456445,0.0,0.0,1.5772870662460567,0.7886435331230284,33.1230283911672,1.5772870662460567,90.69400630914828,0,1,,,10.526315789473696,0.0,제천시,청풍면,"('제천시', '청풍면')","('제천시', '청풍면')",청풍면,13727.4,23432.3,21830.8,897.6,6363.6,5821.0,827.2,0.0,0.0,0.0,1.0,1.0,1.0,1.0,4.0,1.0,1.0,1.0,7.0,16719.5,15505.8,제천시,청풍면,"('제천시', '청풍면')"
청풍면,4315032000,청풍면,제천시,2022,1254.0,117.0,42.0,540.0,44.0,9.330143540669855,3.349282296650718,43.0622009569378,3.508771929824561,7.134093721192866,-1.104100946372244,-4.878048780487809,0.0,1268.0,1261.0,0.0,0.0,0.0,2.0,1.0,115.0,312.052,46.0,63.0,3.0,1.0,175.0,267.0,965.0,18.0,76.95374800637958,1.865284974093264,0.0,0.0,1.594896331738437,0.7974481658692185,36.682615629984056,2.392344497607656,91.70653907496012,0,1,,,9.523809523809534,3.3214709371293,제천시,청풍면,"('제천시', '청풍면')","('제천시', '청풍면')",청풍면,13727.4,23432.3,21830.8,897.6,6363.6,5821.0,827.2,0.0,0.0,0.0,1.0,1.0,1.0,1.0,4.0,1.0,1.0,1.0,7.0,16719.5,15505.8,제천시,청풍면,"('제천시', '청풍면')"
청풍면,4315032000,청풍면,제천시,2023,1275.0,116.0,44.0,570.0,48.0,9.098039215686274,3.4509803921568625,44.70588235294118,3.7647058823529407,7.150701457592526,1.674641148325362,-0.8547008547008517,42.0,1254.0,1264.5,3.3214709371293,0.0,0.0,2.0,1.0,115.0,312.052,33.0,68.0,3.0,1.0,167.0,293.0,975.0,16.0,76.47058823529412,1.641025641025641,0.0,0.0,1.568627450980392,0.7843137254901961,25.88235294117647,2.352941176470588,90.19607843137254,0,1,,,-28.260869565217394,0.473186119873817,제천시,청풍면,"('제천시', '청풍면')","('제천시', '청풍면')",청풍면,13727.4,23432.3,21830.8,897.6,6363.6,5821.0,827.2,0.0,0.0,0.0,1.0,1.0,1.0,1.0,4.0,1.0,1.0,1.0,7.0,16719.5,15505.8,제천시,청풍면,"('제천시', '청풍면')"
청풍면,4315032000,청풍면,제천시,2024,1261.0,107.0,43.0,593.0,43.0,8.485329103885805,3.409992069785884,47.02616970658208,3.409992069785884,7.13966033596492,-1.098039215686275,-7.758620689655171,6.0,1275.0,1268.0,0.473186119873817,0.0,0.0,2.0,1.0,115.0,312.052,38.0,63.0,3.0,1.0,177.0,312.0,979.0,16.0,77.63679619349723,1.634320735444331,0.0,0.0,1.5860428231562251,0.7930214115781126,30.13481363996828,2.379064234734338,91.19746233148294,0,1,,,15.15151515151516,0.1596169193934557,제천시,청풍면,"('제천시', '청풍면')","('제천시', '청풍면')",청풍면,13727.4,23432.3,21830.8,897.6,6363.6,5821.0,827.2,0.0,0.0,0.0,1.0,1.0,1.0,1.0,4.0,1.0,1.0,1.0,7.0,16719.5,15505.8,제천시,청풍면,"('제천시', '청풍면')"
초평면,4375032000,초평면,진천군,2017,3382.0,496.0,221.0,1112.0,205.0,14.665878178592548,6.5345949142519215,32.879952690715555,6.061502069781195,8.126222529458525,-2.254335260115603,-5.703422053231943,-30.0,3460.0,3421.0,-0.8769365682548963,1.0,0.0,2.0,0.0,115.0,481.507,32.0,41.0,1.0,0.0,101.0,313.0,2154.0,1463.0,63.69012418687168,67.92014856081708,0.2956830277942046,0.0,0.5913660555884093,0.0,9.461856889414548,0.2956830277942046,34.003548196333526,1,1,0.0,,3.2258064516129004,-0.3575685339690107,진천군,초평면,"('진천군', '초평면')","('진천군', '초평면')",초평면,6831.7,20704.6,6136.7,612.9,6064.8,2904.9,903.5,0.0,0.0,1.0,13.0,0.0,0.0,2.0,20.0,1.0,1.0,3.0,63.0,13234.6,3042.1,진천군,초평면,"('진천군', '초평면')"
초평면,4375032000,초평면,진천군,2018,3330.0,438.0,198.0,1155.0,188.0,13.153153153153152,5.9459459459459465,34.68468468468468,5.645645645645645,8.110727582974489,-1.5375517445298637,-11.693548387096776,-12.0,3382.0,3356.0,-0.3575685339690107,1.0,0.0,2.0,0.0,115.0,481.507,34.0,41.0,1.0,0.0,107.0,318.0,2167.0,1428.0,65.07507507507508,65.89755422242732,0.3003003003003003,0.0,0.6006006006006006,0.0,10.210210210210208,0.3003003003003003,34.53453453453453,1,1,0.0,,6.25,-0.4240496743904286,진천군,초평면,"('진천군', '초평면')","('진천군', '초평면')",초평면,6831.7,20704.6,6136.7,612.9,6064.8,2904.9,903.5,0.0,0.0,1.0,13.0,0.0,0.0,2.0,20.0,1.0,1.0,3.0,63.0,13234.6,3042.1,진천군,초평면,"('진천군', '초평면')"
초평면,4375032000,초평면,진천군,2019,3273.0,417.0,170.0,1194.0,176.0,12.740604949587532,5.194011610143599,36.48029330889093,5.377329666972197,8.09346227450118,-1.7117117117117164,-4.794520547945202,-14.0,3330.0,3301.5,-0.4240496743904286,1.0,0.0,2.0,0.0,115.0,481.507,34.0,42.0,1.0,0.0,111.0,330.0,2213.0,1454.0,67.61380996028109,65.7026660641663,0.3055300947143293,0.0,0.6110601894286587,0.0,10.388023220287195,0.3055300947143293,35.13596089214788,1,1,0.0,,0.0,-0.5546140810352795,진천군,초평면,"('진천군', '초평면')","('진천군', '초평면')",초평면,6831.7,20704.6,6136.7,612.9,6064.8,2904.9,903.5,0.0,0.0,1.0,13.0,0.0,0.0,2.0,20.0,1.0,1.0,3.0,63.0,13234.6,3042.1,진천군,초평면,"('진천군', '초평면')"
초평면,4375032000,초평면,진천군,2021,3118.0,371.0,143.0,1233.0,137.0,11.898652982681206,4.58627325208467,39.5445798588839,4.393842206542656,8.044947049617722,-3.1075201988812973,-1.591511936339518,-35.0,3218.0,3168.0,-1.10479797979798,1.0,0.0,2.0,0.0,115.0,481.507,33.0,45.0,1.0,0.0,116.0,562.0,2318.0,1415.0,74.34252726106479,61.044003451251086,0.3207184092366901,0.0,0.6414368184733803,0.0,10.583707504810777,0.3207184092366901,36.88261706221937,1,1,0.0,,3.125,-0.2598246183825917,진천군,초평면,"('진천군', '초평면')","('진천군', '초평면')",초평면,6831.7,20704.6,6136.7,612.9,6064.8,2904.9,903.5,0.0,0.0,1.0,13.0,0.0,0.0,2.0,20.0,1.0,1.0,3.0,63.0,13234.6,3042.1,진천군,초평면,"('진천군', '초평면')"
초평면,4375032000,초평면,진천군,2022,3040.0,337.0,115.0,1271.0,124.0,11.085526315789473,3.782894736842105,41.80921052631579,4.078947368421053,8.019612794400267,-2.5016035920461865,-9.164420485175206,-8.0,3118.0,3079.0,-0.2598246183825917,1.0,0.0,2.0,0.0,115.0,481.507,33.0,44.0,1.0,0.0,117.0,558.0,2857.0,1326.0,93.98026315789474,46.4123206160308,0.3289473684210526,0.0,0.6578947368421052,0.0,10.855263157894736,0.3289473684210526,37.828947368421055,1,1,0.0,,0.0,1.188314903449414,진천군,초평면,"('진천군', '초평면')","('진천군', '초평면')",초평면,6831.7,20704.6,6136.7,612.9,6064.8,2904.9,903.5,0.0,0.0,1.0,13.0,0.0,0.0,2.0,20.0,1.0,1.0,3.0,63.0,13234.6,3042.1,진천군,초평면,"('진천군', '초평면')"
초평면,4375032000,초평면,진천군,2023,3019.0,335.0,109.0,1298.0,130.0,11.096389532957932,3.610467042066909,42.99436899635641,4.306061609804571,8.012680929706839,-0.6907894736842057,-0.5934718100890191,36.0,3040.0,3029.5,1.188314903449414,1.0,0.0,2.0,0.0,115.0,481.507,37.0,42.0,0.0,0.0,116.0,585.0,2886.0,1484.0,95.59456773766148,51.42065142065142,0.3312355084465054,0.0,0.6624710168930109,0.0,12.2557138125207,0.0,38.092083471348126,1,1,0.0,,12.12121212121211,-1.4093959731543624,진천군,초평면,"('진천군', '초평면')","('진천군', '초평면')",초평면,6831.7,20704.6,6136.7,612.9,6064.8,2904.9,903.5,0.0,0.0,1.0,13.0,0.0,0.0,2.0,20.0,1.0,1.0,3.0,63.0,13234.6,3042.1,진천군,초평면,"('진천군', '초평면')"
초평면,4375032000,초평면,진천군,2024,2941.0,319.0,100.0,1339.0,127.0,10.846650799047945,3.4002040122407347,45.52873172390344,4.3182590955457325,7.9865049385539955,-2.5836369658827407,-4.77611940298508,-42.0,3019.0,2980.0,-1.4093959731543624,1.0,0.0,2.0,0.0,115.0,481.507,32.0,38.0,1.0,1.0,112.0,620.0,3006.0,1457.0,102.21013260795648,48.46972721224218,0.3400204012240734,0.0,0.6800408024481469,0.0,10.88065283917035,0.3400204012240734,39.10234614076845,1,1,0.0,,-13.513513513513509,1.836422377146744,진천군,초평면,"('진천군', '초평면')","('진천군', '초평면')",초평면,6831.7,20704.6,6136.7,612.9,6064.8,2904.9,903.5,0.0,0.0,1.0,13.0,0.0,0.0,2.0,20.0,1.0,1.0,3.0,63.0,13234.6,3042.1,진천군,초평면,"('진천군', '초평면')"
추풍령면,4374033500,추풍령면,영동군,2017,2453.0,337.0,119.0,875.0,155.0,13.738279657562169,4.851202609050143,35.670607419486345,6.318793314309009,7.8050670442584895,-1.128577186618296,-9.408602150537638,-9.0,2481.0,2467.0,-0.3648155654641264,1.0,0.0,2.0,0.0,35.0,340.493,30.0,42.0,0.0,0.0,91.0,140.0,381.0,68.0,15.53200163065634,17.84776902887139,0.4076640847941296,0.0,0.8153281695882593,0.0,12.22992254382389,0.0,14.26824296779454,1,1,0.0,,0.0,-0.906655676900886,영동군,추풍령면,"('영동군', '추풍령면')","('영동군', '추풍령면')",추풍령면,25873.3,25873.3,24133.3,1276.3,9683.7,2782.9,891.6,0.0,0.0,0.0,0.0,0.0,0.0,0.0,1.0,0.0,1.0,4.0,8.0,19994.7,18254.7,영동군,추풍령면,"('영동군', '추풍령면')"
추풍령면,4374033500,추풍령면,영동군,2018,2400.0,306.0,110.0,885.0,130.0,12.75,4.583333333333333,36.875,5.416666666666667,7.783224016336037,-2.1606196494088903,-9.198813056379818,-22.0,2453.0,2426.5,-0.906655676900886,1.0,0.0,2.0,0.0,35.0,340.493,29.0,48.0,0.0,0.0,98.0,140.0,367.0,58.0,15.291666666666668,15.803814713896458,0.4166666666666667,0.0,0.8333333333333335,0.0,12.083333333333332,0.0,14.583333333333332,1,1,0.0,,-3.3333333333333326,-2.202456586192292,영동군,추풍령면,"('영동군', '추풍령면')","('영동군', '추풍령면')",추풍령면,25873.3,25873.3,24133.3,1276.3,9683.7,2782.9,891.6,0.0,0.0,0.0,0.0,0.0,0.0,0.0,1.0,0.0,1.0,4.0,8.0,19994.7,18254.7,영동군,추풍령면,"('영동군', '추풍령면')"
추풍령면,4374033500,추풍령면,영동군,2019,2322.0,278.0,94.0,890.0,122.0,11.972437553832902,4.04823428079242,38.32902670111972,5.254091300602928,7.7501841622578365,-3.2499999999999973,-9.150326797385622,-52.0,2400.0,2361.0,-2.202456586192292,1.0,0.0,2.0,0.0,35.0,340.493,31.0,45.0,0.0,0.0,96.0,147.0,371.0,58.0,15.977605512489234,15.633423180592992,0.4306632213608958,0.0,0.8613264427217916,0.0,13.350559862187769,0.0,15.073212747631352,1,1,0.0,,6.896551724137923,0.7356122890523582,영동군,추풍령면,"('영동군', '추풍령면')","('영동군', '추풍령면')",추풍령면,25873.3,25873.3,24133.3,1276.3,9683.7,2782.9,891.6,0.0,0.0,0.0,0.0,0.0,0.0,0.0,1.0,0.0,1.0,4.0,8.0,19994.7,18254.7,영동군,추풍령면,"('영동군', '추풍령면')"
추풍령면,4374033500,추풍령면,영동군,2021,2227.0,216.0,91.0,953.0,91.0,9.69914683430624,4.086214638527166,42.79299506061967,4.086214638527166,7.708410667257367,-3.1739130434782603,-11.111111111111116,-32.0,2300.0,2263.5,-1.4137397835210956,1.0,0.0,2.0,0.0,35.0,340.493,34.0,48.0,0.0,0.0,102.0,222.0,543.0,75.0,24.3825774584643,13.812154696132598,0.4490345756623259,0.0,0.8980691513246519,0.0,15.267175572519085,0.0,15.716210148181409,1,1,0.0,,0.0,1.705182858424949,영동군,추풍령면,"('영동군', '추풍령면')","('영동군', '추풍령면')",추풍령면,25873.3,25873.3,24133.3,1276.3,9683.7,2782.9,891.6,0.0,0.0,0.0,0.0,0.0,0.0,0.0,1.0,0.0,1.0,4.0,8.0,19994.7,18254.7,영동군,추풍령면,"('영동군', '추풍령면')"
추풍령면,4374033500,추풍령면,영동군,2022,2230.0,207.0,87.0,983.0,94.0,9.282511210762332,3.901345291479821,44.08071748878924,4.2152466367713,7.709756864454165,0.1347103726986986,-4.166666666666663,38.0,2227.0,2228.5,1.705182858424949,1.0,0.0,2.0,0.0,35.0,340.493,35.0,49.0,0.0,0.0,106.0,209.0,473.0,66.0,21.210762331838566,13.953488372093023,0.4484304932735425,0.0,0.8968609865470851,0.0,15.695067264573993,0.0,15.695067264573993,1,1,0.0,,2.941176470588225,-0.7730786721236926,영동군,추풍령면,"('영동군', '추풍령면')","('영동군', '추풍령면')",추풍령면,25873.3,25873.3,24133.3,1276.3,9683.7,2782.9,891.6,0.0,0.0,0.0,0.0,0.0,0.0,0.0,1.0,0.0,1.0,4.0,8.0,19994.7,18254.7,영동군,추풍령면,"('영동군', '추풍령면')"
추풍령면,4374033500,추풍령면,영동군,2023,2168.0,194.0,73.0,1008.0,84.0,8.948339483394834,3.367158671586716,46.49446494464944,3.8745387453874542,7.681560362559537,-2.780269058295959,-6.28019323671497,-17.0,2230.0,2199.0,-0.7730786721236926,1.0,0.0,2.0,0.0,35.0,340.493,25.0,50.0,0.0,0.0,97.0,227.0,498.0,56.0,22.970479704797047,11.244979919678714,0.4612546125461254,0.0,0.9225092250922508,0.0,11.531365313653136,0.0,16.14391143911439,1,1,0.0,,-28.57142857142857,0.1858304297328687,영동군,추풍령면,"('영동군', '추풍령면')","('영동군', '추풍령면')",추풍령면,25873.3,25873.3,24133.3,1276.3,9683.7,2782.9,891.6,0.0,0.0,0.0,0.0,0.0,0.0,0.0,1.0,0.0,1.0,4.0,8.0,19994.7,18254.7,영동군,추풍령면,"('영동군', '추풍령면')"
추풍령면,4374033500,추풍령면,영동군,2024,2137.0,176.0,82.0,1005.0,71.0,8.235844642021526,3.837154890032756,47.0285446888161,3.3224145999064105,7.667158255319148,-1.4298892988929834,-9.278350515463918,4.0,2168.0,2152.5,0.1858304297328687,1.0,0.0,2.0,0.0,35.0,340.493,25.0,52.0,0.0,0.0,97.0,249.0,488.0,56.0,22.835751052877868,11.475409836065571,0.4679457182966776,0.0,0.9358914365933552,0.0,11.69864295741694,0.0,16.378100140383715,1,1,0.0,,0.0,-0.3787878787878788,영동군,추풍령면,"('영동군', '추풍령면')","('영동군', '추풍령면')",추풍령면,25873.3,25873.3,24133.3,1276.3,9683.7,2782.9,891.6,0.0,0.0,0.0,0.0,0.0,0.0,0.0,1.0,0.0,1.0,4.0,8.0,19994.7,18254.7,영동군,추풍령면,"('영동군', '추풍령면')"
칠금금릉동,4313062500,칠금.금릉동,충주시,2017,16735.0,4135.0,2679.0,1736.0,2031.0,24.70869435315208,16.00836570062743,10.373468778010158,12.136241410218105,9.725257613645429,-2.0715079875943565,-4.569582275559658,-386.0,17089.0,16912.0,-2.28240302743614,26.0,0.0,5.0,2.0,48.0,77.674,274.0,452.0,79.0,49.0,1229.0,2059.0,10398.0,223.0,62.133253659994025,2.1446432006155027,1.5536301165222588,0.0,0.2987750224081266,0.1195100089632506,16.37287122796534,4.7206453540484015,2.868240215118016,0,1,0.0,,13.223140495867767,-5.307185537000153,충주시,칠금금릉동,"('충주시', '칠금금릉동')","('충주시', '칠금금릉동')",칠금·금릉동,1038.9,1385.1,217.0,171.1,1602.6,398.8,113.7,0.0,5.0,9.0,13.0,0.0,0.0,7.0,16.0,5.0,8.0,23.0,45.0,1257.4,82.1,충주시,칠금금릉동,"('충주시', '칠금금릉동')"
칠금금릉동,4313062500,칠금.금릉동,충주시,2018,15900.0,3860.0,2368.0,1833.0,1889.0,24.27672955974843,14.893081761006288,11.528301886792452,11.880503144654089,9.674074388208323,-4.989542874215713,-6.650544135429259,-866.0,16735.0,16317.5,-5.307185537000153,27.0,0.0,5.0,2.0,48.0,77.674,268.0,450.0,82.0,50.0,1243.0,2078.0,11131.0,237.0,70.00628930817611,2.1291887521336808,1.6981132075471697,0.0,0.3144654088050314,0.1257861635220125,16.855345911949687,5.157232704402516,3.0188679245283017,0,1,3.846153846153855,,-2.1897810218978075,-5.903126518710514,충주시,칠금금릉동,"('충주시', '칠금금릉동')","('충주시', '칠금금릉동')",칠금·금릉동,1038.9,1385.1,217.0,171.1,1602.6,398.8,113.7,0.0,5.0,9.0,13.0,0.0,0.0,7.0,16.0,5.0,8.0,23.0,45.0,1257.4,82.1,충주시,칠금금릉동,"('충주시', '칠금금릉동')"
칠금금릉동,4313062500,칠금.금릉동,충주시,2019,14965.0,3536.0,2032.0,1908.0,1694.0,23.62846642165052,13.578349482124958,12.749749415302372,11.31974607417307,9.6134694202868,-5.880503144654092,-8.39378238341969,-911.0,15900.0,15432.5,-5.903126518710514,27.0,0.0,5.0,2.0,48.0,77.674,278.0,451.0,93.0,51.0,1285.0,2092.0,12118.0,249.0,80.97560975609757,2.054794520547945,1.8042098229201469,0.0,0.3341129301703976,0.133645172068159,18.576678917474105,6.214500501169395,3.2074841296358167,0,1,0.0,,3.731343283582089,-2.8252989599918696,충주시,칠금금릉동,"('충주시', '칠금금릉동')","('충주시', '칠금금릉동')",칠금·금릉동,1038.9,1385.1,217.0,171.1,1602.6,398.8,113.7,0.0,5.0,9.0,13.0,0.0,0.0,7.0,16.0,5.0,8.0,23.0,45.0,1257.4,82.1,충주시,칠금금릉동,"('충주시', '칠금금릉동')"
칠금금릉동,4313062500,칠금.금릉동,충주시,2021,14463.0,3266.0,1778.0,2190.0,1515.0,22.58176035400677,12.293438429094932,15.14208670400332,10.47500518564613,9.579348943073732,-0.6252576611240901,-3.057287028791922,-45.0,14554.0,14508.5,-0.3101630078919254,20.0,0.0,5.0,2.0,48.0,77.674,287.0,473.0,105.0,54.0,1354.0,3421.0,12520.0,188.0,86.56571942197331,1.5015974440894568,1.3828389684021294,0.0,0.3457097421005323,0.1382838968402129,19.84373919657056,7.259904584111181,3.318813524165111,0,1,-23.07692307692308,,3.985507246376807,-0.5770099760158504,충주시,칠금금릉동,"('충주시', '칠금금릉동')","('충주시', '칠금금릉동')",칠금·금릉동,1038.9,1385.1,217.0,171.1,1602.6,398.8,113.7,0.0,5.0,9.0,13.0,0.0,0.0,7.0,16.0,5.0,8.0,23.0,45.0,1257.4,82.1,충주시,칠금금릉동,"('충주시', '칠금금릉동')"
칠금금릉동,4313062500,칠금.금릉동,충주시,2022,14306.0,3142.0,1630.0,2342.0,1440.0,21.962812805815744,11.39382077450021,16.370753529987418,10.065706696490984,9.56843430866833,-1.0855285901956724,-3.7966932026944233,-83.0,14463.0,14384.5,-0.5770099760158504,18.0,0.0,5.0,2.0,48.0,77.674,305.0,475.0,110.0,58.0,1410.0,3408.0,12561.0,186.0,87.80232070459947,1.4807738237401482,1.258213337061373,0.0,0.3495037047392702,0.1398014818957081,21.319725989095485,7.689081504263945,3.355235565496994,0,1,-9.999999999999998,,6.271777003484313,-2.0659402858355738,충주시,칠금금릉동,"('충주시', '칠금금릉동')","('충주시', '칠금금릉동')",칠금·금릉동,1038.9,1385.1,217.0,171.1,1602.6,398.8,113.7,0.0,5.0,9.0,13.0,0.0,0.0,7.0,16.0,5.0,8.0,23.0,45.0,1257.4,82.1,충주시,칠금금릉동,"('충주시', '칠금금릉동')"
칠금금릉동,4313062500,칠금.금릉동,충주시,2023,13962.0,2989.0,1483.0,2489.0,1359.0,21.408107720956885,10.621687437329896,17.8269588884114,9.733562526858616,9.544094632530348,-2.4045854886061813,-4.869509866327181,-292.0,14306.0,14134.0,-2.0659402858355738,16.0,0.0,5.0,2.0,48.0,77.674,271.0,451.0,44.0,18.0,1234.0,3342.0,12703.0,190.0,90.98266723965048,1.4957096748799497,1.1459676264145535,0.0,0.358114883254548,0.1432459533018192,19.409826672396505,3.151410972640023,3.4379028792436617,0,1,-11.111111111111116,,-11.147540983606552,-1.9636258242156364,충주시,칠금금릉동,"('충주시', '칠금금릉동')","('충주시', '칠금금릉동')",칠금·금릉동,1038.9,1385.1,217.0,171.1,1602.6,398.8,113.7,0.0,5.0,9.0,13.0,0.0,0.0,7.0,16.0,5.0,8.0,23.0,45.0,1257.4,82.1,충주시,칠금금릉동,"('충주시', '칠금금릉동')"
칠금금릉동,4313062500,칠금.금릉동,충주시,2024,13640.0,2850.0,1361.0,2614.0,1270.0,20.89442815249267,9.97800586510264,19.164222873900293,9.310850439882698,9.520761931397454,-2.306259848159286,-4.650384744061564,-271.0,13962.0,13801.0,-1.9636258242156364,14.0,0.0,5.0,2.0,48.0,77.674,274.0,441.0,42.0,20.0,1209.0,3310.0,12585.0,182.0,92.26539589442817,1.44616607071911,1.0263929618768328,0.0,0.3665689149560117,0.1466275659824047,20.08797653958944,3.0791788856304985,3.519061583577713,0,1,-12.5,,1.1070110701107083,-2.0791564565233536,충주시,칠금금릉동,"('충주시', '칠금금릉동')","('충주시', '칠금금릉동')",칠금·금릉동,1038.9,1385.1,217.0,171.1,1602.6,398.8,113.7,0.0,5.0,9.0,13.0,0.0,0.0,7.0,16.0,5.0,8.0,23.0,45.0,1257.4,82.1,충주시,칠금금릉동,"('충주시', '칠금금릉동')"
칠성면,4376034000,칠성면,괴산군,2017,3163.0,465.0,158.0,991.0,199.0,14.701233006639267,4.995257666772051,31.33101485931078,6.291495415744547,8.059276223305648,0.0632711167352084,0.6493506493506551,29.0,3161.0,3162.0,0.9171410499683744,0.0,0.0,2.0,0.0,73.0,354.432,46.0,82.0,1.0,0.0,182.0,231.0,597.0,21.0,18.87448624723364,3.5175879396984926,0.0,0.0,0.6323110970597534,0.0,14.543155232374328,0.3161555485298767,23.079355042681,1,1,,,6.976744186046502,2.355897596984451,괴산군,칠성면,"('괴산군', '칠성면')","('괴산군', '칠성면')",칠성면,4012.5,31701.1,8547.6,651.2,5955.5,3269.0,465.3,0.0,0.0,2.0,3.0,0.0,0.0,5.0,6.0,1.0,1.0,5.0,13.0,28103.9,3946.8,괴산군,칠성면,"('괴산군', '칠성면')"
칠성면,4376034000,칠성면,괴산군,2018,3204.0,460.0,162.0,1010.0,201.0,14.357053682896378,5.056179775280898,31.523096129837704,6.273408239700375,8.07215530818825,1.2962377489724952,-1.0752688172043,75.0,3163.0,3183.5,2.355897596984451,0.0,0.0,2.0,0.0,73.0,354.432,48.0,91.0,1.0,0.0,207.0,262.0,723.0,57.0,22.56554307116105,7.883817427385892,0.0,0.0,0.6242197253433208,0.0,14.9812734082397,0.3121098626716604,22.78401997503121,1,1,,,4.347826086956519,1.5578750584203147,괴산군,칠성면,"('괴산군', '칠성면')","('괴산군', '칠성면')",칠성면,4012.5,31701.1,8547.6,651.2,5955.5,3269.0,465.3,0.0,0.0,2.0,3.0,0.0,0.0,5.0,6.0,1.0,1.0,5.0,13.0,28103.9,3946.8,괴산군,칠성면,"('괴산군', '칠성면')"
칠성면,4376034000,칠성면,괴산군,2019,3215.0,462.0,157.0,1035.0,207.0,14.3701399688958,4.883359253499223,32.19284603421462,6.438569206842924,8.07558263667172,0.3433208489388217,0.4347826086956496,50.0,3204.0,3209.5,1.5578750584203147,0.0,0.0,2.0,0.0,73.0,354.432,49.0,102.0,0.0,0.0,223.0,290.0,843.0,139.0,26.22083981337481,16.488730723606167,0.0,0.0,0.6220839813374806,0.0,15.241057542768273,0.0,22.70606531881804,1,1,,,2.083333333333326,1.3031337263419174,괴산군,칠성면,"('괴산군', '칠성면')","('괴산군', '칠성면')",칠성면,4012.5,31701.1,8547.6,651.2,5955.5,3269.0,465.3,0.0,0.0,2.0,3.0,0.0,0.0,5.0,6.0,1.0,1.0,5.0,13.0,28103.9,3946.8,괴산군,칠성면,"('괴산군', '칠성면')"
칠성면,4376034000,칠성면,괴산군,2021,3177.0,403.0,139.0,1148.0,182.0,12.684922883223166,4.375196726471514,36.13471828769279,5.728674850487882,8.063692634269517,-1.671309192200554,-12.008733624454148,-19.0,3231.0,3204.0,-0.5930087390761548,0.0,0.0,2.0,0.0,73.0,354.432,48.0,101.0,2.0,3.0,237.0,445.0,1136.0,153.0,35.7570034623859,13.468309859154928,0.0,0.0,0.6295247088448221,0.0,15.108593012275731,0.6295247088448221,22.977651872836013,1,1,,,4.347826086956519,-0.9592326139088728,괴산군,칠성면,"('괴산군', '칠성면')","('괴산군', '칠성면')",칠성면,4012.5,31701.1,8547.6,651.2,5955.5,3269.0,465.3,0.0,0.0,2.0,3.0,0.0,0.0,5.0,6.0,1.0,1.0,5.0,13.0,28103.9,3946.8,괴산군,칠성면,"('괴산군', '칠성면')"
칠성면,4376034000,칠성면,괴산군,2022,3078.0,339.0,126.0,1175.0,150.0,11.01364522417154,4.093567251461988,38.174139051332034,4.8732943469785575,8.032035314398824,-3.116147308781869,-15.880893300248143,-30.0,3177.0,3127.5,-0.9592326139088728,0.0,0.0,2.0,0.0,73.0,354.432,50.0,103.0,2.0,3.0,241.0,455.0,1166.0,166.0,37.88174139051332,14.23670668953688,0.0,0.0,0.649772579597141,0.0,16.244314489928524,0.649772579597141,23.716699155295643,1,1,,,4.166666666666674,2.458751213199612,괴산군,칠성면,"('괴산군', '칠성면')","('괴산군', '칠성면')",칠성면,4012.5,31701.1,8547.6,651.2,5955.5,3269.0,465.3,0.0,0.0,2.0,3.0,0.0,0.0,5.0,6.0,1.0,1.0,5.0,13.0,28103.9,3946.8,괴산군,칠성면,"('괴산군', '칠성면')"
칠성면,4376034000,칠성면,괴산군,2023,3104.0,329.0,126.0,1243.0,140.0,10.599226804123711,4.059278350515464,40.04510309278351,4.510309278350515,8.04044688130311,0.8447043534762777,-2.9498525073746285,76.0,3078.0,3091.0,2.458751213199612,0.0,0.0,2.0,0.0,73.0,354.432,46.0,98.0,2.0,0.0,232.0,483.0,1211.0,165.0,39.01417525773196,13.625103220478945,0.0,0.0,0.6443298969072164,0.0,14.819587628865978,0.6443298969072164,23.5180412371134,1,1,,,-7.9999999999999964,0.7422946587058254,괴산군,칠성면,"('괴산군', '칠성면')","('괴산군', '칠성면')",칠성면,4012.5,31701.1,8547.6,651.2,5955.5,3269.0,465.3,0.0,0.0,2.0,3.0,0.0,0.0,5.0,6.0,1.0,1.0,5.0,13.0,28103.9,3946.8,괴산군,칠성면,"('괴산군', '칠성면')"
칠성면,4376034000,칠성면,괴산군,2024,3093.0,316.0,132.0,1284.0,133.0,10.216618170061428,4.267701260911736,41.51309408341416,4.300032331070158,8.03689677268507,-0.3543814432989678,-3.951367781155013,23.0,3104.0,3098.5,0.7422946587058254,0.0,1.0,2.0,0.0,73.0,354.432,48.0,99.0,4.0,3.0,244.0,503.0,1197.0,188.0,38.70029097963143,15.705931495405178,0.0,0.3233107015842224,0.6466214031684449,0.0,15.51891367604268,1.2932428063368897,23.60168121564824,1,0,,inf,4.347826086956519,6.655156176424423,괴산군,칠성면,"('괴산군', '칠성면')","('괴산군', '칠성면')",칠성면,4012.5,31701.1,8547.6,651.2,5955.5,3269.0,465.3,0.0,0.0,2.0,3.0,0.0,0.0,5.0,6.0,1.0,1.0,5.0,13.0,28103.9,3946.8,괴산군,칠성면,"('괴산군', '칠성면')"
탄부면,4372034000,탄부면,보은군,2017,1797.0,199.0,71.0,816.0,82.0,11.0740122426266,3.951029493600445,45.40901502504174,4.563160823594881,7.493873886783559,-1.317957166392092,-7.870370370370372,-7.0,1821.0,1809.0,-0.3869541182974019,0.0,0.0,2.0,0.0,55.0,326.444,5.0,7.0,2.0,0.0,16.0,58.0,335.0,56.0,18.64218141346689,16.716417910447763,0.0,0.0,1.1129660545353368,0.0,2.7824151363383414,1.1129660545353368,30.60656649972176,1,1,,,-16.666666666666664,0.4483048472961614,보은군,탄부면,"('보은군', '탄부면')","('보은군', '탄부면')",탄부면,9046.2,9164.5,5748.1,569.0,9176.6,2227.9,870.3,0.0,0.0,0.0,4.0,0.0,0.0,0.0,6.0,2.0,4.0,8.0,24.0,4056.0,2684.9,보은군,탄부면,"('보은군', '탄부면')"
탄부면,4372034000,탄부면,보은군,2018,1772.0,192.0,72.0,815.0,84.0,10.835214446952596,4.063205417607223,45.99322799097065,4.740406320541761,7.479864131165026,-1.391207568169173,-3.5175879396984966,8.0,1797.0,1784.5,0.4483048472961614,0.0,0.0,2.0,0.0,55.0,326.444,7.0,7.0,2.0,0.0,18.0,64.0,285.0,55.0,16.083521444695258,19.29824561403509,0.0,0.0,1.128668171557562,0.0,3.950338600451468,1.128668171557562,31.038374717832955,1,1,,,39.99999999999999,-1.663798049340218,보은군,탄부면,"('보은군', '탄부면')","('보은군', '탄부면')",탄부면,9046.2,9164.5,5748.1,569.0,9176.6,2227.9,870.3,0.0,0.0,0.0,4.0,0.0,0.0,0.0,6.0,2.0,4.0,8.0,24.0,4056.0,2684.9,보은군,탄부면,"('보은군', '탄부면')"
탄부면,4372034000,탄부면,보은군,2019,1714.0,163.0,55.0,832.0,64.0,9.509918319719954,3.208868144690782,48.5414235705951,3.7339556592765457,7.446585099157725,-3.2731376975169257,-15.104166666666664,-29.0,1772.0,1743.0,-1.663798049340218,0.0,0.0,2.0,0.0,55.0,326.444,8.0,5.0,2.0,0.0,19.0,70.0,225.0,56.0,13.127187864644108,24.88888888888889,0.0,0.0,1.1668611435239205,0.0,4.667444574095682,1.1668611435239205,32.08868144690782,1,1,,,14.28571428571428,-0.354924578527063,보은군,탄부면,"('보은군', '탄부면')","('보은군', '탄부면')",탄부면,9046.2,9164.5,5748.1,569.0,9176.6,2227.9,870.3,0.0,0.0,0.0,4.0,0.0,0.0,0.0,6.0,2.0,4.0,8.0,24.0,4056.0,2684.9,보은군,탄부면,"('보은군', '탄부면')"
탄부면,4372034000,탄부면,보은군,2021,1625.0,138.0,43.0,846.0,49.0,8.492307692307692,2.646153846153846,52.06153846153846,3.015384615384616,7.393263094763838,-2.519496100779839,-11.538461538461542,-1.0,1667.0,1646.0,-0.0607533414337788,0.0,0.0,2.0,0.0,55.0,326.444,9.0,6.0,1.0,0.0,21.0,186.0,458.0,43.0,28.184615384615384,9.388646288209609,0.0,0.0,1.2307692307692308,0.0,5.538461538461537,0.6153846153846154,33.84615384615385,1,1,,,12.5,0.1249219237976264,보은군,탄부면,"('보은군', '탄부면')","('보은군', '탄부면')",탄부면,9046.2,9164.5,5748.1,569.0,9176.6,2227.9,870.3,0.0,0.0,0.0,4.0,0.0,0.0,0.0,6.0,2.0,4.0,8.0,24.0,4056.0,2684.9,보은군,탄부면,"('보은군', '탄부면')"
탄부면,4372034000,탄부면,보은군,2022,1577.0,126.0,36.0,839.0,40.0,7.989854153455929,2.28281547241598,53.202282815472415,2.5364616360177554,7.3632795869630385,-2.953846153846152,-8.695652173913048,2.0,1625.0,1601.0,0.1249219237976264,0.0,0.0,2.0,0.0,55.0,326.444,9.0,5.0,1.0,0.0,20.0,166.0,446.0,41.0,28.28154724159797,9.192825112107624,0.0,0.0,1.2682308180088775,0.0,5.70703868103995,0.6341154090044387,34.87634749524413,1,1,,,0.0,1.8412698412698407,보은군,탄부면,"('보은군', '탄부면')","('보은군', '탄부면')",탄부면,9046.2,9164.5,5748.1,569.0,9176.6,2227.9,870.3,0.0,0.0,0.0,4.0,0.0,0.0,0.0,6.0,2.0,4.0,8.0,24.0,4056.0,2684.9,보은군,탄부면,"('보은군', '탄부면')"
탄부면,4372034000,탄부면,보은군,2023,1573.0,120.0,38.0,866.0,39.0,7.628734901462174,2.4157660521296886,55.054036872218695,2.479338842975207,7.360739903058278,-0.2536461636017728,-4.761904761904767,29.0,1577.0,1575.0,1.8412698412698407,0.0,0.0,2.0,0.0,55.0,326.444,6.0,5.0,1.0,0.0,17.0,198.0,556.0,34.0,35.34647171010808,6.115107913669065,0.0,0.0,1.2714558169103625,0.0,3.814367450731087,0.6357279084551812,34.96503496503497,1,1,,,-33.333333333333336,0.3205128205128205,보은군,탄부면,"('보은군', '탄부면')","('보은군', '탄부면')",탄부면,9046.2,9164.5,5748.1,569.0,9176.6,2227.9,870.3,0.0,0.0,0.0,4.0,0.0,0.0,0.0,6.0,2.0,4.0,8.0,24.0,4056.0,2684.9,보은군,탄부면,"('보은군', '탄부면')"
탄부면,4372034000,탄부면,보은군,2024,1547.0,106.0,24.0,884.0,38.0,6.851971557853911,1.5513897866839044,57.14285714285714,2.456367162249516,7.344072850573066,-1.6528925619834656,-11.66666666666667,5.0,1573.0,1560.0,0.3205128205128205,0.0,0.0,2.0,0.0,55.0,326.444,6.0,6.0,1.0,0.0,18.0,216.0,628.0,40.0,40.59469941822883,6.369426751592357,0.0,0.0,1.2928248222365868,0.0,3.878474466709761,0.6464124111182934,35.55268261150614,1,1,,,0.0,1.938610662358643,보은군,탄부면,"('보은군', '탄부면')","('보은군', '탄부면')",탄부면,9046.2,9164.5,5748.1,569.0,9176.6,2227.9,870.3,0.0,0.0,0.0,4.0,0.0,0.0,0.0,6.0,2.0,4.0,8.0,24.0,4056.0,2684.9,보은군,탄부면,"('보은군', '탄부면')"
탑대성동,4311162000,탑대성동,청주시,2017,10432.0,2526.0,994.0,2024.0,1134.0,24.213957055214724,9.528374233128837,19.401840490797547,10.870398773006135,9.252633284166434,-7.648725212464591,-9.071274298056151,-839.0,11296.0,10864.0,-7.722754050073638,10.0,0.0,2.0,0.0,9.0,13.358,86.0,70.0,6.0,0.0,248.0,457.0,1358.0,47.0,13.017638036809815,3.4609720176730487,0.9585889570552149,0.0,0.1917177914110429,0.0,8.243865030674847,0.5751533742331288,0.8627300613496933,1,1,-9.090909090909092,,6.172839506172845,-4.845446950710109,청주시,탑대성동,"('청주시', '탑대성동')","('청주시', '탑대성동')",탑·대성동,510.1,944.9,80.0,254.6,1180.0,1001.1,232.9,8.0,20.0,47.0,58.0,6.0,11.0,20.0,33.0,6.0,33.0,110.0,168.0,944.9,80.0,청주시,탑대성동,"('청주시', '탑대성동')"
탑대성동,4311162000,탑대성동,청주시,2018,9917.0,2324.0,896.0,2071.0,1033.0,23.43450640314612,9.034990420490068,20.883331652717555,10.416456589694464,9.202005735186123,-4.936733128834359,-7.996832937450515,-493.0,10432.0,10174.5,-4.845446950710109,9.0,0.0,2.0,0.0,9.0,13.358,91.0,73.0,6.0,0.0,258.0,461.0,1371.0,43.0,13.824745386709692,3.136396790663749,0.907532519915297,0.0,0.2016738933145104,0.0,9.176162145810224,0.6050216799435314,0.907532519915297,1,1,-9.999999999999998,,5.813953488372103,-3.998969337799537,청주시,탑대성동,"('청주시', '탑대성동')","('청주시', '탑대성동')",탑·대성동,510.1,944.9,80.0,254.6,1180.0,1001.1,232.9,8.0,20.0,47.0,58.0,6.0,11.0,20.0,33.0,6.0,33.0,110.0,168.0,944.9,80.0,청주시,탑대성동,"('청주시', '탑대성동')"
탑대성동,4311162000,탑대성동,청주시,2019,9488.0,2158.0,828.0,2108.0,945.0,22.74451939291737,8.72681281618887,22.217537942664418,9.959949409780776,9.157783121237507,-4.325905011596253,-7.14285714285714,-388.0,9917.0,9702.5,-3.998969337799537,8.0,0.0,2.0,0.0,9.0,13.358,91.0,85.0,6.0,0.0,268.0,438.0,1328.0,61.0,13.99662731871838,4.593373493975903,0.8431703204047216,0.0,0.2107925801011804,0.0,9.59106239460371,0.6323777403035413,0.948566610455312,1,1,-11.111111111111116,,0.0,-6.102212051868802,청주시,탑대성동,"('청주시', '탑대성동')","('청주시', '탑대성동')",탑·대성동,510.1,944.9,80.0,254.6,1180.0,1001.1,232.9,8.0,20.0,47.0,58.0,6.0,11.0,20.0,33.0,6.0,33.0,110.0,168.0,944.9,80.0,청주시,탑대성동,"('청주시', '탑대성동')"
탑대성동,4311162000,탑대성동,청주시,2021,8591.0,1735.0,681.0,2248.0,758.0,20.19555348620649,7.926900244441858,26.1669188685834,8.823187056221627,9.058470422638056,-3.101736972704716,-8.055113937466874,-194.0,8866.0,8728.5,-2.2226041129632814,8.0,0.0,2.0,0.0,9.0,13.358,91.0,82.0,6.0,0.0,279.0,590.0,1474.0,66.0,17.157490396927017,4.477611940298507,0.9312070771737866,0.0,0.2328017692934466,0.0,10.592480502851824,0.6984053078803398,1.04760796182051,1,1,0.0,,0.0,9.19335044070066,청주시,탑대성동,"('청주시', '탑대성동')","('청주시', '탑대성동')",탑·대성동,510.1,944.9,80.0,254.6,1180.0,1001.1,232.9,8.0,20.0,47.0,58.0,6.0,11.0,20.0,33.0,6.0,33.0,110.0,168.0,944.9,80.0,청주시,탑대성동,"('청주시', '탑대성동')"
탑대성동,4311162000,탑대성동,청주시,2023,11398.0,2651.0,1012.0,2742.0,1194.0,23.258466397613617,8.878750658010178,24.05685207931216,10.475522021407263,9.341193180394946,22.09962506695233,29.69667318982388,2090.0,9335.0,10366.5,20.16109583755366,6.0,0.0,2.0,0.0,9.0,13.358,86.0,81.0,5.0,0.0,277.0,654.0,1597.0,59.0,14.011230040357958,3.6944270507201,0.5264081417792594,0.0,0.1754693805930865,0.0,7.54518336550272,0.4386734514827162,0.7896122126688893,1,1,-14.28571428571429,,-6.521739130434778,-0.0790444405410152,청주시,탑대성동,"('청주시', '탑대성동')","('청주시', '탑대성동')",탑·대성동,510.1,944.9,80.0,254.6,1180.0,1001.1,232.9,8.0,20.0,47.0,58.0,6.0,11.0,20.0,33.0,6.0,33.0,110.0,168.0,944.9,80.0,청주시,탑대성동,"('청주시', '탑대성동')"
탑대성동,4311162000,탑대성동,청주시,2024,11374.0,2606.0,1000.0,2875.0,1177.0,22.91190434323897,8.791981712678037,25.27694742394936,10.34816247582205,9.339085327866744,-0.2105632567117044,-1.6974726518295014,-9.0,11398.0,11386.0,-0.0790444405410152,7.0,0.0,2.0,0.0,9.0,13.358,89.0,83.0,7.0,0.0,279.0,677.0,1643.0,36.0,14.445225953930017,2.1911138161898966,0.6154387198874627,0.0,0.1758396342535607,0.0,7.824863724283454,0.6154387198874627,0.7912783541410233,1,1,16.666666666666675,,3.488372093023262,-0.8576101852261174,청주시,탑대성동,"('청주시', '탑대성동')","('청주시', '탑대성동')",탑·대성동,510.1,944.9,80.0,254.6,1180.0,1001.1,232.9,8.0,20.0,47.0,58.0,6.0,11.0,20.0,33.0,6.0,33.0,110.0,168.0,944.9,80.0,청주시,탑대성동,"('청주시', '탑대성동')"
학산면,4374038000,학산면,영동군,2017,2977.0,366.0,154.0,1201.0,163.0,12.294255962378232,5.17299294591871,40.3426268055089,5.475310715485389,7.998671361015776,0.3370407819346166,1.3850415512465464,43.0,2967.0,2972.0,1.4468371467025571,1.0,0.0,3.0,0.0,57.0,424.332,23.0,21.0,1.0,0.0,56.0,116.0,312.0,42.0,10.480349344978166,13.461538461538462,0.3359086328518643,0.0,1.0077258985555928,0.0,7.725898555592879,0.3359086328518643,19.146792072556263,1,1,0.0,,9.523809523809534,0.3041568097330179,영동군,학산면,"('영동군', '학산면')","('영동군', '학산면')",학산면,14503.9,16598.2,15003.8,734.4,14750.3,3086.3,879.1,0.0,0.0,0.0,2.0,0.0,0.0,0.0,4.0,1.0,2.0,4.0,12.0,11185.6,9424.9,영동군,학산면,"('영동군', '학산면')"
학산면,4374038000,학산면,영동군,2018,2941.0,344.0,156.0,1214.0,151.0,11.696701802108128,5.304318259095546,41.27847670860252,5.134308058483509,7.9865049385539955,-1.209271078266716,-6.010928961748629,9.0,2977.0,2959.0,0.3041568097330179,1.0,0.0,3.0,0.0,57.0,424.332,21.0,22.0,1.0,0.0,57.0,127.0,378.0,55.0,12.852771166269978,14.550264550264547,0.3400204012240734,0.0,1.0200612036722203,0.0,7.140428425705543,0.3400204012240734,19.381162869772183,1,1,0.0,,-8.695652173913048,-1.0678608336203927,영동군,학산면,"('영동군', '학산면')","('영동군', '학산면')",학산면,14503.9,16598.2,15003.8,734.4,14750.3,3086.3,879.1,0.0,0.0,0.0,2.0,0.0,0.0,0.0,4.0,1.0,2.0,4.0,12.0,11185.6,9424.9,영동군,학산면,"('영동군', '학산면')"
학산면,4374038000,학산면,영동군,2019,2865.0,303.0,139.0,1226.0,123.0,10.575916230366492,4.851657940663176,42.79232111692844,4.293193717277487,7.960323629148839,-2.584155049302961,-11.91860465116279,-31.0,2941.0,2903.0,-1.0678608336203927,1.0,0.0,3.0,0.0,57.0,424.332,22.0,25.0,1.0,0.0,64.0,132.0,374.0,48.0,13.054101221640488,12.834224598930485,0.3490401396160558,0.0,1.0471204188481678,0.0,7.678883071553228,0.3490401396160558,19.895287958115183,1,1,0.0,,4.761904761904767,1.329368549938779,영동군,학산면,"('영동군', '학산면')","('영동군', '학산면')",학산면,14503.9,16598.2,15003.8,734.4,14750.3,3086.3,879.1,0.0,0.0,0.0,2.0,0.0,0.0,0.0,4.0,1.0,2.0,4.0,12.0,11185.6,9424.9,영동군,학산면,"('영동군', '학산면')"
학산면,4374038000,학산면,영동군,2021,2739.0,247.0,114.0,1257.0,97.0,9.017889740781309,4.16210295728368,45.89266155531216,3.5414384811975177,7.915348169263078,-3.962131837307148,-15.410958904109584,-32.0,2852.0,2795.5,-1.144696834197818,1.0,0.0,3.0,0.0,57.0,424.332,22.0,24.0,2.0,0.0,64.0,256.0,619.0,64.0,22.599488864549105,10.339256865912764,0.3650967506389193,0.0,1.095290251916758,0.0,8.032128514056224,0.7301935012778387,20.8105147864184,1,1,0.0,,0.0,0.2212389380530973,영동군,학산면,"('영동군', '학산면')","('영동군', '학산면')",학산면,14503.9,16598.2,15003.8,734.4,14750.3,3086.3,879.1,0.0,0.0,0.0,2.0,0.0,0.0,0.0,4.0,1.0,2.0,4.0,12.0,11185.6,9424.9,영동군,학산면,"('영동군', '학산면')"
학산면,4374038000,학산면,영동군,2022,2685.0,217.0,97.0,1284.0,86.0,8.08193668528864,3.61266294227188,47.82122905027933,3.202979515828678,7.895436006942965,-1.9715224534501696,-12.145748987854256,6.0,2739.0,2712.0,0.2212389380530973,1.0,0.0,3.0,0.0,57.0,424.332,22.0,26.0,2.0,0.0,66.0,253.0,516.0,61.0,19.217877094972067,11.821705426356589,0.3724394785847299,0.0,1.11731843575419,0.0,8.193668528864059,0.7448789571694598,21.22905027932961,1,1,0.0,,0.0,1.1976047904191618,영동군,학산면,"('영동군', '학산면')","('영동군', '학산면')",학산면,14503.9,16598.2,15003.8,734.4,14750.3,3086.3,879.1,0.0,0.0,0.0,2.0,0.0,0.0,0.0,4.0,1.0,2.0,4.0,12.0,11185.6,9424.9,영동군,학산면,"('영동군', '학산면')"
학산면,4374038000,학산면,영동군,2023,2659.0,205.0,95.0,1294.0,82.0,7.709665287702144,3.5727717186912376,48.66491162091012,3.0838661150808573,7.88570539124302,-0.9683426443202968,-5.5299539170506895,32.0,2685.0,2672.0,1.1976047904191618,1.0,0.0,3.0,0.0,57.0,424.332,20.0,24.0,2.0,0.0,60.0,272.0,531.0,45.0,19.969913501316285,8.47457627118644,0.376081233546446,0.0,1.128243700639338,0.0,7.52162467092892,0.7521624670928921,21.436630312147425,1,1,0.0,,-9.090909090909092,0.1523809523809524,영동군,학산면,"('영동군', '학산면')","('영동군', '학산면')",학산면,14503.9,16598.2,15003.8,734.4,14750.3,3086.3,879.1,0.0,0.0,0.0,2.0,0.0,0.0,0.0,4.0,1.0,2.0,4.0,12.0,11185.6,9424.9,영동군,학산면,"('영동군', '학산면')"
학산면,4374038000,학산면,영동군,2024,2591.0,189.0,67.0,1316.0,75.0,7.29448089540718,2.5858741798533385,50.7912003087611,2.89463527595523,7.85979918056211,-2.55735238811583,-7.804878048780484,4.0,2659.0,2625.0,0.1523809523809524,1.0,0.0,3.0,0.0,57.0,424.332,21.0,24.0,2.0,0.0,60.0,293.0,557.0,42.0,21.497491316094173,7.5403949730700175,0.3859513701273639,0.0,1.157854110382092,0.0,8.104978772674643,0.7719027402547279,21.999228097259746,1,1,0.0,,5.000000000000004,0.5048543689320388,영동군,학산면,"('영동군', '학산면')","('영동군', '학산면')",학산면,14503.9,16598.2,15003.8,734.4,14750.3,3086.3,879.1,0.0,0.0,0.0,2.0,0.0,0.0,0.0,4.0,1.0,2.0,4.0,12.0,11185.6,9424.9,영동군,학산면,"('영동군', '학산면')"
한수면,4315035000,한수면,제천시,2017,745.0,84.0,40.0,242.0,31.0,11.2751677852349,5.369127516778524,32.48322147651007,4.161073825503356,6.61338421837956,-2.994791666666663,-17.647058823529417,-10.0,768.0,756.5,-1.3218770654329148,0.0,0.0,2.0,0.0,63.0,135.962,24.0,32.0,1.0,0.0,82.0,121.0,325.0,10.0,43.62416107382551,3.076923076923077,0.0,0.0,2.684563758389262,0.0,32.214765100671144,1.342281879194631,84.56375838926175,1,1,,,14.28571428571428,-0.6779661016949152,제천시,한수면,"('제천시', '한수면')","('제천시', '한수면')",한수면,20017.7,29843.3,28124.2,824.1,21765.5,3977.0,559.8,0.0,0.0,0.0,0.0,0.0,0.0,0.0,0.0,1.0,1.0,1.0,8.0,24870.7,23165.9,제천시,한수면,"('제천시', '한수면')"
한수면,4315035000,한수면,제천시,2018,730.0,80.0,34.0,250.0,27.0,10.95890410958904,4.657534246575342,34.24657534246575,3.6986301369863015,6.593044534142437,-2.0134228187919434,-4.761904761904767,-5.0,745.0,737.5,-0.6779661016949152,0.0,0.0,2.0,0.0,63.0,135.962,27.0,32.0,0.0,0.0,87.0,125.0,323.0,8.0,44.24657534246575,2.476780185758514,0.0,0.0,2.73972602739726,0.0,36.98630136986301,0.0,86.30136986301369,1,1,,,12.5,-0.9702009702009702,제천시,한수면,"('제천시', '한수면')","('제천시', '한수면')",한수면,20017.7,29843.3,28124.2,824.1,21765.5,3977.0,559.8,0.0,0.0,0.0,0.0,0.0,0.0,0.0,0.0,1.0,1.0,1.0,8.0,24870.7,23165.9,제천시,한수면,"('제천시', '한수면')"
한수면,4315035000,한수면,제천시,2019,713.0,75.0,32.0,247.0,27.0,10.518934081346424,4.488078541374474,34.642356241234225,3.786816269284712,6.569481420414296,-2.328767123287667,-6.25,-7.0,730.0,721.5,-0.9702009702009702,0.0,0.0,2.0,0.0,63.0,135.962,27.0,31.0,0.0,0.0,88.0,129.0,369.0,8.0,51.7531556802244,2.168021680216802,0.0,0.0,2.805049088359046,0.0,37.86816269284712,0.0,88.35904628330995,1,1,,,0.0,0.2814919071076706,제천시,한수면,"('제천시', '한수면')","('제천시', '한수면')",한수면,20017.7,29843.3,28124.2,824.1,21765.5,3977.0,559.8,0.0,0.0,0.0,0.0,0.0,0.0,0.0,0.0,1.0,1.0,1.0,8.0,24870.7,23165.9,제천시,한수면,"('제천시', '한수면')"
한수면,4315035000,한수면,제천시,2021,700.0,64.0,35.0,273.0,22.0,9.142857142857142,5.0,39.0,3.1428571428571432,6.551080335043404,-1.1299435028248594,-5.882352941176472,12.0,708.0,704.0,1.7045454545454544,0.0,0.0,2.0,0.0,63.0,135.962,28.0,35.0,1.0,0.0,101.0,150.0,408.0,12.0,58.285714285714285,2.941176470588235,0.0,0.0,2.8571428571428568,0.0,40.0,1.4285714285714284,90.0,1,1,,,3.703703703703698,-0.580130529369108,제천시,한수면,"('제천시', '한수면')","('제천시', '한수면')",한수면,20017.7,29843.3,28124.2,824.1,21765.5,3977.0,559.8,0.0,0.0,0.0,0.0,0.0,0.0,0.0,0.0,1.0,1.0,1.0,8.0,24870.7,23165.9,제천시,한수면,"('제천시', '한수면')"
한수면,4315035000,한수면,제천시,2022,679.0,59.0,30.0,285.0,19.0,8.689248895434462,4.418262150220913,41.97349042709868,2.798232695139912,6.520621127558696,-3.0000000000000027,-7.8125,-4.0,700.0,689.5,-0.580130529369108,0.0,0.0,2.0,0.0,63.0,135.962,28.0,37.0,1.0,0.0,108.0,163.0,394.0,5.0,58.02650957290133,1.269035532994924,0.0,0.0,2.945508100147276,0.0,41.23711340206185,1.4727540500736378,92.7835051546392,1,1,,,0.0,-0.8982035928143712,제천시,한수면,"('제천시', '한수면')","('제천시', '한수면')",한수면,20017.7,29843.3,28124.2,824.1,21765.5,3977.0,559.8,0.0,0.0,0.0,0.0,0.0,0.0,0.0,0.0,1.0,1.0,1.0,8.0,24870.7,23165.9,제천시,한수면,"('제천시', '한수면')"
현도면,4311232000,현도면,청주시,2017,3730.0,552.0,176.0,1314.0,222.0,14.798927613941018,4.718498659517426,35.22788203753351,5.951742627345844,8.224163512637862,-2.202412165705292,-12.101910828025474,-33.0,3814.0,3772.0,-0.8748674443266171,1.0,1.0,4.0,0.0,23.0,399.07,88.0,70.0,0.0,1.0,199.0,566.0,4645.0,2601.0,124.53083109919572,55.995694294940805,0.2680965147453084,0.2680965147453084,1.0723860589812335,0.0,23.59249329758713,0.0,6.166219839142092,1,0,0.0,0.0,27.53623188405796,-1.5244317408466042,청주시,현도면,"('청주시', '현도면')","('청주시', '현도면')",현도면,5243.7,16538.5,2008.0,1671.7,8732.8,2348.0,797.1,0.0,0.0,2.0,52.0,0.0,0.0,0.0,27.0,2.0,2.0,5.0,120.0,12664.6,30.6,청주시,현도면,"('청주시', '현도면')"
현도면,4311232000,현도면,청주시,2018,3617.0,497.0,170.0,1299.0,201.0,13.740669062759192,4.700027647221455,35.91374066906276,5.557091512303013,8.193400231952097,-3.029490616621988,-9.96376811594203,-56.0,3730.0,3673.5,-1.5244317408466042,1.0,1.0,4.0,0.0,23.0,399.07,86.0,73.0,0.0,1.0,201.0,595.0,4759.0,2700.0,131.57312690074647,56.73460811094768,0.2764722145424385,0.2764722145424385,1.105888858169754,0.0,23.776610450649702,0.0,6.358860934476085,1,0,0.0,0.0,-2.2727272727272707,-0.7557732680195941,청주시,현도면,"('청주시', '현도면')","('청주시', '현도면')",현도면,5243.7,16538.5,2008.0,1671.7,8732.8,2348.0,797.1,0.0,0.0,2.0,52.0,0.0,0.0,0.0,27.0,2.0,2.0,5.0,120.0,12664.6,30.6,청주시,현도면,"('청주시', '현도면')"
현도면,4311232000,현도면,청주시,2019,3528.0,458.0,167.0,1317.0,188.0,12.981859410430838,4.733560090702948,37.32993197278912,5.328798185941043,8.168486417126681,-2.460602709427706,-7.847082494969815,-27.0,3617.0,3572.5,-0.7557732680195941,1.0,1.0,4.0,0.0,23.0,399.07,86.0,76.0,0.0,1.0,210.0,632.0,5127.0,2727.0,145.32312925170066,53.188999414862494,0.2834467120181406,0.2834467120181406,1.1337868480725624,0.0,24.37641723356009,0.0,6.519274376417234,1,0,0.0,0.0,0.0,-3.867403314917127,청주시,현도면,"('청주시', '현도면')","('청주시', '현도면')",현도면,5243.7,16538.5,2008.0,1671.7,8732.8,2348.0,797.1,0.0,0.0,2.0,52.0,0.0,0.0,0.0,27.0,2.0,2.0,5.0,120.0,12664.6,30.6,청주시,현도면,"('청주시', '현도면')"
현도면,4311232000,현도면,청주시,2021,3230.0,379.0,123.0,1356.0,161.0,11.73374613003096,3.808049535603715,41.98142414860681,4.984520123839009,8.080237416216702,-3.5820895522388096,-8.674698795180724,-40.0,3350.0,3290.0,-1.21580547112462,1.0,1.0,4.0,0.0,23.0,399.07,88.0,72.0,0.0,1.0,206.0,867.0,5169.0,2488.0,160.030959752322,48.133101180112206,0.3095975232198142,0.3095975232198142,1.238390092879257,0.0,27.24458204334365,0.0,7.120743034055728,1,0,0.0,0.0,6.024096385542177,0.2815139192993431,청주시,현도면,"('청주시', '현도면')","('청주시', '현도면')",현도면,5243.7,16538.5,2008.0,1671.7,8732.8,2348.0,797.1,0.0,0.0,2.0,52.0,0.0,0.0,0.0,27.0,2.0,2.0,5.0,120.0,12664.6,30.6,청주시,현도면,"('청주시', '현도면')"
현도면,4311232000,현도면,청주시,2022,3164.0,354.0,105.0,1405.0,149.0,11.188369152970925,3.3185840707964607,44.40581542351454,4.709228824273072,8.059592328887545,-2.043343653250773,-6.596306068601587,9.0,3230.0,3197.0,0.2815139192993431,1.0,1.0,4.0,0.0,23.0,399.07,89.0,75.0,0.0,1.0,210.0,824.0,5192.0,2555.0,164.0960809102402,49.21032357473035,0.3160556257901391,0.3160556257901391,1.2642225031605565,0.0,28.128950695322374,0.0,7.269279393173199,1,0,0.0,0.0,1.1363636363636465,-0.6737247353224254,청주시,현도면,"('청주시', '현도면')","('청주시', '현도면')",현도면,5243.7,16538.5,2008.0,1671.7,8732.8,2348.0,797.1,0.0,0.0,2.0,52.0,0.0,0.0,0.0,27.0,2.0,2.0,5.0,120.0,12664.6,30.6,청주시,현도면,"('청주시', '현도면')"
현도면,4311232000,현도면,청주시,2023,3070.0,319.0,80.0,1428.0,128.0,10.390879478827362,2.6058631921824107,46.51465798045603,4.169381107491857,8.029432840581244,-2.970922882427307,-9.887005649717516,-21.0,3164.0,3117.0,-0.6737247353224254,1.0,1.0,4.0,0.0,23.0,399.07,84.0,66.0,0.0,0.0,190.0,892.0,5572.0,2672.0,181.49837133550488,47.954055994257,0.3257328990228013,0.3257328990228013,1.3029315960912051,0.0,27.361563517915307,0.0,7.49185667752443,1,0,0.0,0.0,-5.61797752808989,-0.957095709570957,청주시,현도면,"('청주시', '현도면')","('청주시', '현도면')",현도면,5243.7,16538.5,2008.0,1671.7,8732.8,2348.0,797.1,0.0,0.0,2.0,52.0,0.0,0.0,0.0,27.0,2.0,2.0,5.0,120.0,12664.6,30.6,청주시,현도면,"('청주시', '현도면')"
현도면,4311232000,현도면,청주시,2024,2990.0,298.0,72.0,1460.0,128.0,9.966555183946488,2.4080267558528425,48.82943143812709,4.280936454849498,8.003028666384733,-2.605863192182412,-6.583072100313481,-29.0,3070.0,3030.0,-0.957095709570957,2.0,1.0,4.0,0.0,23.0,399.07,82.0,65.0,0.0,1.0,192.0,934.0,5244.0,2586.0,175.3846153846154,49.31350114416476,0.6688963210702341,0.334448160535117,1.3377926421404682,0.0,27.4247491638796,0.0,7.6923076923076925,1,0,100.0,0.0,-2.380952380952384,-0.8803114948366344,청주시,현도면,"('청주시', '현도면')","('청주시', '현도면')",현도면,5243.7,16538.5,2008.0,1671.7,8732.8,2348.0,797.1,0.0,0.0,2.0,52.0,0.0,0.0,0.0,27.0,2.0,2.0,5.0,120.0,12664.6,30.6,청주시,현도면,"('청주시', '현도면')"
호암직동,4313058000,호암.직동,충주시,2017,10375.0,2545.0,1431.0,1150.0,1211.0,24.53012048192771,13.79277108433735,11.08433734939759,11.672289156626508,9.2471543450989,-1.649445445065878,-2.676864244741872,-148.0,10549.0,10462.0,-1.4146434716115466,7.0,1.0,7.0,2.0,58.0,104.923,37.0,77.0,28.0,4.0,234.0,423.0,2809.0,60.0,27.074698795180723,2.135991456034176,0.6746987951807228,0.0963855421686746,0.6746987951807228,0.1927710843373493,3.566265060240964,2.698795180722892,5.590361445783133,0,0,0.0,0.0,12.12121212121211,-6.506252179544663,충주시,호암직동,"('충주시', '호암직동')","('충주시', '호암직동')",호암·직동,1749.1,3213.3,1309.4,183.5,954.8,714.4,176.1,0.0,0.0,5.0,11.0,1.0,3.0,8.0,10.0,3.0,7.0,19.0,31.0,3029.4,1144.4,충주시,호암직동,"('충주시', '호암직동')"
호암직동,4313058000,호암.직동,충주시,2019,16583.0,4340.0,3018.0,1564.0,2109.0,26.171380329252848,18.19936079117168,9.43134535367545,12.717843574745222,9.7161333532141,70.9940193854403,87.63510592304367,6887.0,9698.0,13140.5,52.41048666336897,7.0,1.0,7.0,2.0,58.0,104.923,51.0,95.0,38.0,4.0,292.0,581.0,3257.0,71.0,19.64059579087017,2.1799201719373653,0.4221190375685943,0.0603027196526563,0.4221190375685943,0.1206054393053126,3.075438702285473,2.291503346800941,3.497557739854068,0,0,0.0,0.0,18.60465116279071,9.36182417897605,충주시,호암직동,"('충주시', '호암직동')","('충주시', '호암직동')",호암·직동,1749.1,3213.3,1309.4,183.5,954.8,714.4,176.1,0.0,0.0,5.0,11.0,1.0,3.0,8.0,10.0,3.0,7.0,19.0,31.0,3029.4,1144.4,충주시,호암직동,"('충주시', '호암직동')"
호암직동,4313058000,호암.직동,충주시,2021,19987.0,5461.0,3409.0,2041.0,2585.0,27.322759793866013,17.056086456196528,10.211637564416872,12.933406714364338,9.90283734119454,9.32611311672684,13.770833333333332,1658.0,18282.0,19134.5,8.664976874232408,11.0,1.0,8.0,2.0,58.0,104.923,80.0,184.0,68.0,8.0,493.0,1257.0,4852.0,72.0,24.27577925651673,1.483924154987634,0.550357732526142,0.0500325211387401,0.4002601691099214,0.1000650422774803,4.002601691099216,3.402211437434332,2.9018862260469303,0,0,0.0,-50.0,23.076923076923084,2.05930399485174,충주시,호암직동,"('충주시', '호암직동')","('충주시', '호암직동')",호암·직동,1749.1,3213.3,1309.4,183.5,954.8,714.4,176.1,0.0,0.0,5.0,11.0,1.0,3.0,8.0,10.0,3.0,7.0,19.0,31.0,3029.4,1144.4,충주시,호암직동,"('충주시', '호암직동')"
호암직동,4313058000,호암.직동,충주시,2022,20415.0,5471.0,3348.0,2187.0,2607.0,26.798922361009065,16.399706098457017,10.712711241734018,12.770022042615722,9.924025203753676,2.141391904738077,0.1831166453030608,416.0,19987.0,20201.0,2.05930399485174,10.0,1.0,8.0,2.0,58.0,104.923,96.0,213.0,80.0,10.0,573.0,1443.0,5305.0,91.0,25.985794758755816,1.715362865221489,0.4898359049718344,0.0489835904971834,0.3918687239774676,0.0979671809943669,4.702424687729611,3.918687239774675,2.8410482488366395,0,0,-9.090909090909092,0.0,20.0,7.780255898579645,충주시,호암직동,"('충주시', '호암직동')","('충주시', '호암직동')",호암·직동,1749.1,3213.3,1309.4,183.5,954.8,714.4,176.1,0.0,0.0,5.0,11.0,1.0,3.0,8.0,10.0,3.0,7.0,19.0,31.0,3029.4,1144.4,충주시,호암직동,"('충주시', '호암직동')"
호암직동,4313058000,호암.직동,충주시,2023,22180.0,6225.0,3582.0,2391.0,2964.0,28.06582506762849,16.149684400360687,10.779981965734896,13.363390441839496,10.00694626090436,8.64560372275287,13.781758362273798,1657.0,20415.0,21297.5,7.780255898579645,11.0,1.0,8.0,3.0,58.0,104.923,92.0,242.0,63.0,9.0,579.0,1601.0,5665.0,92.0,25.54102795311092,1.624007060900265,0.4959422903516681,0.0450856627592425,0.3606853020739404,0.1352569882777276,4.147880973850316,2.840396753832281,2.614968440036068,0,0,10.000000000000009,0.0,-4.166666666666663,-0.0720347567701416,충주시,호암직동,"('충주시', '호암직동')","('충주시', '호암직동')",호암·직동,1749.1,3213.3,1309.4,183.5,954.8,714.4,176.1,0.0,0.0,5.0,11.0,1.0,3.0,8.0,10.0,3.0,7.0,19.0,31.0,3029.4,1144.4,충주시,호암직동,"('충주시', '호암직동')"
호암직동,4313058000,호암.직동,충주시,2024,22243.0,6057.0,3501.0,2575.0,2904.0,27.23103897855505,15.739783302612055,11.576675808119408,13.055792833700492,10.00978263135373,0.2840396753832186,-2.6987951807228905,-16.0,22180.0,22211.5,-0.0720347567701416,12.0,1.0,8.0,3.0,58.0,104.923,98.0,258.0,58.0,9.0,589.0,1812.0,5899.0,89.0,26.520703142561704,1.5087302932700457,0.5394955716405161,0.0449579643033763,0.3596637144270107,0.134873892910129,4.4058805017308815,2.607561929595828,2.607561929595828,0,0,9.090909090909085,0.0,6.521739130434789,-1.7201575302159249,충주시,호암직동,"('충주시', '호암직동')","('충주시', '호암직동')",호암·직동,1749.1,3213.3,1309.4,183.5,954.8,714.4,176.1,0.0,0.0,5.0,11.0,1.0,3.0,8.0,10.0,3.0,7.0,19.0,31.0,3029.4,1144.4,충주시,호암직동,"('충주시', '호암직동')"
화산동,4315060500,화산동,제천시,2017,15788.0,4222.0,2472.0,2349.0,2001.0,26.741829237395493,15.657461363060552,14.878388649607295,12.674182923739547,9.667005436782738,13.509238622474662,16.758849557522115,1810.0,13909.0,14848.5,12.189783479812776,7.0,0.0,2.0,2.0,59.0,138.65,203.0,198.0,23.0,2.0,634.0,1456.0,5817.0,772.0,36.84443881428933,13.271445762420491,0.4433747149733975,0.0,0.1266784899923992,0.1266784899923992,12.857866734228526,1.4568026349125918,3.737015454775779,0,1,0.0,,10.92896174863387,-0.265713472305697,제천시,화산동,"('제천시', '화산동')","('제천시', '화산동')",화산동,1721.0,2574.3,1090.7,467.2,1887.2,962.4,256.9,1.0,3.0,8.0,9.0,0.0,3.0,11.0,14.0,2.0,6.0,22.0,35.0,1844.3,43.1,제천시,화산동,"('제천시', '화산동')"
화산동,4315060500,화산동,제천시,2018,15825.0,4119.0,2517.0,2433.0,1965.0,26.028436018957347,15.90521327014218,15.374407582938389,12.417061611374407,9.669346247012378,0.2343552064859366,-2.439602084320225,-42.0,15788.0,15806.5,-0.265713472305697,9.0,0.0,2.0,2.0,59.0,138.65,224.0,224.0,27.0,2.0,704.0,1529.0,6124.0,812.0,38.69826224328594,13.25930764206401,0.5687203791469195,0.0,0.1263823064770932,0.1263823064770932,14.15481832543444,1.7061611374407584,3.72827804107425,0,1,28.57142857142858,,10.344827586206897,-2.5225110160291204,제천시,화산동,"('제천시', '화산동')","('제천시', '화산동')",화산동,1721.0,2574.3,1090.7,467.2,1887.2,962.4,256.9,1.0,3.0,8.0,9.0,0.0,3.0,11.0,14.0,2.0,6.0,22.0,35.0,1844.3,43.1,제천시,화산동,"('제천시', '화산동')"
화산동,4315060500,화산동,제천시,2019,15493.0,3900.0,2388.0,2527.0,1873.0,25.17265862002194,15.413412508874975,16.310591880203962,12.08933066546182,9.648143587996293,-2.0979462875197474,-5.3168244719592135,-395.0,15825.0,15659.0,-2.5225110160291204,10.0,0.0,2.0,2.0,59.0,138.65,233.0,233.0,34.0,2.0,743.0,1543.0,6046.0,711.0,39.02407538888531,11.759841217333774,0.6454527851287678,0.0,0.1290905570257535,0.1290905570257535,15.03904989350029,2.194539469437811,3.80817143225973,0,1,11.111111111111116,,4.01785714285714,-1.147339080832307,제천시,화산동,"('제천시', '화산동')","('제천시', '화산동')",화산동,1721.0,2574.3,1090.7,467.2,1887.2,962.4,256.9,1.0,3.0,8.0,9.0,0.0,3.0,11.0,14.0,2.0,6.0,22.0,35.0,1844.3,43.1,제천시,화산동,"('제천시', '화산동')"
화산동,4315060500,화산동,제천시,2021,15234.0,3528.0,2357.0,2767.0,1667.0,23.158723907050017,15.471970592096628,18.16331889195221,10.942628331364054,9.631285050932734,-0.8267690905540026,-6.986554178750327,-98.0,15361.0,15297.5,-0.6406275535218173,10.0,0.0,2.0,2.0,59.0,138.65,234.0,260.0,42.0,5.0,812.0,2285.0,6579.0,616.0,43.18629381646317,9.36312509499924,0.6564264145989235,0.0,0.1312852829197847,0.1312852829197847,15.36037810161481,2.7569909413154785,3.872915846133649,0,1,0.0,,0.8620689655172376,-0.9643647412398032,제천시,화산동,"('제천시', '화산동')","('제천시', '화산동')",화산동,1721.0,2574.3,1090.7,467.2,1887.2,962.4,256.9,1.0,3.0,8.0,9.0,0.0,3.0,11.0,14.0,2.0,6.0,22.0,35.0,1844.3,43.1,제천시,화산동,"('제천시', '화산동')"
화산동,4315060500,화산동,제천시,2022,15045.0,3320.0,2245.0,2908.0,1559.0,22.06713193752077,14.92190096377534,19.32868062479229,10.362246593552674,9.618800989064146,-1.2406459235919651,-5.895691609977327,-146.0,15234.0,15139.5,-0.9643647412398032,9.0,0.0,2.0,2.0,59.0,138.65,238.0,260.0,46.0,5.0,832.0,2304.0,6401.0,664.0,42.54569624459953,10.373379159506326,0.5982053838484546,0.0,0.132934529744101,0.132934529744101,15.81920903954802,3.057494184114324,3.92156862745098,0,1,-9.999999999999998,,1.709401709401703,-0.4666511116296123,제천시,화산동,"('제천시', '화산동')","('제천시', '화산동')",화산동,1721.0,2574.3,1090.7,467.2,1887.2,962.4,256.9,1.0,3.0,8.0,9.0,0.0,3.0,11.0,14.0,2.0,6.0,22.0,35.0,1844.3,43.1,제천시,화산동,"('제천시', '화산동')"
화산동,4315060500,화산동,제천시,2023,14956.0,3130.0,2166.0,3085.0,1460.0,20.928055629847552,14.482481947044665,20.627173040920034,9.76196844075956,9.612867836097005,-0.5915586573612464,-5.722891566265065,-70.0,15045.0,15000.5,-0.4666511116296123,9.0,0.0,2.0,2.0,59.0,138.65,224.0,241.0,22.0,3.0,758.0,2327.0,6416.0,628.0,42.89917090131051,9.788029925187033,0.6017651778550415,0.0,0.133725595078898,0.133725595078898,14.97726664883659,1.470981545867879,3.9449050548274944,0,1,0.0,,-5.882352941176472,-1.7632156730282047,제천시,화산동,"('제천시', '화산동')","('제천시', '화산동')",화산동,1721.0,2574.3,1090.7,467.2,1887.2,962.4,256.9,1.0,3.0,8.0,9.0,0.0,3.0,11.0,14.0,2.0,6.0,22.0,35.0,1844.3,43.1,제천시,화산동,"('제천시', '화산동')"
화산동,4315060500,화산동,제천시,2024,14649.0,2973.0,2034.0,3190.0,1367.0,20.29490067581405,13.884906819578127,21.776230459417025,9.331694996245478,9.59212735272977,-2.0526878844610907,-5.015974440894566,-261.0,14956.0,14802.5,-1.7632156730282047,9.0,0.0,2.0,2.0,59.0,138.65,217.0,243.0,22.0,3.0,745.0,2356.0,6277.0,602.0,42.84934125196259,9.59056874303011,0.6143764079459348,0.0,0.1365280906546522,0.1365280906546522,14.81329783602976,1.501808997201174,4.02757867431224,0,1,0.0,,-3.125,-2.625926695766646,제천시,화산동,"('제천시', '화산동')","('제천시', '화산동')",화산동,1721.0,2574.3,1090.7,467.2,1887.2,962.4,256.9,1.0,3.0,8.0,9.0,0.0,3.0,11.0,14.0,2.0,6.0,22.0,35.0,1844.3,43.1,제천시,화산동,"('제천시', '화산동')"
황간면,4374032000,황간면,영동군,2017,4646.0,751.0,342.0,1460.0,345.0,16.164442531209644,7.361170899698665,31.42488161859664,7.425742574257425,8.443761913330354,-0.492610837438423,-0.3978779840848823,27.0,4669.0,4657.5,0.5797101449275363,1.0,0.0,2.0,0.0,87.0,592.297,73.0,72.0,3.0,5.0,211.0,346.0,1260.0,364.0,27.12010331467929,28.88888888888889,0.2152389151958674,0.0,0.4304778303917348,0.0,15.71244080929832,0.6457167455876023,18.725785622040465,1,1,0.0,,10.606060606060597,-1.658302421994327,영동군,황간면,"('영동군', '황간면')","('영동군', '황간면')",황간면,16748.0,16783.0,15498.1,775.7,7925.5,2474.1,731.7,0.0,0.0,0.0,2.0,0.0,0.0,1.0,5.0,2.0,3.0,4.0,17.0,10704.3,9921.3,영동군,황간면,"('영동군', '황간면')"
황간면,4374032000,황간면,영동군,2018,4520.0,679.0,323.0,1458.0,299.0,15.02212389380531,7.146017699115044,32.256637168141594,6.61504424778761,8.416267272826277,-2.712010331467929,-9.58721704394141,-76.0,4646.0,4583.0,-1.658302421994327,1.0,0.0,2.0,0.0,87.0,592.297,75.0,75.0,4.0,5.0,222.0,355.0,1328.0,351.0,29.38053097345133,26.430722891566266,0.2212389380530973,0.0,0.4424778761061947,0.0,16.592920353982304,0.8849557522123894,19.247787610619472,1,1,0.0,,2.7397260273972712,-0.7826475849731663,영동군,황간면,"('영동군', '황간면')","('영동군', '황간면')",황간면,16748.0,16783.0,15498.1,775.7,7925.5,2474.1,731.7,0.0,0.0,0.0,2.0,0.0,0.0,1.0,5.0,2.0,3.0,4.0,17.0,10704.3,9921.3,영동군,황간면,"('영동군', '황간면')"
황간면,4374032000,황간면,영동군,2019,4424.0,636.0,316.0,1484.0,279.0,14.37613019891501,7.142857142857142,33.54430379746836,6.306509945750452,8.39479954320217,-2.12389380530974,-6.332842415316642,-35.0,4520.0,4472.0,-0.7826475849731663,1.0,0.0,3.0,0.0,87.0,592.297,77.0,78.0,5.0,5.0,222.0,360.0,1382.0,340.0,31.23869801084991,24.60202604920405,0.2260397830018083,0.0,0.6781193490054249,0.0,17.40506329113924,1.1301989150090417,19.66546112115732,1,1,0.0,,2.6666666666666616,0.0,영동군,황간면,"('영동군', '황간면')","('영동군', '황간면')",황간면,16748.0,16783.0,15498.1,775.7,7925.5,2474.1,731.7,0.0,0.0,0.0,2.0,0.0,0.0,1.0,5.0,2.0,3.0,4.0,17.0,10704.3,9921.3,영동군,황간면,"('영동군', '황간면')"
황간면,4374032000,황간면,영동군,2021,4208.0,492.0,283.0,1574.0,219.0,11.692015209125476,6.725285171102661,37.40494296577947,5.2043726235741445,8.344742754417545,-3.839122486288848,-12.611012433392544,-88.0,4376.0,4292.0,-2.050326188257223,1.0,0.0,3.0,0.0,87.0,592.297,78.0,90.0,6.0,7.0,244.0,540.0,1519.0,291.0,36.097908745247146,19.15734035549704,0.2376425855513307,0.0,0.7129277566539924,0.0,18.5361216730038,1.4258555133079849,20.67490494296577,1,1,0.0,,-1.2658227848101222,-1.7673405156760684,영동군,황간면,"('영동군', '황간면')","('영동군', '황간면')",황간면,16748.0,16783.0,15498.1,775.7,7925.5,2474.1,731.7,0.0,0.0,0.0,2.0,0.0,0.0,1.0,5.0,2.0,3.0,4.0,17.0,10704.3,9921.3,영동군,황간면,"('영동군', '황간면')"
황간면,4374032000,황간면,영동군,2022,4053.0,448.0,247.0,1606.0,196.0,11.053540587219343,6.094251171971379,39.62496915864792,4.835924006908464,8.307212626628308,-3.6834600760456304,-8.943089430894313,-73.0,4208.0,4130.5,-1.7673405156760684,1.0,0.0,3.0,0.0,87.0,592.297,78.0,95.0,8.0,6.0,249.0,522.0,1454.0,267.0,35.874660745127066,18.363136176066025,0.2467308166790031,0.0,0.7401924500370095,0.0,19.24500370096225,1.9738465334320248,21.46558105107328,1,1,0.0,,0.0,0.1990297300659285,영동군,황간면,"('영동군', '황간면')","('영동군', '황간면')",황간면,16748.0,16783.0,15498.1,775.7,7925.5,2474.1,731.7,0.0,0.0,0.0,2.0,0.0,0.0,1.0,5.0,2.0,3.0,4.0,17.0,10704.3,9921.3,영동군,황간면,"('영동군', '황간면')"
황간면,4374032000,황간면,영동군,2023,3986.0,415.0,235.0,1621.0,181.0,10.411440040140493,5.895634721525338,40.66733567486202,4.5408931259407925,8.29054350077274,-1.6530964717493268,-7.366071428571431,8.0,4053.0,4019.5,0.1990297300659285,1.0,0.0,3.0,0.0,87.0,592.297,49.0,86.0,6.0,1.0,208.0,554.0,1572.0,262.0,39.43803311590567,16.666666666666664,0.2508780732563974,0.0,0.7526342197691922,0.0,12.29302558956347,1.5052684395383844,21.82639237330657,1,1,0.0,,-37.17948717948718,-0.7602635580334516,영동군,황간면,"('영동군', '황간면')","('영동군', '황간면')",황간면,16748.0,16783.0,15498.1,775.7,7925.5,2474.1,731.7,0.0,0.0,0.0,2.0,0.0,0.0,1.0,5.0,2.0,3.0,4.0,17.0,10704.3,9921.3,영동군,황간면,"('영동군', '황간면')"
황간면,4374032000,황간면,영동군,2024,3906.0,395.0,202.0,1688.0,170.0,10.112647209421404,5.171530977982591,43.21556579621096,4.352278545826933,8.270269111436624,-2.007024586051176,-4.81927710843374,-30.0,3986.0,3946.0,-0.7602635580334516,1.0,0.0,3.0,0.0,87.0,592.297,47.0,90.0,4.0,2.0,205.0,561.0,1517.0,250.0,38.83768561187916,16.479894528675015,0.2560163850486431,0.0,0.7680491551459294,0.0,12.032770097286225,1.0240655401945724,22.27342549923195,1,1,0.0,,-4.081632653061229,-0.0257599175682637,영동군,황간면,"('영동군', '황간면')","('영동군', '황간면')",황간면,16748.0,16783.0,15498.1,775.7,7925.5,2474.1,731.7,0.0,0.0,0.0,2.0,0.0,0.0,1.0,5.0,2.0,3.0,4.0,17.0,10704.3,9921.3,영동군,황간면,"('영동군', '황간면')"
회인면,4372038500,회인면,보은군,2017,1910.0,214.0,108.0,791.0,84.0,11.204188481675391,5.654450261780105,41.41361256544502,4.397905759162303,7.554858521040676,0.0,-4.035874439461884,21.0,1910.0,1910.0,1.099476439790576,1.0,0.0,2.0,1.0,84.0,382.15,27.0,18.0,1.0,0.0,52.0,101.0,246.0,13.0,12.87958115183246,5.284552845528456,0.5235602094240839,0.0,1.0471204188481678,0.5235602094240839,14.136125654450264,0.5235602094240839,43.97905759162303,0,1,0.0,,3.846153846153855,2.034959561701017,보은군,회인면,"('보은군', '회인면')","('보은군', '회인면')",회인면,10886.8,13790.2,13682.6,781.7,2852.4,2692.7,829.8,0.0,0.0,0.0,34.0,1.0,1.0,2.0,17.0,2.0,2.0,5.0,78.0,8079.5,7973.0,보은군,회인면,"('보은군', '회인면')"
회인면,4372038500,회인면,보은군,2018,1923.0,219.0,112.0,800.0,91.0,11.388455538221528,5.824232969318772,41.60166406656266,4.732189287571503,7.56164174558878,0.6806282722513046,2.336448598130847,39.0,1910.0,1916.5,2.034959561701017,1.0,0.0,2.0,1.0,84.0,382.15,26.0,17.0,1.0,0.0,52.0,103.0,255.0,14.0,13.260530421216847,5.490196078431373,0.5200208008320333,0.0,1.0400416016640666,0.5200208008320333,13.520540821632864,0.5200208008320333,43.68174726989079,0,1,0.0,,-3.703703703703709,-2.8823058446757406,보은군,회인면,"('보은군', '회인면')","('보은군', '회인면')",회인면,10886.8,13790.2,13682.6,781.7,2852.4,2692.7,829.8,0.0,0.0,0.0,34.0,1.0,1.0,2.0,17.0,2.0,2.0,5.0,78.0,8079.5,7973.0,보은군,회인면,"('보은군', '회인면')"
회인면,4372038500,회인면,보은군,2019,1824.0,178.0,104.0,798.0,78.0,9.758771929824562,5.701754385964912,43.75,4.276315789473684,7.508787170634276,-5.148205928237126,-18.72146118721461,-54.0,1923.0,1873.5,-2.8823058446757406,1.0,0.0,2.0,1.0,84.0,382.15,25.0,18.0,1.0,0.0,53.0,97.0,268.0,16.0,14.692982456140353,5.970149253731343,0.5482456140350876,0.0,1.0964912280701753,0.5482456140350876,13.706140350877192,0.5482456140350876,46.05263157894736,0,1,0.0,,-3.846153846153844,-1.3381655979927516,보은군,회인면,"('보은군', '회인면')","('보은군', '회인면')",회인면,10886.8,13790.2,13682.6,781.7,2852.4,2692.7,829.8,0.0,0.0,0.0,34.0,1.0,1.0,2.0,17.0,2.0,2.0,5.0,78.0,8079.5,7973.0,보은군,회인면,"('보은군', '회인면')"
회인면,4372038500,회인면,보은군,2021,1726.0,140.0,87.0,809.0,54.0,8.111239860950175,5.040556199304751,46.871378910776365,3.1286210892236386,7.453561871643373,-2.098695405558704,-3.4482758620689613,5.0,1763.0,1744.5,0.2866150759529951,0.0,0.0,2.0,1.0,84.0,382.15,22.0,19.0,1.0,0.0,51.0,151.0,357.0,22.0,20.683661645422944,6.162464985994398,0.0,0.0,1.1587485515643106,0.5793742757821553,12.746234067207416,0.5793742757821553,48.66743916570105,0,1,-100.0,,-8.333333333333337,0.7566938300349243,보은군,회인면,"('보은군', '회인면')","('보은군', '회인면')",회인면,10886.8,13790.2,13682.6,781.7,2852.4,2692.7,829.8,0.0,0.0,0.0,34.0,1.0,1.0,2.0,17.0,2.0,2.0,5.0,78.0,8079.5,7973.0,보은군,회인면,"('보은군', '회인면')"
회인면,4372038500,회인면,보은군,2022,1710.0,127.0,82.0,831.0,47.0,7.426900584795322,4.7953216374269,48.59649122807018,2.7485380116959064,7.444248649496705,-0.9269988412514474,-9.285714285714286,13.0,1726.0,1718.0,0.7566938300349243,0.0,0.0,2.0,1.0,84.0,382.15,22.0,19.0,1.0,0.0,52.0,140.0,337.0,17.0,19.70760233918129,5.044510385756676,0.0,0.0,1.169590643274854,0.584795321637427,12.865497076023392,0.584795321637427,49.12280701754386,0,1,,,0.0,2.105878911962562,보은군,회인면,"('보은군', '회인면')","('보은군', '회인면')",회인면,10886.8,13790.2,13682.6,781.7,2852.4,2692.7,829.8,0.0,0.0,0.0,34.0,1.0,1.0,2.0,17.0,2.0,2.0,5.0,78.0,8079.5,7973.0,보은군,회인면,"('보은군', '회인면')"
회인면,4372038500,회인면,보은군,2023,1709.0,118.0,80.0,838.0,44.0,6.904622586307782,4.681100058513751,49.03452311293154,2.574605032182563,7.443663683115591,-0.0584795321637465,-7.0866141732283445,36.0,1710.0,1709.5,2.105878911962562,0.0,0.0,2.0,1.0,84.0,382.15,19.0,22.0,1.0,0.0,57.0,161.0,358.0,31.0,20.947922761849032,8.659217877094973,0.0,0.0,1.1702750146284375,0.5851375073142189,11.117612638970158,0.5851375073142189,49.15155061439439,0,1,,,-13.636363636363637,-0.2361972246826099,보은군,회인면,"('보은군', '회인면')","('보은군', '회인면')",회인면,10886.8,13790.2,13682.6,781.7,2852.4,2692.7,829.8,0.0,0.0,0.0,34.0,1.0,1.0,2.0,17.0,2.0,2.0,5.0,78.0,8079.5,7973.0,보은군,회인면,"('보은군', '회인면')"
회인면,4372038500,회인면,보은군,2024,1678.0,105.0,70.0,870.0,41.0,6.257449344457688,4.171632896305125,51.84743742550656,2.443384982121573,7.425357887027151,-1.8139262726740824,-11.016949152542376,-4.0,1709.0,1693.5,-0.2361972246826099,0.0,0.0,2.0,1.0,84.0,382.15,18.0,20.0,1.0,0.0,55.0,175.0,358.0,22.0,21.33492252681764,6.145251396648044,0.0,0.0,1.1918951132300355,0.5959475566150179,10.72705601907032,0.5959475566150179,50.05959475566151,0,1,,,-5.263157894736848,1.7318602567930723,보은군,회인면,"('보은군', '회인면')","('보은군', '회인면')",회인면,10886.8,13790.2,13682.6,781.7,2852.4,2692.7,829.8,0.0,0.0,0.0,34.0,1.0,1.0,2.0,17.0,2.0,2.0,5.0,78.0,8079.5,7973.0,보은군,회인면,"('보은군', '회인면')"
